entry_date,symbol,entry_price,shares,investment_amount,probability,darvas_breakout_up,feature_RSI_14,feature_VOL_20,feature_NORM_ATR,feature_volume_ratio,feature_darvas_high,feature_darvas_low,feature_ema_9_21_diff,feature_ema_50_200_diff,feature_NORM_BB
02-01-2019,NSE:CAPLIPOINT-EQ,382.75,130,49757.5,,0,27.73109244,0.010732789,0.019044509,0.845868825,489.75,398.85,-0.015455958,-0.148041991,0.261069731
02-01-2019,NSE:RAJESHEXPO-EQ,572.45,78,44651.1,,0,56.98924731,0.002571421,0.01462386,1.254700477,784.8,542.05,-4.23E-06,-0.084323609,0.85550656
08-01-2019,NSE:RAJESHEXPO-EQ,571.25,80,45700,,0,54.00843882,0.003444471,0.017480463,0.670056776,604.95,562,0.001163753,-0.082490839,0.489596324
14-01-2019,NSE:GODREJAGRO-EQ,494.6,103,50943.8,,0,39.56228956,0.005982836,0.011871065,0.673160374,660,590.55,-0.00525973,-0.101291093,0.192044364
17-01-2019,NSE:COALINDIA-EQ,232.05,318,73791.9,,0,22.95514512,0.010337008,0.014298027,0.56111748,289.2,247.2,-0.01867164,-0.079516241,0.271793316
18-01-2019,NSE:CIPLA-EQ,509.4,55,28017,,0,36.08815427,0.006550481,0.014716193,0.963650969,678.45,612.6,-0.007011216,-0.084737675,0.178534283
22-01-2019,NSE:BBL-EQ,553.15,123,68037.45,,0,24.68612425,0.010039904,0.019365711,0.694846195,617,557.17,-0.009247109,-0.066774705,-0.000135137
24-01-2019,NSE:BBL-EQ,532.3,94,50036.2,,0,20.52192923,0.01089551,0.021750624,2.686304424,617,557.17,-0.01649448,-0.071807322,-0.158307149
24-01-2019,NSE:COALINDIA-EQ,223.85,204,45665.4,,0,12.46290801,0.008644968,0.01329015,0.782926216,289.2,247.2,-0.021732357,-0.090046167,0.023993523
28-01-2019,NSE:HAL-EQ,366.4,138,50563.2,,0,14.8175726,0.011529163,0.019327043,0.258019384,474,382.5,-0.017629668,-0.128196562,-0.036435818
28-01-2019,NSE:CHOLAFIN-EQ,225.67,204,46036.68,,0,24.51751251,0.011182608,0.026910343,0.584440207,277.98,243.6,-0.021528772,-0.081953952,0.042892989
30-01-2019,NSE:MARICO-EQ,365.9,133,48664.7,,0,9.230769231,0.009009592,0.020575489,1.262235013,396.6,360.65,-0.007591879,0.058101177,0.052661106
04-02-2019,NSE:GABRIEL-EQ,146.6,482,70661.2,,0,56.69642857,0.006083908,0.020975443,0.687534959,143.65,118.35,0.009159808,-0.008986826,0.892308279
08-02-2019,NSE:HDFCBANK-EQ,530.66,91,48290.06,,0,43.98567119,0.008588783,0.014122575,1.155242525,539.85,517.25,0.001148257,0.029839549,0.651573778
13-02-2019,NSE:JAIBALAJI-EQ,2.58,24973,64430.34,,0,20.51282051,0.036637122,0.093300111,2.618636572,4.36,3.47,-0.103695278,0.139561792,-0.007227114
18-02-2019,NSE:APOLLOHOSP-EQ,1116.85,50,55842.5,,0,24.12963487,0.02908319,0.047307798,1.257602257,1387.25,1090,-0.044379747,0.063550525,0.078898478
19-02-2019,NSE:LTTS-EQ,1415.6,32,45299.2,,0,19.22034919,0.016794874,0.032553082,2.032283851,1757.65,1503,-0.037321976,0.067154761,-0.013478542
11-03-2019,NSE:DBREALTY-EQ,20.85,3916,81648.6,,0,49.65986395,0.030947666,0.057382665,0.682635363,34.6,24.1,-0.034345355,-0.293418107,0.331904518
14-03-2019,NSE:IGARASHI-EQ,388.15,73,28334.95,,0,46.6523835,0.022615589,0.042886587,0.604937452,711.9,582,-0.034460654,-0.307496366,0.261286258
25-03-2019,NSE:HEG-EQ,402.09,66,26537.94,,0,43.00326989,0.025328835,0.040067433,0.550152467,991,770,-0.033303137,-0.305492434,0.057959448
01-04-2019,NSE:IMAGICAA-EQ,8.4,10182,85528.8,,0,42.85714286,0.044559014,0.070153061,0.495848751,38.7,31,-0.040344806,-1.283796353,0.194215446
02-04-2019,NSE:OPTIEMUS-EQ,101.4,202,20482.8,,0,50.4076087,0.029221478,0.053782756,0.801422919,125.2,95.55,-0.024346949,-0.313762082,0.744012086
08-04-2019,NSE:JAIBALAJI-EQ,7.57,12975,98220.75,,0,86.84931507,0.029426444,0.04397056,0.316817911,4.36,3.47,0.1194964,0.151872412,1.005804543
10-04-2019,NSE:IMAGICAA-EQ,8.95,10304,92220.8,,0,36.22047244,0.051247114,0.076616121,0.448528989,38.7,31,-0.014858585,-1.13391786,0.327896242
22-04-2019,NSE:IDEA-EQ,17.15,1144,19619.6,,0,44.02173913,0.043350468,0.060183257,0.646935073,21.35,14.9,-0.018871523,-0.379162113,0.503526033
30-04-2019,NSE:FDC-EQ,172.75,359,62017.25,,0,55.6802244,0.022710162,0.04050031,4.839326829,185.85,161.6,-0.00603053,-0.121621477,1.064605216
30-04-2019,NSE:ZEEL-EQ,432.6,95,41097,,0,62.45572609,0.021830658,0.03089294,1.230784936,488.95,414.05,-0.004708742,-0.075855683,0.883848692
03-05-2019,NSE:JKIL-EQ,132.45,298,39470.1,,0,28.31858407,0.024680631,0.055492639,1.493598759,177.4,150.05,-0.054540746,-0.17758169,0.337311658
15-05-2019,NSE:TIMETECHNO-EQ,79.7,707,56347.9,,0,22.04007286,0.027548675,0.0513981,8.242194715,108.7,97.25,-0.070268692,-0.228843326,0.206416837
21-05-2019,NSE:GANESHHOU-EQ,56.6,1269,71825.4,,0,44.26229508,0.029373478,0.047892479,1.288445456,72.6,50.5,-0.03651585,-0.223772701,0.488592279
23-05-2019,NSE:TIMETECHNO-EQ,85.8,638,54740.4,,0,47.73371105,0.042362029,0.066183816,0.896016418,108.7,97.25,-0.023167777,-0.214946682,0.534787654
29-05-2019,NSE:SPARC-EQ,152.1,531,80765.1,,0,44.90413724,0.029161975,0.056776557,1.17347905,203.9,178.95,-0.028609505,-0.410492793,0.463362235
30-05-2019,NSE:STLTECH-EQ,177.25,200,35450,,0,46.38386648,0.043273016,0.058311505,0.753696043,279.8,188.7,-0.027590286,-0.329644114,0.56484409
06-06-2019,NSE:ZYDUSLIFE-EQ,245.7,284,69778.8,,0,41.4893617,0.0257341,0.043636258,0.597612059,352.6,320.5,-0.04533813,-0.185484772,0.248962083
19-06-2019,NSE:OPTIEMUS-EQ,49.8,793,39491.4,,0,9.308283518,0.058355154,0.168387837,0.524320057,127.9,105.1,-0.335033259,-0.601043429,0.172483898
24-06-2019,NSE:ARVIND-EQ,62.5,1001,62562.5,,0,27.08333333,0.039825641,0.063371429,1.288982707,96.6,84.4,-0.066719183,-1.237394596,0.07455617
05-07-2019,NSE:TEJASNET-EQ,138.4,572,79164.8,,0,17.37089202,0.017256855,0.047404005,1.564610026,206,170,-0.068111709,-0.270061769,0.21274862
09-07-2019,NSE:OPTIEMUS-EQ,61.65,639,39394.35,,0,75.70498915,0.038179591,0.052774881,2.107693869,127.9,105.1,-0.044260909,-0.591264886,0.825799468
11-07-2019,NSE:REFEX-EQ,24.23,3141,76106.43,,0,85,0.042457547,0.047579742,0.410821075,10.25,7.45,0.110716136,0.241165887,1.051144857
15-07-2019,NSE:TEJASNET-EQ,137.45,524,72023.8,,0,36.69871795,0.019721773,0.047471808,2.729934583,206,170,-0.057259882,-0.290957581,0.368261515
15-07-2019,NSE:REFEX-EQ,24.17,1988,48049.96,,0,85.02269289,0.039206315,0.052160293,1.517866375,10.25,7.45,0.123077437,0.261259015,0.892037465
17-07-2019,NSE:AURIONPRO-EQ,53.88,827,44558.76,,0,41.72517553,0.017180408,0.041852264,1.260709358,79.38,58.93,-0.035259342,-0.171909695,0.403376779
22-07-2019,NSE:MAHSCOOTER-EQ,3899.1,10,38991,,0,17.03747073,0.019901785,0.041064421,1.540032771,4786,4130,-0.033601438,0.161264386,0.018287125
24-07-2019,NSE:ACE-EQ,76.65,874,66992.1,,0,9.907834101,0.018400501,0.043425589,0.694348261,115,93.8,-0.069729059,-0.113439992,0.100211495
26-07-2019,NSE:RAIN-EQ,96.85,602,58303.7,,0,49.64705882,0.023605196,0.041817243,2.790783802,147.8,96.5,-0.024610457,-0.297357571,0.642376381
30-07-2019,NSE:HSCL-EQ,82.1,756,62067.6,,0,17.84232365,0.02036645,0.047590047,0.831655373,116.5,99,-0.069703586,-0.177978994,0.213229824
30-07-2019,NSE:TIMETECHNO-EQ,78.8,523,41212.4,,0,23.93736018,0.019584233,0.050625453,1.156160494,103,89,-0.050575872,-0.172514321,0.231015195
01-08-2019,NSE:ASHOKLEY-EQ,34.42,1625,55932.5,,0,18.3109708,0.02306343,0.049078609,2.557161871,47.5,40.2,-0.069972802,-0.169238163,0.117962033
02-08-2019,NSE:NOCIL-EQ,88.8,587,52125.6,,0,24.69959947,0.028767528,0.057593308,1.138995307,141.9,113.25,-0.080738121,-0.283918118,0.250097587
07-08-2019,NSE:GUFICBIO-EQ,53.6,1013,54296.8,,0,10.86419753,0.023045232,0.086420576,1.181048466,93.95,74,-0.087106331,-0.258599484,0.13422232
08-08-2019,NSE:HINDCOPPER-EQ,32.65,1169,38167.85,,0,33.00492611,0.022983569,0.042222708,1.484375989,52.75,47.25,-0.054487692,-0.260907202,0.355428498
16-08-2019,NSE:SHAKTIPUMP-EQ,48.58,740,35949.2,,0,40.53254438,0.037016999,0.059327766,3.262719541,80,64.83,-0.066137341,-0.185848235,0.487182066
21-08-2019,NSE:JKTYRE-EQ,57.2,1005,57486,,0,24.5681382,0.039331003,0.05969031,1.382891428,99.65,89.2,-0.075463077,-0.315950468,0.302808039
05-09-2019,NSE:RAIN-EQ,84.15,633,53266.95,,0,53.58851675,0.020690553,0.039173245,1.098661889,147.8,96.5,-0.018806752,-0.347412298,0.749987176
11-09-2019,NSE:TCPLPACK-EQ,302,239,72178,,0,63.60879454,0.023349059,0.03807947,6.875991362,400,320.25,-0.00854815,-0.212729534,1.205222907
13-09-2019,NSE:CEMPRO-EQ,71.3,495,35293.5,,0,58.69565217,0.024539882,0.048387097,5.428876217,143.85,123.75,-0.023346582,-0.346303536,0.693189356
18-09-2019,NSE:TTML-EQ,3.35,17961,60169.35,,0,86.36363636,0.030693826,0.037313433,0.379841565,5.15,3.3,0.036672667,-0.151542771,1.111042389
20-09-2019,NSE:EDELWEISS-EQ,123.95,488,60487.6,,0,58.19761129,0.05811977,0.049530341,2.487818418,210.5,158.3,-0.030460816,-0.286306872,1.144792203
20-09-2019,NSE:LTF-EQ,99.1,405,40135.5,,0,61.01083032,0.034758731,0.040651578,2.059688236,137.85,106.3,-0.010138035,-0.21310077,1.040167218
24-09-2019,NSE:ASAHIINDIA-EQ,192.35,318,61167.3,,0,62.32394366,0.0270862,0.040086895,5.418782851,248,214.1,-0.006229475,-0.202427195,1.065879855
24-09-2019,NSE:SAREGAMA-EQ,36.62,1109,40611.58,,0,69.27437642,0.031322676,0.051806195,1.927951417,56.5,52.22,-0.026485978,-0.28927498,1.133144046
01-10-2019,NSE:NIACL-EQ,106.1,525,55702.5,,0,44.25956739,0.023313545,0.049346977,1.469442525,219,178,-0.011269283,-0.56403794,0.474369983
07-10-2019,NSE:IGARASHI-EQ,200,196,39200,,0,47.39084132,0.033827054,0.051553571,0.93039614,288.8,203.45,-0.014628779,-0.570848241,0.609851844
14-10-2019,NSE:TIMETECHNO-EQ,58.8,1045,61446,,0,36.43617021,0.027504967,0.050595238,0.529479083,103,89,-0.037763367,-0.362676398,0.325665434
15-10-2019,NSE:TATASTEEL-EQ,34.92,880,30729.6,,0,38.17114094,0.032699678,0.04334397,1.287978139,51.65,44.81,-0.0165989,-0.232403923,0.460692436
22-10-2019,NSE:SPARC-EQ,132.6,445,59007,,0,49.88610478,0.032968483,0.051255117,0.837682622,171.8,113.4,-0.027225856,-0.270182758,0.564493903
31-10-2019,NSE:SOUTHBANK-EQ,10.24,5120,52428.8,,0,74.17582418,0.019622216,0.026855469,2.882114125,11.48,9.09,-0.001138542,-0.213370723,1.197464165
04-11-2019,NSE:GRAVITA-EQ,42.05,1419,59668.95,,0,50.59288538,0.025851057,0.047052828,2.157495908,53.5,39.5,-0.012570712,-0.414935399,0.755506861
04-11-2019,NSE:CIEINDIA-EQ,152.55,259,39510.45,,0,62.06322795,0.022289676,0.045020368,1.875522683,182.7,138.85,-0.006092682,-0.244371593,0.655036974
08-11-2019,NSE:STLTECH-EQ,136.85,427,58434.95,,0,42.32488823,0.044788323,0.06002401,2.426520356,180,133,-0.023724416,-0.307500294,0.501917777
13-11-2019,NSE:RTNPOWER-EQ,1.75,22258,38951.5,,0,90,0.025986181,0.040816327,1.397115713,3.3,2.55,0.052975309,-0.344144722,0.901677867
14-11-2019,NSE:STLTECH-EQ,123.95,416,51563.2,,0,31.98653199,0.045939276,0.056474385,0.995515387,180,133,-0.02974202,-0.337685632,0.152761063
19-11-2019,NSE:CIEINDIA-EQ,147.7,284,41946.8,,0,27.51677852,0.016219365,0.038277396,1.344390308,182.7,138.85,-0.015489047,-0.249319554,0.348952529
02-12-2019,NSE:RTNINDIA-EQ,1.85,22877,42322.45,,0,64.28571429,0.02814328,0.042471042,2.314049001,2.5,1.5,0.040413197,-0.290668396,1.029223353
05-12-2019,NSE:TIMETECHNO-EQ,49.9,1132,56486.8,,0,15.32033426,0.026286175,0.056541655,0.596775035,69.6,50.35,-0.061106121,-0.391436042,0.213621203
06-12-2019,NSE:SOLARA-EQ,409.93,91,37303.63,,0,14.40592393,0.019043999,0.028118041,0.262887409,446.97,310.18,0.00973502,0.059509767,0.483894915
11-12-2019,NSE:OPTIEMUS-EQ,27.8,1897,52736.6,,0,10.11235955,0.042064625,0.099691675,0.618865755,57.95,28.2,-0.139472415,-1.034470451,0.098855305
11-12-2019,NSE:IRB-EQ,6.71,5224,35053.04,,0,9.734513274,0.03810959,0.050457739,1.092098656,9.39,5.62,-0.036880739,-0.373840302,0.174379403
24-12-2019,NSE:IFCI-EQ,6.75,9220,62235,,0,41.17647059,0.021846682,0.037037037,3.376941287,9.35,6.85,-0.027466188,-0.293796453,0.547471913
26-12-2019,NSE:TEJASNET-EQ,82.45,342,28197.9,,0,24.89451477,0.026974365,0.045525427,0.690572869,114,79.15,-0.031407982,-0.463480562,0.37865743
01-01-2020,NSE:IRB-EQ,7.31,4123,30139.13,,0,63.15789474,0.025921143,0.038010553,0.847073504,8.94,6.5,-0.000174582,-0.319603778,0.887290641
03-01-2020,NSE:IFCI-EQ,6.75,10982,74128.5,,0,54.54545455,0.023272582,0.04021164,0.861032089,9.35,6.85,-0.005034857,-0.282517582,0.805591103
06-01-2020,NSE:IRB-EQ,7.5,2817,21127.5,,0,57.07964602,0.026796167,0.038952381,1.141034836,8.94,6.5,0.014842172,-0.299425075,0.858634235
23-01-2020,NSE:TIPSMUSIC-EQ,10.76,7063,75997.88,,0,80.15564202,0.017305312,0.042286245,0.247603563,11.39,7.02,0.057888025,0.130016014,0.878907781
29-01-2020,NSE:IFCI-EQ,6.4,6707,42924.8,,0,10,0.014634306,0.028459821,0.409014058,9.35,6.85,-0.013404076,-0.267541501,0.12513816
01-02-2020,NSE:DIXON-EQ,889.33,61,54249.13,,0,64.69038208,0.024662852,0.034893845,1.279780419,646.4,557.08,0.036417898,0.179304653,0.830699714
03-02-2020,NSE:RELAXO-EQ,720.6,95,68457,,0,76.09860665,0.012979214,0.029499227,1.704515193,629,532,0.037114652,0.158510199,0.758078262
07-02-2020,NSE:RPOWER-EQ,1.7,29782,50629.4,,0,22.22222222,0.030003751,0.052521008,0.046166007,5,3.2,-0.181538651,-2.072150908,0.267052064
13-02-2020,NSE:RPOWER-EQ,1.8,34828,62690.4,,0,35.71428571,0.033219668,0.037698413,0.400857318,5,3.2,-0.112443193,-1.928209075,0.426530773
13-02-2020,NSE:ALKYLAMINE-EQ,619.04,67,41475.68,,0,83.17307692,0.019495955,0.037722003,0.481838584,442.98,400.04,0.055311396,0.170240539,0.930164057
19-02-2020,NSE:TIPSMUSIC-EQ,12.43,4622,57451.46,,0,68.98954704,0.024427776,0.046259051,1.125233011,11.39,7.02,0.048436673,0.181284724,0.781804899
27-02-2020,NSE:ARVIND-EQ,38.6,1618,62454.8,,0,27.82608696,0.019843281,0.026831976,0.567643681,45.25,38,-0.021169981,-0.625421106,0.325238283
27-02-2020,NSE:RPOWER-EQ,1.8,23050,41490,,0,61.53846154,0.027840759,0.043650794,0.344598889,5,3.2,-0.036109577,-1.840570291,0.670663739
28-02-2020,NSE:TIPSMUSIC-EQ,12.23,4742,57994.66,,0,60.69518717,0.025357973,0.047950006,0.532212491,11.39,7.02,0.033246325,0.200303159,0.543947754
03-03-2020,NSE:ARVIND-EQ,37.9,1071,40590.9,,0,46.03174603,0.021870181,0.028741048,0.612235653,45.25,38,-0.021663124,-0.624979472,0.279459724
09-03-2020,NSE:OPTIEMUS-EQ,17.85,2077,37074.45,,0,10.34482759,0.035553615,0.132853141,0.123823342,33.9,26,-0.146708667,-1.279450227,0.129898218
09-03-2020,NSE:RTNINDIA-EQ,2.75,20297,55816.75,,0,71.42857143,0.028869415,0.038961039,0.008423022,2.5,1.5,0.069263373,0.033893355,0.696375009
23-03-2020,NSE:PAISALO-EQ,8.51,4505,38337.55,,0,18.69918699,0.030698377,0.06622461,0.017927526,24.45,20.62,-0.148351721,-0.479950331,0.225564287
31-03-2020,NSE:SUZLON-EQ,1.7,30854,52451.8,,0,28.76712329,0.037060299,0.045378151,0.168656149,2.62,1.57,-0.076832138,-0.474657476,0.374405601
31-03-2020,NSE:INGERRAND-EQ,617.6,56,34585.6,,0,39.86880466,0.008608393,0.019771234,0.241344235,688,636.05,-0.010797296,0.006210825,0.442656914
20-04-2020,NSE:HCC-EQ,5.35,11458,61300.3,,0,92.10526316,0.047404104,0.036715621,0.277455535,12.2,8.75,-0.040286377,-0.500779771,0.968971611
22-04-2020,NSE:TATACHEM-EQ,249.9,247,61725.3,,0,71.9343696,0.040334064,0.050791745,1.004386355,779.8,294,-0.084127363,-0.685831166,0.791198683
24-04-2020,NSE:LEMONTREE-EQ,17.75,3166,56196.5,,0,25.14619883,0.046535511,0.068008048,0.867545833,63.75,28.75,-0.217095939,-1.033864313,0.294478859
04-05-2020,NSE:IDBI-EQ,20.75,2332,48389,,0,45.2173913,0.030075222,0.046299484,1.74098467,39.9,33.05,-0.011345028,-0.36387321,0.5
11-05-2020,NSE:ELGIEQUIP-EQ,64.2,705,45261,,0,39.78201635,0.027497306,0.035502893,0.025750063,142,125.28,-0.011663931,-0.483833793,0.517622675
14-05-2020,NSE:GPPL-EQ,55.75,1163,64837.25,,0,49.44649446,0.019976462,0.04189622,0.188737313,99.4,69.8,-0.008080755,-0.270251897,0.636194767
15-05-2020,NSE:ELGIEQUIP-EQ,65.18,535,34871.3,,0,59.13621262,0.013369648,0.032174637,0.232267102,142,125.28,-0.003637999,-0.47481316,0.741410604
22-05-2020,NSE:INGERRAND-EQ,627,106,66462,,0,55.40166205,0.002569942,0.008549784,0.165762221,643.5,623.1,-0.000578702,0.000689992,0.542473115
27-05-2020,NSE:IOB-EQ,7.35,5132,37720.2,,0,48.27586207,0.018951327,0.034499514,0.87158313,8.1,7.05,-0.007348399,-0.248740601,0.510957066
03-06-2020,NSE:DISHTV-EQ,4.85,17011,82503.35,,0,50,0.027217068,0.040500736,0.223202831,5.15,4.35,-0.009206428,-1.618350945,0.875990754
12-06-2020,NSE:GILLETTE-EQ,4950.1,14,69301.4,,0,61.03381643,0.010029993,0.023872534,1.261550576,5559,4789,-0.000228953,-0.170363637,0.692657075
01-07-2020,NSE:CGPOWER-EQ,8.95,7038,62990.1,,1,90.90909091,0.028282797,0.03990423,0.083951021,8.8,6.35,0.067792357,-0.521446615,1.125845717
03-07-2020,NSE:WONDERLA-EQ,131.7,771,101540.7,,0,52.69461078,0.017630849,0.045910619,0.823306203,151.1,122.25,0.000895366,-0.418659411,0.304363891
09-07-2020,NSE:TATACHEM-EQ,307.1,230,70633,,0,38.14262023,0.010589402,0.024654603,1.929882551,324.2,293,0.00178629,-0.433509277,0.15887238
14-07-2020,NSE:TATACHEM-EQ,305.65,223,68159.95,,0,40.54726368,0.012140487,0.025601178,1.327688794,324.2,293,-0.005180391,-0.426518585,0.263318348
16-07-2020,NSE:BLUESTARCO-EQ,242.55,358,86832.9,,0,35.25220861,0.011565142,0.024902082,0.271581034,281.4,245.03,-0.014417387,-0.2372922,0.259982544
17-07-2020,NSE:PCJEWELLER-EQ,1.47,39160,57565.2,,0,27.5862069,0.028323246,0.0505345,0.340575335,1.82,1.55,-0.027673256,-0.637877206,0.170202194
22-07-2020,NSE:PCJEWELLER-EQ,1.62,52186,84541.32,,0,42.59259259,0.031689279,0.048059965,1.626039064,1.82,1.55,-0.004430086,-0.556367323,0.560631678
24-07-2020,NSE:LEMONTREE-EQ,24,2629,63096,,0,52.2875817,0.02672384,0.046875,0.187113439,31.85,22.5,-0.00135708,-0.551428846,0.429449705
27-07-2020,NSE:PCJEWELLER-EQ,1.53,50199,76804.47,,0,39.28571429,0.031873964,0.052754435,0.834794971,1.82,1.55,-0.002131714,-0.568097309,0.375329261
10-08-2020,NSE:JPPOWER-EQ,2.8,30230,84644,,0,90.90909091,0.029583673,0.033163265,0.217223104,2.3,1.7,0.088506684,0.116416997,1.029035468
12-08-2020,NSE:PCJEWELLER-EQ,1.67,69521,116100.07,,0,53.84615385,0.033924872,0.061591104,0.710999251,1.82,1.55,0.0232263,-0.44420636,0.750808397
17-08-2020,NSE:UNIONBANK-EQ,29.35,1560,45786,,0,51.61290323,0.015798698,0.029204186,0.943046888,36.55,29.6,-0.006134259,-0.307294019,0.331882016
25-08-2020,NSE:CANBK-EQ,21.34,2238,47758.92,,0,60.79027356,0.015661424,0.02804927,2.086431138,23.66,19.77,0.007956145,-0.299768884,1.069248833
31-08-2020,NSE:UNIONBANK-EQ,30.2,1646,49709.2,,0,45.61403509,0.017754286,0.03204825,1.712228184,36.55,29.6,0.006303897,-0.267667073,0.552327397
01-09-2020,NSE:PCJEWELLER-EQ,1.6,65602,104963.2,,0,40.54054054,0.028096724,0.045535714,0.360223224,1.82,1.55,0.005755682,-0.388757503,0.243395938
08-09-2020,NSE:PNB-EQ,33.65,1573,52931.45,,0,46.49681529,0.024196864,0.040437274,0.348032032,38.75,31.25,0.000899192,-0.241257819,0.343387902
09-09-2020,NSE:RAJESHEXPO-EQ,447.8,208,93142.4,,0,34.4605475,0.012289426,0.025146749,0.417941238,494.9,441,-0.01221391,-0.173450852,0.202443979
21-09-2020,NSE:SHOPERSTOP-EQ,159.91,310,49572.1,,0,40.1576944,0.021351633,0.034680222,0.414071269,188.4,157.16,-0.007543785,-0.372832255,0.210351222
21-09-2020,NSE:THOMASCOOK-EQ,30.2,3404,102800.8,,0,42.33576642,0.030485989,0.045175024,0.491198598,38.9,29.65,-0.019029963,-0.722614243,0.263816037
22-09-2020,NSE:THOMASCOOK-EQ,29.15,3307,96399.05,,0,37.66233766,0.030883018,0.047414849,0.725983573,38.9,29.65,-0.026762771,-0.743986653,0.176209923
22-09-2020,NSE:TATACHEM-EQ,279.45,166,46388.7,,0,27.8200692,0.018734103,0.038212816,0.617219688,345.9,281.7,-0.021975701,-0.303993645,0.109539297
24-09-2020,NSE:THOMASCOOK-EQ,29.45,3400,100130,,0,38.70967742,0.031159766,0.049721077,0.526057916,38.9,29.65,-0.03261316,-0.726661459,0.232388852
24-09-2020,NSE:SHOPERSTOP-EQ,156.17,310,48412.7,,0,35.27324344,0.023188376,0.038259589,0.524510637,188.4,157.16,-0.015965198,-0.374646012,0.141994458
28-09-2020,NSE:PCJEWELLER-EQ,1.45,70157,101727.65,,0,38.7755102,0.025903667,0.059605911,0.821759311,1.82,1.55,-0.037838922,-0.377210564,0.294222618
30-09-2020,NSE:SHOPERSTOP-EQ,163.83,256,41940.48,,0,51.40635719,0.024553676,0.038053383,0.382592078,188.4,157.16,-0.00424269,-0.343207009,0.541783484
06-10-2020,NSE:ADANIPOWER-EQ,36.85,1205,44404.25,,0,45.45454545,0.007669435,0.016669897,0.280882759,41.6,36.7,-0.004727559,-0.104068635,0.356059382
12-10-2020,NSE:ARVINDFASN-EQ,127.65,687,87695.55,,0,51.92604006,0.025204307,0.049157854,0.621016541,169.6,130.25,-0.012434878,-0.648529513,0.385660762
16-10-2020,NSE:CANBK-EQ,17.57,2710,47614.7,,0,52.0661157,0.027763183,0.036954224,0.415504227,23.89,16.5,-0.024840764,-0.304842307,0.33699335
26-10-2020,NSE:UNIONBANK-EQ,24.3,3487,84734.1,,0,48.31460674,0.016293588,0.026748971,0.533770035,32.45,24.55,-0.020413733,-0.329493969,0.520383033
05-11-2020,NSE:CANBK-EQ,18.3,2892,52923.6,,0,63.08243728,0.014656069,0.025644028,1.768149938,23.89,16.5,-0.005196847,-0.277313365,0.936389375
11-11-2020,NSE:ARVINDFASN-EQ,124.65,759,94609.35,,0,40.19607843,0.013158972,0.030972437,1.229626606,169.6,130.25,-0.008019328,-0.567771424,0.389533236
12-11-2020,NSE:UNIONBANK-EQ,24.75,2993,74076.75,,0,56.25,0.013839798,0.024963925,1.017739001,32.45,24.55,0.003384139,-0.305632731,0.796312924
19-11-2020,NSE:UCOBANK-EQ,11.8,7823,92311.4,,0,60,0.011064465,0.0281477,1.61463611,13.45,11.55,-0.004301617,-0.077507947,0.448295453
26-11-2020,NSE:UCOBANK-EQ,12.2,8987,109641.4,,0,68,0.00849421,0.025175644,0.753749734,13.45,11.55,0.005839366,-0.07175276,0.93867826
10-12-2020,NSE:NHPC-EQ,21.9,5301,116091.9,,0,70.76923077,0.012286818,0.026092629,0.749174569,22.15,20.1,0.020810402,-0.006857954,0.74679591
15-12-2020,NSE:GPIL-EQ,23.92,3666,87690.72,,0,86.30363036,0.01791555,0.043687291,0.522783859,17.75,13.45,0.059328371,0.232867721,0.788066337
17-12-2020,NSE:NHPC-EQ,23.05,3712,85561.6,,0,73.75,0.012727036,0.031143477,1.278113311,22.15,20.1,0.024802578,0.003513831,0.90287262
21-12-2020,NSE:TIPSMUSIC-EQ,27.95,4018,112303.1,,0,65.04854369,0.019327971,0.041477128,10.37863689,35.41,25.04,0.004055076,0.225256657,1.130964931
21-12-2020,NSE:DABUR-EQ,503.6,107,53885.2,,0,46.01328904,0.008099626,0.018545047,1.222987927,535.95,494.05,0.000168541,0.0355914,0.347991164
22-12-2020,NSE:NHPC-EQ,22.2,4525,100455,,0,56.73076923,0.018573231,0.036036036,0.866192301,22.15,20.1,0.015482062,0.006751556,0.589270608
06-01-2021,NSE:UCOBANK-EQ,13,8769,113997,,0,47.91666667,0.016984156,0.034065934,1.028349145,14.25,11.8,0.007072782,-0.028060839,0.532797352
06-01-2021,NSE:CESC-EQ,62.26,885,55100.1,,0,53.58527132,0.016775064,0.028417695,1.832788233,70,56.9,0.009630068,-0.017846271,0.678077439
15-01-2021,NSE:RAJESHEXPO-EQ,481.3,281,135245.3,,0,39.13793103,0.010856468,0.024858271,1.732054878,510.5,460,0.003003557,-0.051440589,0.326932674
18-01-2021,NSE:UCOBANK-EQ,12.9,3087,39822.3,,0,52.63157895,0.017900836,0.032392027,0.756157829,14.25,11.8,0.006094966,-0.020009634,0.529848316
27-01-2021,NSE:UCOBANK-EQ,13,3084,40092,,0,50,0.014577057,0.030769231,0.82063208,14.25,11.8,0.002651255,-0.015823673,0.477766378
04-02-2021,NSE:RAJESHEXPO-EQ,478.1,284,135780.4,,0,41.52777778,0.006361289,0.018055099,0.605080454,510.5,460,-0.002743698,-0.042731544,0.235839456
08-02-2021,NSE:ALLCARGO-EQ,33.44,1191,39827.04,,0,51.57480315,0.008121504,0.018348428,1.610841899,38.75,31.09,-0.004509191,0.10929098,0.707848684
10-02-2021,NSE:ALLCARGO-EQ,33.13,2293,75967.09,,0,44.24242424,0.008967531,0.021430727,1.366026804,38.75,31.09,-0.002815653,0.10860525,0.581105431
12-02-2021,NSE:ALLCARGO-EQ,32.58,2341,76269.78,,0,41.71428571,0.009503192,0.0237876,1.189474416,38.75,31.09,-0.002813081,0.108478016,0.274372947
15-02-2021,NSE:RAJESHEXPO-EQ,477.5,194,92635,,0,47.24409449,0.006848839,0.01723261,0.890702141,510.5,460,-8.01E-05,-0.038439308,0.254595929
18-02-2021,NSE:NETWORK18-EQ,37.05,3299,122227.95,,0,57.27272727,0.013913317,0.026604974,1.550295684,39.95,35.8,-0.001514135,0.047564381,0.694112067
19-02-2021,NSE:NAVA-EQ,30.03,2960,88888.8,,0,57.71144279,0.016516344,0.036320822,1.583384575,34.23,27.45,-0.00444363,0.027734136,0.580979848
22-02-2021,NSE:NETWORK18-EQ,36.4,2355,85722,,0,44.44444444,0.012102216,0.029827316,1.042615766,39.95,35.8,-0.001556756,0.047596215,0.284446043
02-03-2021,NSE:HATHWAY-EQ,30.85,4492,138578.2,,0,61.25,0.013400866,0.038782125,1.049776235,35.3,28.6,-0.0041565,0.017646855,0.941071118
04-03-2021,NSE:GODFRYPHLP-EQ,302.02,189,57081.78,,0,31.81257707,0.008774004,0.01738059,0.884676178,352.23,301.67,-0.009506038,-0.026880669,0.280126036
08-03-2021,NSE:HATHWAY-EQ,31.05,4243,131745.15,,0,64.70588235,0.012456712,0.030940879,1.161872057,35.3,28.6,0.00297897,0.016568693,0.894351573
10-03-2021,NSE:CESC-EQ,62.9,2190,137751,,0,54.77075589,0.012525905,0.025823302,0.459282016,73.1,59.86,0.00424763,0.00209852,0.748645467
17-03-2021,NSE:GODFRYPHLP-EQ,293.18,217,63620.06,,0,24.41661924,0.005917024,0.014442614,1.370617201,352.23,301.67,-0.01048345,-0.032711473,-0.142471368
18-03-2021,NSE:FCL-EQ,59.05,2123,125363.15,,0,8.561643836,0.018603153,0.053042216,1.088510198,76.4,60.1,-0.040600196,0.272862938,-0.017752347
24-03-2021,NSE:GODFRYPHLP-EQ,299.2,357,106814.4,,0,42.32861806,0.00617203,0.018855042,0.68198637,352.23,301.67,-0.007358888,-0.034773719,0.485430915
25-03-2021,NSE:FCL-EQ,58.75,1527,89711.25,,0,22.72727273,0.020218196,0.052826748,1.479608046,76.4,60.1,-0.040264385,0.252513488,0.141396559
26-03-2021,NSE:GODFRYPHLP-EQ,295.78,345,102044.1,,0,40.02196997,0.008189915,0.023736271,4.617706866,352.23,301.67,-0.008218027,-0.036512937,0.269185528
05-04-2021,NSE:IRFC-EQ,22.5,6894,155115,,0,3.921568627,0.007112052,0.021587302,1.217037649,26.7,22.9,-0.028698492,-0.015504783,0.083132445
05-04-2021,NSE:GODFRYPHLP-EQ,305,173,52765,,0,57.0845341,0.010571625,0.027918033,0.51830633,352.23,301.67,0.002566835,-0.033765871,0.843671077
12-04-2021,NSE:ALOKINDS-EQ,20.75,6758,140228.5,,0,59.77011494,0.021567587,0.036833046,1.404324977,23.2,19.25,0.000577922,-0.066235099,0.474459568
15-04-2021,NSE:CESC-EQ,61.69,1597,98518.93,,0,54.19956927,0.019970361,0.02764977,1.443673428,64.6,58.01,-0.002902692,-0.00874871,0.767564204
19-04-2021,NSE:PETRONET-EQ,215,233,50095,,0,42.38410596,0.014550267,0.025697674,0.872981784,260.95,221.25,-0.02196184,-0.033550979,-0.158251435
19-04-2021,NSE:ALOKINDS-EQ,20.35,7243,147395.05,,0,50.54945055,0.024204921,0.036679537,0.840087149,23.2,19.25,0.000888681,-0.065452325,0.285382652
27-04-2021,NSE:VSTIND-EQ,300.84,571,171779.64,,0,51.35735439,0.012300469,0.02187684,1.690767519,412.56,318.37,-0.009401285,-0.02448346,0.455217295
29-04-2021,NSE:COALINDIA-EQ,128.05,1301,166593.05,,0,41.62303665,0.015963369,0.022619512,0.94375665,163,127.05,-0.015778842,-0.032808264,0.466186503
03-05-2021,NSE:NLCINDIA-EQ,48.05,2490,119644.5,,0,34.40860215,0.011733702,0.019102126,0.84756027,59.8,50.85,-0.013674624,-0.02932734,0.487724734
17-05-2021,NSE:IRFC-EQ,23.05,6579,151645.95,,0,78.87323944,0.019741198,0.022156802,0.786698094,26.7,22.9,0.014534531,-0.059366933,0.923015175
26-05-2021,NSE:UJJIVANSFB-EQ,29.9,5102,152549.8,,0,53.01204819,0.01693578,0.029741997,0.781434159,38.35,30.05,0.006857032,-0.120653815,0.700566609
27-05-2021,NSE:IRFC-EQ,23.65,3526,83389.9,,0,82.27848101,0.018080778,0.025823014,0.538604824,26.7,22.9,0.023710009,-0.045762344,0.743295421
09-06-2021,NSE:IRFC-EQ,24.3,6522,158484.6,,0,66.21621622,0.014264806,0.021751911,1.456646317,26.7,22.9,0.021069919,-0.030903183,0.82295649
10-06-2021,NSE:UJJIVANSFB-EQ,33.3,2610,86913,,0,83.01886792,0.020501225,0.029172029,3.237247895,38.35,30.05,0.019174552,-0.096387154,1.413428288
14-06-2021,NSE:UJJIVANSFB-EQ,32.5,2564,83330,,0,73.68421053,0.021130638,0.034285714,1.276870647,38.35,30.05,0.025882388,-0.093046078,0.950536592
16-06-2021,NSE:UJJIVANSFB-EQ,32.5,4888,158860,,0,67.83216783,0.020976876,0.04021978,0.950077534,38.35,30.05,0.028735347,-0.087306512,0.826855723
17-06-2021,NSE:IRFC-EQ,24.7,3525,87067.5,,0,66.66666667,0.014463985,0.024291498,1.146320127,26.7,22.9,0.021263772,-0.018862666,0.749140226
18-06-2021,NSE:NHPC-EQ,26.6,5370,142842,,0,59.375,0.009641739,0.024973147,0.836913559,27.6,24.55,0.013804599,0.066987114,0.632136549
23-06-2021,NSE:IRFC-EQ,24.85,3743,93013.55,,0,66.66666667,0.013510218,0.026156942,0.551297005,26.7,22.9,0.017198817,-0.012417008,0.718645841
29-06-2021,NSE:IRCON-EQ,47.9,3696,177038.4,,0,49.38271605,0.014739323,0.026543394,0.805994902,54,45.7,0.0026176,0.042426528,0.560202531
30-06-2021,NSE:IRFC-EQ,24.85,4372,108644.2,,0,55.55555556,0.014289727,0.026731819,1.209887596,26.7,22.9,0.012851006,-0.005724104,0.61734041
02-07-2021,NSE:RENUKA-EQ,43.35,2818,122160.3,,0,95.77114428,0.028354424,0.045229857,0.132959318,14.7,11.05,0.143120623,0.20068955,0.98041284
06-07-2021,NSE:ARVINDFASN-EQ,139.7,1382,193065.4,,0,52.51256281,0.012824142,0.030575723,1.203376229,154,132.55,-0.002293746,-0.111967229,0.671422333
06-07-2021,NSE:BECTORFOOD-EQ,405.4,106,42972.4,,0,42.91044776,0.01710354,0.028067517,3.590843248,451.7,395.1,-0.002865917,-0.117869253,0.397819788
19-07-2021,NSE:HATHWAY-EQ,26.75,8345,223228.75,,0,54.86725664,0.017032652,0.038184246,0.835954476,29.25,25.1,0.009047409,-0.050318072,0.508965546
20-07-2021,NSE:ARE&M-EQ,713.35,59,42087.65,,0,14.14027149,0.005708894,0.012065806,1.468592678,1025.55,898.7,-0.012672298,-0.056020433,-0.187456553
28-07-2021,NSE:ARE&M-EQ,713.4,289,206172.6,,0,24.72137791,0.00564315,0.013606873,0.780627069,1025.55,898.7,-0.012583441,-0.06037577,0.072868053
28-07-2021,NSE:PETRONET-EQ,217,213,46221,,0,19.140625,0.005013724,0.012491771,0.778039705,252.2,223.05,-0.013444455,-0.042896495,0.028570426
29-07-2021,NSE:ARE&M-EQ,694.85,267,185524.95,,0,17.84660767,0.00774285,0.015188273,2.640558636,1025.55,898.7,-0.016108726,-0.063745244,-0.141048997
04-08-2021,NSE:IRFC-EQ,23.6,6271,147995.6,,0,52.17391304,0.007893554,0.015889831,1.38082242,26.45,23.15,-0.006819341,-0.013450875,0.672980846
05-08-2021,NSE:BANDHANBNK-EQ,308.2,321,98932.2,,0,38.70333988,0.014566327,0.028216835,1.469701452,354.35,300.2,-0.013965319,-0.052135537,0.568917225
10-08-2021,NSE:HATHWAY-EQ,25.45,7856,199935.2,,0,43.5483871,0.018851766,0.038450744,1.085811086,29.25,25.1,-0.007494682,-0.050126981,0.204904039
10-08-2021,NSE:M&MFIN-EQ,148.77,301,44779.77,,0,49.01960784,0.022565032,0.036561711,0.615155247,169.2,150.08,-0.006770506,-0.044665447,0.44997115
18-08-2021,NSE:UJJIVANSFB-EQ,24.25,7170,173872.5,,0,10.34482759,0.012611005,0.032400589,1.022214341,34.4,29.55,-0.058735852,-0.137255503,0.048265488
20-08-2021,NSE:PETRONET-EQ,226.9,799,181293.1,,0,64.48911223,0.013384667,0.021154694,3.569431458,252.2,223.05,0.003167061,-0.048323684,1.11317017
20-08-2021,NSE:IRFC-EQ,23,1769,40687,,0,50,0.013059392,0.024534161,0.945722866,26.45,23.15,-0.002659174,-0.01435995,0.21782145
09-09-2021,NSE:KARURVYSYA-EQ,35.21,1171,41230.91,,0,54.63320463,0.024610564,0.036738751,1.057357109,50.83,42.58,-0.016238605,-0.052395053,0.436583581
09-09-2021,NSE:HATHWAY-EQ,23.65,7784,184091.6,,0,59.7826087,0.019670585,0.033373603,0.99526594,29.25,25.1,-0.012305394,-0.086236797,0.517036175
16-09-2021,NSE:SUZLON-EQ,5.68,34540,196187.2,,0,69.64285714,0.02355149,0.041373239,0.662648569,8.26,5.29,0.001913677,0.087822054,0.95567268
21-09-2021,NSE:UJJIVANSFB-EQ,20,2014,40280,,0,52.38095238,0.03205084,0.0375,0.474008836,34.4,29.55,-0.034502121,-0.302721971,0.523946474
07-10-2021,NSE:BANKINDIA-EQ,56.4,3618,204055.2,,0,42.38683128,0.023120267,0.033371327,0.398338353,87,73.1,-0.016917345,-0.053567157,0.56123483
11-10-2021,NSE:UJJIVANSFB-EQ,20.8,4973,103438.4,,0,66,0.012715471,0.022149725,0.676667202,34.4,29.55,0.000263618,-0.295908797,0.705938618
14-10-2021,NSE:LLOYDSENGG-EQ,3.83,39139,149902.37,,0,87.64705882,0.029616032,0.038604998,5.422688075,1.23,0.89,0.095104206,0.211263017,0.898425044
19-10-2021,NSE:DCBBANK-EQ,94.05,1948,183209.4,,0,58.62068966,0.014165436,0.022290575,1.655310759,97.75,88.7,0.007425691,-0.06412024,0.867041716
28-10-2021,NSE:IRFC-EQ,24.15,7619,183998.85,,0,55.08474576,0.023839993,0.032978409,0.660598536,24.25,22.55,0.018060201,-0.003856401,0.557623801
02-11-2021,NSE:LTF-EQ,85.8,1877,161046.6,,0,41.1558669,0.025614196,0.04004329,0.965626053,101.1,88.95,-0.019003035,-0.011843583,0.376438055
10-11-2021,NSE:ALOKINDS-EQ,22.8,5997,136731.6,,0,46.26865672,0.034221117,0.026315789,0.309944146,25.8,22.6,-0.014396494,0.007564273,0.370420964
18-11-2021,NSE:RTNPOWER-EQ,3.85,34191,131635.35,,0,44.44444444,0.022664584,0.030612245,1.171322564,9.7,5.95,-0.024659125,0.002150548,0.241961296
22-11-2021,NSE:LLOYDSENGG-EQ,8.46,17629,149141.34,,0,87.37623762,0.034223657,0.045254981,2.036000065,1.23,0.89,0.124766886,0.235916675,1.025316984
23-11-2021,NSE:HATHWAY-EQ,20.95,8102,169736.9,,0,44.02985075,0.02870911,0.04568701,0.683579127,27.6,19.6,-0.037963952,-0.120113618,0.408279614
30-11-2021,NSE:PCJEWELLER-EQ,2.35,51987,122169.45,,0,27.38095238,0.033618238,0.056534954,0.500076783,3.06,2.65,-0.048124451,0.017818545,0.270084698
07-12-2021,NSE:SOUTHBANK-EQ,8.35,14828,123813.8,,0,50,0.01448433,0.027031651,2.499109784,10.33,8.4,-0.015358585,-0.028574084,0.566929046
13-12-2021,NSE:UJJIVANSFB-EQ,19.65,11981,235426.65,,0,56.57894737,0.019389014,0.029262087,0.692653265,34.4,29.55,-0.011322827,-0.268893807,0.720084177
14-12-2021,NSE:INFIBEAM-EQ,18.82,4217,79363.94,,0,51.11876076,0.026826693,0.042356156,0.951530909,21.68,17.84,-0.010438525,-0.014206727,0.592946122
20-12-2021,NSE:ESCORTS-EQ,1813.6,148,268412.8,,0,38.08309038,0.009159251,0.014985979,0.830517108,1571.9,1422,0.015933647,0.1463045,0.174014084
20-12-2021,NSE:DCBBANK-EQ,80.3,439,35251.7,,0,43.24324324,0.02272153,0.027530688,0.735755994,105.25,79.55,-0.036062735,-0.077748958,0.122385656
24-12-2021,NSE:MAHABANK-EQ,19.6,5524,108270.4,,0,54.83870968,0.020081624,0.034803207,1.423108497,22.85,19.8,-0.00851519,-0.002411872,0.501088648
30-12-2021,NSE:LLOYDSENGG-EQ,15.99,9697,155055.03,,0,85.64535585,0.03479543,0.049584562,1.839255294,1.23,0.89,0.111303195,0.283088339,0.979024996
05-01-2022,NSE:SOUTHBANK-EQ,8.4,19826,166538.4,,0,51.65562914,0.017344914,0.030697279,1.100944357,10.33,8.4,0.001858795,-0.04273732,0.647043543
10-01-2022,NSE:ESCORTS-EQ,1865.8,74,138069.2,,0,65.21226415,0.005818936,0.011486838,0.793901743,1571.9,1422,0.009163338,0.153189136,0.506140067
24-01-2022,NSE:INFIBEAM-EQ,18.28,8619,157555.32,,0,54.24954792,0.026835799,0.045404814,0.753518614,21.68,17.84,0.014802687,-0.031235758,0.454721259
28-01-2022,NSE:MAHABANK-EQ,21,10214,214494,,0,55.03875969,0.024424876,0.042517007,1.074269969,22.85,19.8,0.009476556,0.006441046,0.736913338
31-01-2022,NSE:ESCORTS-EQ,1850.35,52,96218.2,,0,43.61306325,0.004933282,0.012177233,0.582183252,1918.9,1836.5,-0.0020426,0.147035574,0.25460778
04-02-2022,NSE:ESCORTS-EQ,1835.5,154,282667,,0,36.60855784,0.005772243,0.013289489,1.19599405,1918.9,1836.5,-0.002656272,0.144470896,0.014770979
04-02-2022,NSE:UJJIVANSFB-EQ,19.65,1922,37767.3,,0,33.89830508,0.020992599,0.040712468,0.59073382,22.3,16.75,-0.005921456,-0.203629221,0.406986579
14-02-2022,NSE:MARKSANS-EQ,50.7,5576,282703.2,,0,32.97101449,0.024460082,0.036418709,1.601438418,65,54.6,-0.033796081,-0.090975986,-0.137533555
14-02-2022,NSE:ESCORTS-EQ,1839.35,19,34947.65,,0,44.84290701,0.006475701,0.014288821,1.402149143,1918.9,1836.5,-0.002016259,0.13805391,0.258594523
18-02-2022,NSE:IRFC-EQ,22.25,12135,270003.75,,0,28,0.011727574,0.015248796,0.593514941,24.35,22,-0.010517972,-0.018295694,0.03212603
22-02-2022,NSE:IDEA-EQ,10.9,25140,274026,,0,43.05555556,0.034400552,0.055373526,0.902300625,12.35,9.65,-0.028854933,0.078666072,0.520969195
24-02-2022,NSE:CENTRALBK-EQ,17.65,1931,34082.15,,0,13.88888889,0.022728795,0.038648321,1.220219514,22.75,18.2,-0.045065863,0.004882506,-0.169647963
24-02-2022,NSE:UCOBANK-EQ,11.3,23623,266939.9,,0,12.28070175,0.021656449,0.032553729,1.28118507,15.3,13.2,-0.034448917,-0.022354382,-0.173000193
28-02-2022,NSE:MAHABANK-EQ,17.8,14740,262372,,0,25.77319588,0.023099374,0.03711878,0.88701136,22.2,18.65,-0.042264095,-0.018718449,0.163441438
07-03-2022,NSE:INFIBEAM-EQ,17.57,2701,47456.57,,0,42.99242424,0.031798097,0.036181803,1.586969177,21.46,16.32,-0.023400047,-0.037428451,0.347224677
14-03-2022,NSE:CENTRALBK-EQ,18.6,6675,124155,,0,39,0.025182633,0.037826421,0.545948824,22.75,18.2,-0.026902165,-0.03063504,0.409925731
15-03-2022,NSE:UCOBANK-EQ,11.85,14973,177430.05,,0,43.63636364,0.023579926,0.032851115,0.662283132,14.2,11.05,-0.019731829,-0.04647715,0.390001989
24-03-2022,NSE:KARURVYSYA-EQ,38.88,3356,130481.28,,0,47.85591767,0.031281488,0.035475456,0.705320222,47.17,35.75,-0.015011803,-0.011922668,0.533228946
29-03-2022,NSE:IDEA-EQ,9.85,16710,164593.5,,0,48.7804878,0.032822511,0.037708484,1.005412594,12.35,9.65,-0.018337048,0.004264179,0.235472646
12-04-2022,NSE:JINDWORLD-EQ,60.8,4800,291840,,0,44.40631434,0.023097424,0.048895677,1.520894755,71.4,54.22,-0.002074339,0.283352618,0.612144211
12-04-2022,NSE:SJVN-EQ,28.5,1308,37278,,0,65.625,0.01022816,0.021679198,1.534946399,32.5,29.1,0.006334178,0.010935322,0.714321184
21-04-2022,NSE:J&KBANK-EQ,32.6,9757,318078.2,,0,53.60824742,0.028955932,0.038562664,0.37386677,48.3,35.8,-0.019333879,-0.024461097,0.357987491
25-04-2022,NSE:RVNL-EQ,34.8,1388,48302.4,,0,62.5,0.016096047,0.032635468,0.799244381,36.7,32.5,0.014562327,0.034503922,0.638811336
02-05-2022,NSE:INOXWIND-EQ,24.66,11121,274243.86,,0,38.78406709,0.030043783,0.07050168,1.200633549,34.35,24.25,-0.021835356,0.031115954,-0.160814489
04-05-2022,NSE:UNIONBANK-EQ,37.35,1833,68462.55,,0,11.39240506,0.019359669,0.032606617,0.833757789,51.7,37.85,-0.023297519,-0.002361159,0.005283766
09-05-2022,NSE:MOTHERSON-EQ,52.6,1242,65329.2,,0,31.12203112,0.028690187,0.05127648,1.809350717,65.02,57.62,-0.038788578,-0.307558395,-0.168306044
11-05-2022,NSE:MAHABANK-EQ,15.9,14277,227004.3,,0,14.92537313,0.013913389,0.037735849,1.652992788,19.7,15.15,-0.031432508,-0.073541264,-0.117946556
25-05-2022,NSE:UNIONBANK-EQ,34.9,6693,233585.7,,0,41.36363636,0.027174611,0.041444945,0.869103448,44.85,35.55,-0.025769767,-0.047406805,0.214318655
27-05-2022,NSE:NBCC-EQ,22.2,5849,129847.8,,0,43.87001477,0.022187992,0.04002574,0.921019952,28.07,22.43,-0.034299215,-0.134783553,0.378344335
08-06-2022,NSE:CSBBANK-EQ,182.55,942,171962.1,,0,45.75163399,0.013406597,0.029874398,1.581620081,235,182,-0.028467396,-0.199455877,0.135562035
13-06-2022,NSE:NBCC-EQ,20.13,6303,126879.39,,0,29.8245614,0.021869085,0.036512668,1.302430769,28.07,22.43,-0.032789383,-0.166995036,-0.183758403
16-06-2022,NSE:ALEMBICLTD-EQ,60.1,2003,120380.3,,0,9.130434783,0.021548411,0.034763489,1.738752799,87.4,68.85,-0.036401629,-0.275732788,-0.369565234
20-06-2022,NSE:MARKSANS-EQ,39.45,2903,114523.35,,0,18.72340426,0.024427236,0.044812602,1.590939521,62.4,46.5,-0.048395935,-0.183653162,-0.231890304
22-06-2022,NSE:TASTYBITE-EQ,8501.1,23,195525.3,,0,23.12472861,0.020064886,0.031747572,0.783340527,12111,10700,-0.050555448,-0.276421469,0.089449146
01-07-2022,NSE:IMAGICAA-EQ,21,14116,296436,,0,87.6344086,0.040744182,0.053231293,0.319725218,18.55,13.75,0.078988424,0.107173848,1.091568791
06-07-2022,NSE:HSCL-EQ,73.35,2392,175453.2,,0,82.11764706,0.045451937,0.042555263,6.651549041,73.4,55.4,0.006180347,0.060410285,1.177523757
08-07-2022,NSE:RENUKA-EQ,47.65,5043,240298.95,,0,72.60726073,0.046680442,0.046244941,1.275952296,55.5,39.2,-0.006715128,0.169593785,0.689079321
18-07-2022,NSE:GSFC-EQ,140.4,2327,326710.8,,0,48.50863422,0.044398425,0.033882784,0.871579907,198.8,158.6,-0.004703683,0.041935251,0.803066659
19-07-2022,NSE:METROPOLIS-EQ,1492.55,21,31343.55,,0,64.94623656,0.016294095,0.0301976,1.4974592,2570.6,2100.15,-0.007737779,-0.355833979,1.137787842
25-07-2022,NSE:NIACL-EQ,81.9,4004,327927.6,,0,58.37563452,0.015179199,0.024856096,0.976304331,148,113.1,-0.009524563,-0.321414419,0.671146256
26-07-2022,NSE:WOCKPHARMA-EQ,214.6,245,52577,,0,64.95575221,0.011635504,0.028241912,0.375537426,293.8,226,-0.006559598,-0.406625659,0.643593426
02-08-2022,NSE:NMDC-EQ,35.82,4043,144820.26,,0,55.46075085,0.021489547,0.023869347,0.96132536,58.45,46.68,-0.004595691,-0.184240785,0.70884559
10-08-2022,NSE:GLAND-EQ,2307.65,131,302302.15,,0,35.15499015,0.020332317,0.034676588,0.172464927,3559.4,2801,-0.023164569,-0.202446625,0.44837188
16-08-2022,NSE:ALEMBICLTD-EQ,72.8,1364,99299.2,,0,57.35294118,0.009920156,0.024529042,1.908696443,78.45,68.6,0.006409079,-0.165221702,0.990535066
19-08-2022,NSE:ITC-EQ,312,598,186576,,0,62.55506608,0.007463248,0.015327381,0.822289493,282.35,262.6,0.015456078,0.108962982,0.739796549
25-08-2022,NSE:ITC-EQ,312.35,598,186785.3,,0,56.48148148,0.00794627,0.014029591,0.628502023,282.35,262.6,0.013034947,0.111536893,0.641875063
30-08-2022,NSE:TANLA-EQ,719.95,419,301659.05,,0,49.91906766,0.031057262,0.034555971,0.321549006,1448.95,938,-0.04262948,-0.377294595,0.332429851
01-09-2022,NSE:ITC-EQ,317.6,357,113383.2,,0,58.76712329,0.008959501,0.01606918,1.089587852,282.35,262.6,0.012486355,0.111957499,0.87863738
13-09-2022,NSE:MOTHERSON-EQ,57.07,6405,365533.35,,0,62.2593068,0.019082671,0.022165761,1.0392528,61.11,53.84,-0.001431706,-0.169074918,0.745420712
15-09-2022,NSE:MANAPPURAM-EQ,102.65,863,88586.95,,0,41.58415842,0.018449892,0.027938209,1.440814743,111.45,98.2,0.004450492,-0.160993222,0.300002457
16-09-2022,NSE:MOTHERSON-EQ,55.2,5915,326508,,0,48.53683148,0.016568421,0.025452899,1.069359797,61.11,53.84,0.001824209,-0.168709646,0.397069202
19-09-2022,NSE:ITC-EQ,335.6,323,108398.8,,0,76.59831122,0.00923363,0.015558488,1.19918738,282.35,262.6,0.019032555,0.11896001,0.829639847
23-09-2022,NSE:SOLARA-EQ,415.09,829,344109.61,,0,50.65864834,0.027221758,0.042687816,0.546115932,451.53,382.42,0.014397078,-0.468396692,0.613606483
26-09-2022,NSE:SOLARA-EQ,395.55,941,372212.55,,0,46.09771987,0.029131376,0.048357621,0.941909842,451.53,382.42,0.00930641,-0.486562643,0.179992944
26-09-2022,NSE:MPHASIS-EQ,2042.8,18,36770.4,,0,47.69308558,0.018466297,0.029722859,1.193004661,2444.9,2035,-0.022006537,-0.15041325,0.249991154
03-10-2022,NSE:MOTHERSON-EQ,48.63,763,37104.69,,0,19.19708029,0.020624457,0.04278664,1.209020072,61.11,53.84,-0.04613725,-0.198774808,0.159316033
11-10-2022,NSE:PEL-EQ,806.25,46,37087.5,,0,24.71441803,0.026065274,0.042312292,0.865834152,2084.1,937.05,-0.124020027,-0.669332641,0.127898
17-10-2022,NSE:POLICYBZR-EQ,426.5,761,324566.5,,0,25.32956685,0.01583939,0.036400938,1.055385895,597.3,472,-0.042005058,-0.388211314,-0.054868103
20-10-2022,NSE:DHANI-EQ,47.9,6655,318774.5,,0,52.27272727,0.029153834,0.040187891,1.810027336,232,166.8,-0.041845582,-0.53795043,0.631114977
31-10-2022,NSE:PEL-EQ,849.4,247,209801.8,,0,59.04599659,0.021501089,0.025391873,0.836939508,2084.1,937.05,-0.032704476,-0.682944845,0.688223292
01-11-2022,NSE:SOLARA-EQ,385.32,478,184182.96,,0,45.92908233,0.018464694,0.032774243,4.235526373,439.09,374.13,-0.012611799,-0.403751297,0.475715496
07-11-2022,NSE:PEL-EQ,904.9,335,303141.5,,0,77.11389704,0.022444755,0.026510427,0.849870214,2084.1,937.05,-0.004166381,-0.63593039,1.056789725
09-11-2022,NSE:HATHWAY-EQ,16.2,7062,114404.4,,0,65.2173913,0.009060772,0.017857143,2.195543503,19.65,15.6,-0.004558195,-0.111003012,0.963317884
10-11-2022,NSE:ITC-EQ,356,767,273052,,0,64.46776612,0.010130061,0.016011236,1.354357977,282.35,262.6,0.016889489,0.122330197,0.773705013
14-11-2022,NSE:IOC-EQ,69.45,3839,266618.55,,0,70.52631579,0.007566539,0.012650417,1.072536536,73.8,70.25,0.007893299,-0.058352554,0.762502425
17-11-2022,NSE:HEMIPROP-EQ,95.85,1320,126522,,0,55.42857143,0.008450391,0.0210895,1.028682759,109.85,100,-0.002555488,-0.104801114,0.521354536
22-11-2022,NSE:IOC-EQ,70,3617,253190,,0,65.95744681,0.006800428,0.012295918,1.518131782,73.8,70.25,0.006684081,-0.053337794,0.837120039
25-11-2022,NSE:HATHWAY-EQ,16.2,23170,375354,,0,55.55555556,0.007209936,0.017195767,1.582060062,19.65,15.6,-0.001558106,-0.106866875,0.935233658
25-11-2022,NSE:ALOKINDS-EQ,15.05,2472,37203.6,,0,12.5,0.015007467,0.031798766,1.862503942,21.6,17.75,-0.029731915,-0.227680621,0.173929749
30-11-2022,NSE:PEL-EQ,824.85,260,214461,,0,56.66834424,0.028533959,0.019899722,0.539677006,2084.1,937.05,-0.012636946,-0.677473773,0.483153557
02-12-2022,NSE:DHANI-EQ,46.95,6382,299634.9,,0,38.16254417,0.026447804,0.045260916,1.178757971,60.5,44.8,-0.027699606,-0.408700026,0.326067373
06-12-2022,NSE:DHANI-EQ,46.15,6560,302744,,0,39.21568627,0.026823343,0.043259557,1.088664309,60.5,44.8,-0.027286077,-0.411670409,0.280664262
07-12-2022,NSE:GMRP&UI-EQ,23.65,5569,131706.85,,0,47.61904762,0.015937335,0.032014497,1.393668116,38.55,25.85,-0.014345581,-0.183948367,0.536394428
13-12-2022,NSE:MOTHERSON-EQ,48,7923,380304,,0,52.55878285,0.01379946,0.025550595,0.927278343,61.11,53.84,0.007564748,-0.185145341,0.277903372
13-12-2022,NSE:LLOYDSENGG-EQ,12.42,3036,37707.12,,0,76.06837607,0.031105401,0.039797562,1.726395494,15.27,11.74,0.029105974,0.024830748,1.018805761
20-12-2022,NSE:GATEWAY-EQ,68.3,5136,350788.8,,0,59.80392157,0.007832144,0.022327965,1.202331563,76.6,67,-0.007224115,-0.014103605,0.399402691
21-12-2022,NSE:PEL-EQ,838.45,64,53660.8,,0,44.82472516,0.023891972,0.036691855,0.592592236,914.7,785.05,0.006213863,-0.593422493,0.34416299
22-12-2022,NSE:MOTHERSON-EQ,46,6751,310546,,0,27.53036437,0.013177484,0.027313665,1.929200769,61.11,53.84,-0.010431746,-0.185992138,0.004168525
23-12-2022,NSE:MOTHERSON-EQ,44.6,7716,344133.6,,0,13.64795918,0.013156538,0.028475336,1.699133017,61.11,53.84,-0.016021413,-0.192217895,-0.115050929
23-12-2022,NSE:ETERNAL-EQ,53.65,635,34067.75,,0,12.17948718,0.027730142,0.033417654,1.312684423,75.45,61.4,-0.038379344,-0.152543472,-0.307321784
29-12-2022,NSE:MOTHERSON-EQ,49.63,7021,348452.23,,0,54.31034483,0.021863837,0.02986385,0.735246831,50.87,44.07,0.004578817,-0.16362347,0.775403876
30-12-2022,NSE:PEL-EQ,828.4,61,50532.4,,0,43.51528384,0.024402424,0.036490308,0.596949745,924.3,785.05,-0.011294539,-0.577057665,0.304206566
11-01-2023,NSE:SHAKTIPUMP-EQ,67.57,4886,330147.02,,0,59.08346972,0.018146591,0.027061883,0.699357721,99.67,80.5,-0.006227029,-0.138839141,0.51357132
19-01-2023,NSE:PEL-EQ,836.55,93,77799.15,,0,53.60779106,0.016843822,0.022562907,0.903572258,924.3,785.05,-0.001171004,-0.516070801,0.739193558
25-01-2023,NSE:PEL-EQ,824.5,481,396584.5,,0,59.63998105,0.012547174,0.022238586,1.1421096,924.3,785.05,0.001463255,-0.505544742,0.43663064
25-01-2023,NSE:ALOKINDS-EQ,13.45,2976,40027.2,,0,18.75,0.018477699,0.037705789,1.058625082,17.4,14.2,-0.042389362,-0.227323943,-0.032475652
31-01-2023,NSE:ALOKINDS-EQ,13.4,16810,225254,,0,27.27272727,0.020699143,0.043976546,1.184348392,17.4,14.2,-0.050810456,-0.236002915,0.170134304
01-02-2023,NSE:PEL-EQ,844.8,238,201062.4,,0,54.76271765,0.018135867,0.028996719,1.363240887,924.3,785.05,0.002740137,-0.476646371,0.762383835
06-02-2023,NSE:PEL-EQ,845.1,239,201978.9,,0,53.75160051,0.019230307,0.034497185,1.570076086,924.3,785.05,0.007953661,-0.461765468,0.641850727
07-02-2023,NSE:ALOKINDS-EQ,12.6,16632,209563.2,,0,22.72727273,0.021172816,0.049603175,1.302382011,17.4,14.2,-0.055026571,-0.263558576,0.154451205
13-02-2023,NSE:CESC-EQ,74.3,2825,209897.5,,0,50.84745763,0.008952986,0.017785041,1.131830396,83.3,73.55,-0.004823776,-0.030753489,0.791915561
17-02-2023,NSE:PCJEWELLER-EQ,2.6,149875,389675,,0,0,0.00103082,0.074450549,0.697805038,10.55,7.36,-0.427454449,-0.080761661,0.157287434
17-02-2023,NSE:MMTC-EQ,33.6,1149,38606.4,,0,53.7037037,0.014489415,0.027529762,2.582362054,43.45,33.1,-0.0186539,-0.091278227,0.591004327
22-02-2023,NSE:GMRAIRPORT-EQ,38.5,896,34496,,0,63.54166667,0.018827991,0.022356215,1.103726335,41.8,34.35,-0.000884854,0.025502361,0.560809648
22-02-2023,NSE:PCJEWELLER-EQ,2.24,155510,348342.4,,0,0,0.001350079,0.073979592,1.927185473,10.55,7.36,-0.473430679,-0.223782405,0.158180484
24-02-2023,NSE:SHAKTIPUMP-EQ,70.47,1906,134315.82,,0,60.92066601,0.015973787,0.023586531,0.941210832,78.83,66.9,0.001279269,-0.106012419,0.707611543
02-03-2023,NSE:INOXGREEN-EQ,43.65,4821,210436.65,,0,31.2849162,0.018008363,0.03460972,0.745569573,54.7,42.7,-0.027297652,-0.152920229,0.382703157
08-03-2023,NSE:IDEA-EQ,6.95,31827,221197.65,,0,23.33333333,0.016431723,0.041109969,0.410321242,8.6,6.45,-0.019739606,-0.141707757,0.350486929
13-03-2023,NSE:PCJEWELLER-EQ,3.26,81660,266211.6,,0,69.6969697,0.050765638,0.052585451,0.154116796,10.55,7.36,-0.046241628,-0.337083284,0.7316857
14-03-2023,NSE:ATGL-EQ,947.2,224,212172.8,,0,56.21249559,0.0499004,0.050404199,0.519926885,4000,971.5,-0.18681856,-0.858168759,0.642080859
15-03-2023,NSE:ADANIENSOL-EQ,928.35,261,242299.35,,0,63.2108611,0.049930379,0.048646216,1.996580541,2799.95,874.4,-0.103265576,-0.911067115,0.740533014
20-03-2023,NSE:ATGL-EQ,852.9,505,430714.5,,0,63.40779422,0.047823964,0.061341139,0.598145721,4000,971.5,-0.147858477,-1.028871323,0.529561772
20-03-2023,NSE:IDEA-EQ,6.35,6776,43027.6,,0,33.33333333,0.014845746,0.030933633,0.855375115,8.6,6.45,-0.035714503,-0.168782427,0.053958657
23-03-2023,NSE:IDEA-EQ,6.45,40212,259367.4,,0,29.16666667,0.017442602,0.031561462,0.722431409,8.6,6.45,-0.030178971,-0.170189305,0.258493181
27-03-2023,NSE:RTNPOWER-EQ,2.85,161581,460505.85,,0,11.76470588,0.024079318,0.056390977,1.722656911,5.65,4.2,-0.050922643,-0.181224718,-0.168259114
27-03-2023,NSE:IDEA-EQ,6.05,7543,45635.15,,0,20,0.017195573,0.036599764,1.06996277,8.6,6.45,-0.037848585,-0.1863427,-0.013074602
31-03-2023,NSE:IDEA-EQ,5.8,30089,174516.2,,0,19.35483871,0.016449417,0.042487685,1.59196514,8.6,6.45,-0.050890604,-0.204667287,0.0421837
17-04-2023,NSE:SJVN-EQ,33.35,8366,279006.1,,0,76.08695652,0.015819455,0.022381666,0.223748716,33.75,30.4,0.012389157,0.004504018,0.841639908
18-04-2023,NSE:NBCC-EQ,25.5,9938,253419,,0,68.80616175,0.03554243,0.045014006,0.441049679,25.7,20.63,0.028851999,-0.007771773,0.797682773
28-04-2023,NSE:BAJAJHIND-EQ,14.6,24636,359685.6,,0,66.21621622,0.03227004,0.044520548,0.500355167,15.7,11.45,0.028121232,0.016622455,0.743596832
05-05-2023,NSE:HATHWAY-EQ,13.65,30441,415519.65,,0,53.48837209,0.015323645,0.030088959,0.621036756,19.65,15.6,0.001306388,-0.146947857,0.741282092
08-05-2023,NSE:INFIBEAM-EQ,12.47,13053,162770.91,,0,56.71641791,0.00956819,0.028010081,0.51401378,15.78,12.74,-0.004492217,-0.096450525,0.644850819
12-05-2023,NSE:INFIBEAM-EQ,12.47,13128,163706.16,,0,63.33333333,0.0105109,0.030072173,0.665255525,15.78,12.74,-0.001961978,-0.0973916,0.699526499
17-05-2023,NSE:INFIBEAM-EQ,12.78,12891,164746.98,,0,74.8603352,0.011286386,0.033422759,1.084523097,15.78,12.74,0.004824493,-0.093123855,0.883567326
23-05-2023,NSE:INFIBEAM-EQ,12.92,12843,165931.56,,0,59.67741935,0.012444995,0.033613445,0.75498677,15.78,12.74,0.010152555,-0.088557162,0.833255043
25-05-2023,NSE:LLOYDSENGG-EQ,19.95,22039,439678.05,,0,69.14728682,0.029542928,0.050089509,0.58602785,18.67,13.87,0.043185265,0.142626981,0.694594397
30-05-2023,NSE:SOUTHBANK-EQ,15.7,9427,148003.9,,0,62.16931217,0.023477837,0.031392175,0.404286692,17.58,12.62,0.012078637,0.094724437,0.721186223
05-06-2023,NSE:SOUTHBANK-EQ,17.26,21596,372746.96,,0,69.50549451,0.030948677,0.028099652,0.636496801,17.58,12.62,0.033339956,0.093923868,0.987163449
08-06-2023,NSE:IFCI-EQ,11.75,21281,250051.75,,0,55.31914894,0.022524529,0.033738602,2.053599235,13.05,10.95,0.007939455,-0.017484607,0.776727539
09-06-2023,NSE:INFIBEAM-EQ,13.63,25370,345793.1,,0,60.66176471,0.017659427,0.040876218,0.901893922,15.78,12.74,0.019218049,-0.063304674,0.837618252
13-06-2023,NSE:CESC-EQ,72.05,5070,365293.5,,0,73.68421053,0.010657284,0.013383563,0.924503717,73.65,68.7,0.008325885,-0.040906136,0.899576888
14-06-2023,NSE:SOUTHBANK-EQ,16.66,15239,253881.74,,0,65.53398058,0.025531264,0.034213685,0.470073648,17.58,12.62,0.023063967,0.104754021,0.62446895
23-06-2023,NSE:HATHWAY-EQ,15.35,23121,354907.35,,0,67.24137931,0.019080638,0.036528618,0.456446358,19.65,15.6,0.030047492,-0.075997825,0.794787686
04-07-2023,NSE:SOUTHBANK-EQ,18.08,15517,280547.36,,0,67.40196078,0.028132974,0.032435209,2.037367143,17.99,16.07,0.02558712,0.103436197,0.970698006
07-07-2023,NSE:HATHWAY-EQ,15.5,31286,484933,,0,52.17391304,0.019139726,0.031797235,0.64225019,19.65,15.6,0.016226109,-0.058565281,0.784580988
14-07-2023,NSE:SOUTHBANK-EQ,20.61,9106,187674.66,,0,76.44046095,0.034682465,0.046752617,0.620302479,17.99,16.07,0.055633264,0.118114072,0.88126238
18-07-2023,NSE:BAJAJHIND-EQ,17.05,26907,458764.35,,0,64.70588235,0.02566453,0.042521994,0.52929893,15.7,11.45,0.020612586,0.082948045,0.694960255
20-07-2023,NSE:IDEA-EQ,7.55,56339,425359.45,,0,54.16666667,0.016759448,0.031693472,0.760824769,8.25,7.3,0.005973347,-0.032781774,0.662647496
25-07-2023,NSE:IFCI-EQ,12.65,37457,473831.05,,0,56,0.021420061,0.039243365,0.548474995,13.05,10.95,0.014215511,0.027228361,0.623524815
28-07-2023,NSE:BAJAJHIND-EQ,18.25,26708,487421,,0,65.97938144,0.022628961,0.045205479,0.573316726,15.7,11.45,0.034929207,0.100157841,0.711951031
31-07-2023,NSE:HATHWAY-EQ,15.9,28731,456822.9,,0,62.06896552,0.020531867,0.031671159,1.138456206,19.65,15.6,0.011800992,-0.030789699,0.970840408
02-08-2023,NSE:IFCI-EQ,13.25,29383,389324.75,,0,63.63636364,0.027308241,0.0393531,2.653717291,13.05,10.95,0.025104122,0.039028602,0.738998438
03-08-2023,NSE:HATHWAY-EQ,15.7,20771,326104.7,,0,56.06060606,0.018502482,0.037079163,0.771124132,19.65,15.6,0.01299243,-0.02563874,0.704010161
09-08-2023,NSE:RPOWER-EQ,18.25,30856,563122,,0,68.61313869,0.0309155,0.052641879,0.89469115,17.45,13.8,0.049965336,0.085298653,0.826966371
11-08-2023,NSE:ALOKINDS-EQ,15.9,13216,210134.4,,0,63.88888889,0.024576921,0.036837376,1.247707768,19.3,15.6,0.00451434,-0.007937553,0.766853516
16-08-2023,NSE:HATHWAY-EQ,16.35,29795,487148.25,,0,66.17647059,0.017355945,0.040192224,1.034411636,19.65,15.6,0.020697992,-0.005510594,0.696544754
24-08-2023,NSE:IFCI-EQ,14.4,27023,389131.2,,0,58.5106383,0.032783437,0.05406746,0.590901281,13.05,10.95,0.021594117,0.071202012,0.687155557
25-08-2023,NSE:HATHWAY-EQ,16.65,20730,345154.5,,0,60.60606061,0.018569318,0.039039039,0.810197964,19.65,15.6,0.017762501,0.008082333,0.658932681
30-08-2023,NSE:SUZLON-EQ,25.85,13469,348173.65,,0,85.47486034,0.031111102,0.037441282,0.55607451,12.15,8.9,0.066607923,0.218874847,1.114159487
01-09-2023,NSE:HATHWAY-EQ,16.9,32137,543115.3,,0,57.40740741,0.017829497,0.03317836,1.155828122,19.65,15.6,0.012052637,0.015092032,0.775202297
05-09-2023,NSE:JAIBALAJI-EQ,62.58,9103,569665.74,,0,81.37985104,0.034231128,0.040234214,0.102455198,18.31,14.64,0.104956013,0.259150372,1.124101999
06-09-2023,NSE:UJJIVANSFB-EQ,50.05,8488,424824.4,,0,61.11111111,0.013868226,0.028257457,1.197810756,33.5,25.2,0.011890658,0.20299698,0.837582668
07-09-2023,NSE:INFIBEAM-EQ,13.32,30077,400625.64,,0,66.66666667,0.02129883,0.04021879,2.258462639,15.15,13.19,0.007828042,-0.037683953,0.819668242
12-09-2023,NSE:PCJEWELLER-EQ,2.67,161662,431637.54,,0,46.51162791,0.021066436,0.029159979,1.136248315,3.95,2.71,-0.005325119,-0.303341391,0.338689617
13-09-2023,NSE:UJJIVANSFB-EQ,49.55,8245,408539.75,,0,51.77304965,0.014038033,0.025515352,0.854075187,33.5,25.2,0.008512508,0.205520025,0.585748359
21-09-2023,NSE:PCJEWELLER-EQ,2.67,161788,431973.96,,0,50.98039216,0.017048567,0.032637774,0.873079371,3.95,2.71,-0.005637139,-0.290657779,0.284344067
29-09-2023,NSE:RPOWER-EQ,19.25,22610,435242.5,,0,29.78723404,0.033670631,0.046567718,0.332409281,17.45,13.8,0.006233987,0.140063809,0.434115938
09-10-2023,NSE:SOUTHBANK-EQ,23.64,17221,407104.44,,0,58.71710526,0.024944228,0.047558617,0.639158355,21.76,17.9,0.027569633,0.175443755,0.532611172
11-10-2023,NSE:PCJEWELLER-EQ,2.76,160043,441718.68,,0,54.71698113,0.019207613,0.030538302,0.827564215,3.95,2.71,0.00026191,-0.258446829,0.978533742
18-10-2023,NSE:ALOKINDS-EQ,18.95,33050,626297.5,,0,52.21238938,0.023105579,0.038823973,0.955616472,22.4,18.1,0.007010528,0.086893805,0.586002317
20-10-2023,NSE:IDEA-EQ,11.75,39308,461869,,0,51.38888889,0.031202136,0.048328267,0.60347059,12.5,10.55,0.024948185,0.15037151,0.583369987
23-10-2023,NSE:RTNPOWER-EQ,6.95,118721,825110.95,,0,51.66666667,0.034753026,0.046248715,1.332030767,6.1,4.3,0.023404493,0.200052709,0.555901699
23-10-2023,NSE:ONGC-EQ,184.85,442,81703.7,,0,51.05485232,0.0116473,0.012944859,0.480138149,169,150.05,0.003363088,0.08081702,0.456227392
26-10-2023,NSE:JAIBALAJI-EQ,116.92,685,80090.2,,0,69.71639472,0.0345055,0.055917355,0.798083115,18.31,14.64,0.088290624,0.357304078,0.701762755
30-10-2023,NSE:IDEA-EQ,11.65,65253,760197.45,,0,59.25925926,0.033221431,0.052115267,1.57124888,12.5,10.55,0.000636659,0.150056779,0.60348505
02-11-2023,NSE:RTNPOWER-EQ,6.95,127389,885353.55,,0,51.02040816,0.030438115,0.051387461,0.915695111,6.1,4.3,0.011245766,0.202114143,0.44075103
02-11-2023,NSE:EASEMYTRIP-EQ,21.05,4168,87736.4,,0,55.12104283,0.023425336,0.039395996,0.915347853,22.75,19.88,-0.004408901,-0.063212421,0.746696922
09-11-2023,NSE:EASEMYTRIP-EQ,20.85,25264,526754.4,,0,52.71186441,0.023254149,0.043028434,0.770954779,22.75,19.88,0.012798773,-0.0546648,0.597458265
21-11-2023,NSE:SOUTHBANK-EQ,22.72,27405,622641.6,,0,58.3081571,0.013467326,0.029206489,0.591700599,25.34,21.16,-0.000842785,0.154222563,0.547444815
22-11-2023,NSE:HATHWAY-EQ,19.75,25557,504750.75,,0,65.45454545,0.027036364,0.036528029,0.887788798,22.3,17,0.015971371,0.0883071,0.708076465
01-12-2023,NSE:ALKYLAMINE-EQ,2162.7,235,508234.5,,0,63.28301887,0.008983815,0.013475219,1.298114014,2586.3,2318.65,-0.004165215,-0.092445703,0.677973495
11-12-2023,NSE:SOUTHBANK-EQ,23.5,47046,1105581,,0,60.25641026,0.013455172,0.022401216,1.39523145,25.34,21.16,0.004564226,0.134234213,0.869250815
11-12-2023,NSE:EASEMYTRIP-EQ,19.35,5663,109579.05,,0,36.18090452,0.010618327,0.018715393,0.658488116,23.45,18.9,-0.015585251,-0.066731774,0.338482076
13-12-2023,NSE:TRIDENT-EQ,37.05,29830,1105201.5,,0,48.05194805,0.016276278,0.020724889,0.634378921,39.75,36,0.004581588,0.028998051,0.542255539
15-12-2023,NSE:IDEA-EQ,14.05,11361,159622.05,,0,62.96296296,0.020565768,0.039145907,1.380621273,15.05,12.65,0.009123846,0.180479669,0.84296333
19-12-2023,NSE:TRIDENT-EQ,37.1,27377,1015686.7,,0,57.89473684,0.010022718,0.022525992,0.742251935,39.75,36,0.004990016,0.029620062,0.643940143
20-12-2023,NSE:IDEA-EQ,13.1,85351,1118098.1,,0,50.72463768,0.023856295,0.048800436,1.802170468,15.05,12.65,0.010090512,0.194300499,0.336216241
20-12-2023,NSE:NMDC-EQ,61.13,1812,110767.56,,0,52.85067873,0.020491486,0.032869061,1.26595811,36.83,34.6,0.028762571,0.162702457,0.476663307
28-12-2023,NSE:IDEA-EQ,13.25,81823,1084154.75,,0,50.68493151,0.025364486,0.047978437,0.578851953,15.05,12.65,0.002459322,0.189043696,0.421166529
03-01-2024,NSE:RTNPOWER-EQ,9.5,135503,1287278.5,,0,50,0.024703684,0.046240602,1.581053803,11.1,8.6,0.003869422,0.229810283,0.731061611
03-01-2024,NSE:INFIBEAM-EQ,19.71,6472,127563.12,,0,47.80114723,0.037236091,0.045118504,0.386226035,20.56,15.87,0.007810939,0.127052405,0.531979505
12-01-2024,NSE:SBICARD-EQ,766.7,1794,1375459.8,,0,43.85128694,0.00813044,0.015637519,0.714958597,788.8,751.6,0.001436431,-0.039584066,0.44499345
16-01-2024,NSE:ASHOKLEY-EQ,87.68,2313,202803.84,,0,52.36220472,0.015209037,0.024406934,0.598878199,92.4,82.63,2.30E-05,0.040718465,0.419000722
18-01-2024,NSE:HATHWAY-EQ,23.85,58847,1403500.95,,0,68.53146853,0.024332705,0.060347409,0.803301582,22.3,17,0.032986786,0.12484924,0.663138062
18-01-2024,NSE:UJJIVANSFB-EQ,58.4,2381,139050.4,,0,58.52272727,0.014407369,0.027703033,1.006277069,63,54.1,0.007459372,0.158584819,0.601471615
24-01-2024,NSE:RTNPOWER-EQ,10.1,12635,127613.5,,0,52.11267606,0.0303154,0.061173975,0.571197689,11.1,8.6,0.015615281,0.241525453,0.462610496
24-01-2024,NSE:HATHWAY-EQ,23.1,55737,1287524.7,,0,52.3255814,0.030213113,0.065708101,0.601600286,22.3,17,0.014570175,0.131394961,0.46137228
08-02-2024,NSE:IDEA-EQ,14.8,92104,1363139.2,,0,46.25,0.027035381,0.044401544,1.115005811,18.4,13.3,-0.01260035,0.187327723,0.466464456
09-02-2024,NSE:HATHWAY-EQ,25.15,23148,582172.2,,0,56.11111111,0.032964065,0.053251917,0.997088798,22.3,17,0.032743148,0.139204381,0.666948845
12-02-2024,NSE:PCJEWELLER-EQ,5.04,181673,915631.92,,0,34.69387755,0.029869938,0.055413832,0.683285947,6.54,5,-0.006488829,0.188217118,-0.053602265
13-02-2024,NSE:IDEA-EQ,14.7,38936,572359.2,,0,52.83018868,0.031539651,0.052721088,1.059205537,18.4,13.3,-0.005468709,0.185517453,0.496191987
21-02-2024,NSE:PCJEWELLER-EQ,5.52,268587,1482600.24,,0,53.77358491,0.031790876,0.052536232,1.23660719,6.54,5,0.005715713,0.174365351,0.680092551
21-02-2024,NSE:HATHWAY-EQ,24.1,6096,146913.6,,0,51.07526882,0.032325396,0.061351512,0.526008187,22.3,17,0.006726478,0.144759079,0.400212457
06-03-2024,NSE:HATHWAY-EQ,21.55,73622,1586554.1,,0,11.9047619,0.02116464,0.037454425,0.796048094,27.95,22,-0.031548862,0.137782707,0.021352981
06-03-2024,NSE:EASEMYTRIP-EQ,23.18,6783,157229.94,,0,30.99273608,0.019169558,0.041291754,0.507430806,27,23.05,-0.005898193,0.053653963,-0.012625835
12-03-2024,NSE:HATHWAY-EQ,20.5,71126,1458083,,0,17.27272727,0.019431147,0.039372822,1.253076985,27.95,22,-0.042081236,0.132889557,-0.013986872
13-03-2024,NSE:HATHWAY-EQ,19.15,78885,1510647.75,,0,13.23529412,0.022489725,0.045318911,1.605992815,27.95,22,-0.056588394,0.135047127,-0.108078067
13-03-2024,NSE:TATAINVEST-EQ,8365.3,17,142210.1,,0,68.85133114,0.042065561,0.057020839,0.124123653,4736.6,3967,0.109081218,0.25542848,0.671025303
15-03-2024,NSE:RPOWER-EQ,22.1,25541,564456.1,,0,31.57894737,0.028633186,0.054460246,1.175034974,33.15,27.95,-0.063335042,0.150357069,0.278841586
21-03-2024,NSE:HATHWAY-EQ,19.4,66258,1285405.2,,0,26.61870504,0.025482479,0.053755523,1.157693234,27.95,22,-0.058372794,0.101885613,0.1588169
08-04-2024,NSE:RTNPOWER-EQ,9.1,122916,1118535.6,,0,57.14285714,0.034912908,0.051805338,0.814565252,12.3,9.2,-0.000991134,0.138541758,0.684156505
10-04-2024,NSE:HATHWAY-EQ,21.7,34299,744288.3,,0,68.18181818,0.034806289,0.044766294,0.713284981,27.95,22,0.005789944,0.069591775,0.766258569
16-04-2024,NSE:RTNPOWER-EQ,8.75,114433,1001288.75,,0,47.69230769,0.033077384,0.053469388,0.746256325,12.3,9.2,-0.010627906,0.128287083,0.512615494
19-04-2024,NSE:ALOKINDS-EQ,27.8,27964,777399.2,,0,59.44444444,0.026433132,0.042523124,1.453845651,32,25.8,-0.001489288,0.147008686,0.549454319
02-05-2024,NSE:RTNPOWER-EQ,9.15,108388,991750.2,,0,51.2195122,0.026328338,0.043325527,6.473965554,12.3,9.2,0.004587359,0.102168487,0.65450008
09-05-2024,NSE:DISHTV-EQ,15.7,78677,1235228.9,,0,22.97297297,0.019053362,0.039808917,1.714395081,26.05,16.1,-0.033821731,-0.01950668,-0.201559714
14-05-2024,NSE:NETWORK18-EQ,80.25,12466,1000396.5,,0,35.66176471,0.027402095,0.050378282,0.782997984,95.35,78.6,-0.044331042,0.036475043,0.259597176
16-05-2024,NSE:ALOKINDS-EQ,26.9,34082,916805.8,,0,41.66666667,0.01867095,0.030138078,1.044570534,32,25.8,-0.013419425,0.110600854,0.486059913
29-05-2024,NSE:BATAINDIA-EQ,1373.95,638,876580.1,,0,76.10803324,0.009359705,0.015546937,2.103562253,1473.85,1348.1,0.00405838,-0.083125277,0.87737139
31-05-2024,NSE:HDFCBANK-EQ,765.78,1163,890602.14,,0,71.17797269,0.012191903,0.01487932,2.188298342,778.7,713.4,0.007518666,-0.020233272,0.861322316
03-06-2024,NSE:SEQUENT-EQ,104.75,13339,1397260.25,,0,27.03252033,0.017230923,0.036583703,0.889044437,134.85,114.5,-0.043576128,0.021338778,0.178562661
04-06-2024,NSE:REFEX-EQ,130.55,13206,1724043.3,,0,25.92190889,0.029854752,0.052990097,1.063488235,175.5,139.15,-0.041129178,0.120038374,0.030419575
04-06-2024,NSE:DISHTV-EQ,13.85,12342,170936.7,,0,20,0.028254139,0.051057246,1.504394171,26.05,16.1,-0.049509971,-0.078804783,-0.240071752
12-06-2024,NSE:JPPOWER-EQ,19.35,94622,1830935.7,,0,47.03557312,0.031258858,0.050239941,0.862805006,24,16.6,-0.006703063,0.162173907,0.563260089
19-06-2024,NSE:SOUTHBANK-EQ,27.92,9609,268283.28,,0,55.61290323,0.026650559,0.034946787,1.881025912,31.8,26.4,0.001141669,0.068132094,0.714593733
27-06-2024,NSE:SBICARD-EQ,730.35,2324,1697333.4,,0,73.43887423,0.013917233,0.014841221,0.907895701,765,706,0.00852033,-0.034706345,0.715632303
02-07-2024,NSE:ASIANPAINT-EQ,2925.6,645,1887012,,0,55.46377154,0.011532655,0.013773731,0.812052308,3027.3,2775.75,0.002187127,-0.03209569,0.685091464
02-07-2024,NSE:EASEMYTRIP-EQ,20.86,9066,189116.76,,0,45.41284404,0.01753496,0.019963019,0.859023422,23.9,21.03,-0.009998067,-0.019728917,0.436031664
05-07-2024,NSE:IOC-EQ,171.28,10359,1774289.52,,0,52.43128964,0.0089966,0.016059752,1.254303793,177,147.8,0.006592022,0.117891121,0.918821665
08-07-2024,NSE:TATATECH-EQ,1004.55,293,294333.15,,0,35.67753002,0.007675572,0.015049382,0.391306587,1115.9,982.25,-0.008820124,-0.089953107,0.301874432
12-07-2024,NSE:MAHABANK-EQ,65.08,27214,1771087.12,,0,44.86187845,0.01241641,0.023948547,1.463332457,73.5,59,-0.007647948,0.130027763,0.601174863
16-07-2024,NSE:KTKBANK-EQ,226.56,5059,1146167.04,,0,54.08805031,0.012366918,0.016936542,1.476069997,239,216.33,0.001442712,0.008238386,0.657132907
18-07-2024,NSE:TATATECH-EQ,1009.15,922,930436.3,,0,44.92481203,0.009069411,0.014849838,0.530494261,1115.9,982.25,-0.002718939,-0.086979221,0.441597289
23-07-2024,NSE:SANOFI-EQ,6389.65,299,1910505.35,,0,29.41775244,0.009183248,0.016976114,1.17004198,10524.95,5892.8,-0.043056026,-0.070188478,0.289280688
23-07-2024,NSE:EASEMYTRIP-EQ,21.12,9193,194156.16,,0,54.27631579,0.015520337,0.022219968,7.44570225,23.9,21.03,-0.008082169,-0.031415312,0.856879844
26-07-2024,NSE:KTKBANK-EQ,227.91,4804,1094879.64,,0,56.94915254,0.011112634,0.023330011,1.349605846,239,216.33,0.007787397,0.010393069,0.821710563
29-07-2024,NSE:STARCEMENT-EQ,213.04,7081,1508536.24,,0,52.44036697,0.010202488,0.022658387,1.293770116,256,189.55,-0.001314093,0.072993448,0.853163974
30-07-2024,NSE:EQUITASBNK-EQ,81.81,8000,654480,,0,17.01434159,0.014471167,0.026926502,1.728006271,107.8,90.99,-0.041241046,-0.013346734,-0.122958298
05-08-2024,NSE:PATELENG-EQ,53.49,25708,1375120.92,,0,30.47357584,0.030235562,0.043065459,1.21319373,74.4,58.91,-0.037477299,0.066186101,-0.255527853
09-08-2024,NSE:LEMONTREE-EQ,119.78,9081,1087722.18,,0,23.97119342,0.029178812,0.052924409,5.134267614,154.2,138.62,-0.04277622,0.080107266,-0.265300673
12-08-2024,NSE:ENGINERSIN-EQ,227.1,4286,973350.6,,0,26.31578947,0.023990991,0.047493238,1.315557154,303.9,226.85,-0.04844324,0.152187445,0.129124267
29-08-2024,NSE:MIDHANI-EQ,395.55,2949,1166476.95,,0,27.72319522,0.024908734,0.040639616,1.764416396,541,452.2,-0.039831031,0.059455443,0.091345291
02-09-2024,NSE:MOIL-EQ,382.8,3409,1304965.2,,0,21.58393753,0.023433213,0.037729512,1.585597621,588,465,-0.050422527,0.152249546,0.064752447
09-09-2024,NSE:IDEA-EQ,13.2,155318,2050197.6,,0,22.92490119,0.031248629,0.047132035,0.95736741,19.18,14.57,-0.0462846,0.090297112,-0.165642591
09-09-2024,NSE:JWL-EQ,508.5,399,202891.5,,0,40.49305752,0.026788219,0.03990729,2.19660492,748.1,581.05,-0.026328456,0.188468304,-0.272243453
17-09-2024,NSE:IRCON-EQ,231.75,913,211587.75,,0,20.05494505,0.014349597,0.031792264,1.115207915,351.6,259.45,-0.040154201,0.122522841,0.027020428
19-09-2024,NSE:IRCON-EQ,223.65,8563,1915114.95,,0,18.44987363,0.014526506,0.036999776,1.613661758,351.6,259.45,-0.048962338,0.114853719,0.020206755
19-09-2024,NSE:IDEA-EQ,10.38,18290,189850.2,,0,14.07103825,0.051790514,0.07535095,3.297453732,19.18,14.57,-0.1001389,0.053958892,-0.142643925
23-09-2024,NSE:IXIGO-EQ,139.49,13426,1872792.74,,0,24.858902,0.019101159,0.041472507,2.243417418,196.44,151.6,-0.03875339,-0.030985038,-0.05801607
25-09-2024,NSE:EASEMYTRIP-EQ,17.16,48441,831247.56,,0,24.23529412,0.048661955,0.05977356,13.02903843,21.84,19.4,-0.01546546,-0.050418012,-0.327220114
30-09-2024,NSE:CONCORDBIO-EQ,2032.55,603,1225627.65,,0,55.21978022,0.049540504,0.088356639,0.495387482,1799,1479.45,0.043920947,0.146061975,0.463834933
07-10-2024,NSE:HCC-EQ,37.56,26123,981179.88,,0,28.54556427,0.027290024,0.049558801,1.630627361,57.5,45.55,-0.04654535,0.1122013,-0.230142375
10-10-2024,NSE:TEXRAIL-EQ,188.8,5467,1032169.6,,0,32.51238706,0.026731451,0.048668281,1.166997891,296.49,237,-0.06072143,0.107568767,0.069984402
21-10-2024,NSE:MANAPPURAM-EQ,146.9,14602,2145033.8,,0,11.7357695,0.033677559,0.056656618,2.818480526,222.19,199,-0.084462401,0.04960411,-0.143463862
21-10-2024,NSE:IGL-EQ,221.58,959,212495.22,,0,10.35051546,0.026871495,0.043579874,0.837581756,285.18,258.02,-0.048834406,0.07714689,-0.185348644
25-10-2024,NSE:CHENNPETRO-EQ,707.7,282,199571.4,,0,20.04727434,0.033064569,0.063788127,2.042493801,1275,886.65,-0.062423237,0.050682209,-0.216176193
31-10-2024,NSE:LTF-EQ,146,5436,793656,,0,30.87855297,0.026679797,0.043605675,1.140329939,189.45,137.66,-0.057400797,0.011263551,0.237009614
11-11-2024,NSE:GMRP&UI-EQ,108.7,13921,1513212.7,,0,34.87287147,0.030218038,0.057261138,1.905726803,169.25,115.6,-0.058809516,0.267600292,0.143117684
13-11-2024,NSE:SUZLON-EQ,54.03,15120,816933.6,,0,25,0.03182956,0.070331297,2.991755144,86.04,66.1,-0.076221483,0.211427841,-0.223563066
18-11-2024,NSE:HONASA-EQ,297.25,5249,1560265.25,,0,10.52819415,0.046662607,0.065901718,1.429320677,547,423.65,-0.077992353,-0.041706193,-0.382804987
19-11-2024,NSE:ICIL-EQ,317.5,5023,1594802.5,,0,35.22588523,0.033100484,0.054420697,1.340638798,438.9,368.05,-0.049918539,0.043199644,0.01365433
26-11-2024,NSE:ICIL-EQ,325.1,4969,1615421.9,,0,32.87068382,0.034162348,0.054038318,1.541644776,438.9,368.05,-0.046513694,0.024934546,0.241300766
12-12-2024,NSE:EMAMILTD-EQ,604.95,2949,1783997.55,,0,42.95511222,0.03451161,0.05024028,1.500596405,860,725.4,-0.024117509,0.02847687,0.039971094
20-12-2024,NSE:ELECTCAST-EQ,141.71,4326,613037.46,,0,39.47935017,0.028961879,0.047138522,1.16871832,236.6,186.41,-0.024495595,-0.035337942,0.058043085
02-01-2025,NSE:PAISALO-EQ,49.06,37658,1847501.48,,0,22.71039604,0.024027226,0.058485237,0.956844756,63.74,48.85,-0.031974898,-0.075301857,0.114520238
06-01-2025,NSE:SURYAROSNI-EQ,259.35,2193,568754.55,,0,33.25793987,0.029350705,0.052502134,1.540642771,371.98,298.5,-0.020590495,-0.029536666,-0.191302881
07-01-2025,NSE:PAISALO-EQ,45.5,34547,1571888.5,,0,19.78193146,0.024092309,0.063045526,1.039092125,63.74,48.85,-0.055540583,-0.092045032,0.080482837
13-01-2025,NSE:ELECTCAST-EQ,119.99,5224,626827.76,,0,32.61601796,0.028394564,0.048754063,1.230891007,236.6,186.41,-0.061140946,-0.114641359,-0.06674054
17-01-2025,NSE:IRCON-EQ,220.15,2993,658908.95,,0,56.1232321,0.045481096,0.050066513,3.288454833,237.7,203.1,-0.01012909,-0.044166983,0.780597571
27-01-2025,NSE:ZEEL-EQ,108.54,17440,1892937.6,,0,27.34543882,0.032124913,0.051389876,1.448269714,144.28,120.02,-0.034206694,-0.160675813,-0.138630381
27-01-2025,NSE:DBL-EQ,377.55,496,187264.8,,0,22.29213483,0.024520313,0.04132849,2.062300735,516,434,-0.043971527,-0.039617804,-0.111442341
03-02-2025,NSE:MOTHERSON-EQ,87.07,2286,199042.02,,0,28.19888734,0.028633611,0.038327126,3.978674632,144.66,127.33,-0.035660601,-0.053405226,-0.116855978
05-02-2025,NSE:KPIGREEN-EQ,430.75,480,206760,,0,52.81933257,0.043080479,0.045817096,0.568894421,588.8,313.4,-0.035750483,-0.11292383,0.735438019
11-02-2025,NSE:ELECTCAST-EQ,109.06,16392,1787711.52,,0,35.31413019,0.026233458,0.054340992,1.659185163,236.6,186.41,-0.038874646,-0.208955584,-0.181227035
11-02-2025,NSE:NFL-EQ,91.92,1927,177129.84,,0,27.30923695,0.027462163,0.05050976,1.501735211,129.7,101,-0.039802154,-0.045541314,-0.177080846
14-02-2025,NSE:MMTC-EQ,57.64,2859,164792.76,,0,32.57170637,0.024141432,0.043471795,1.884789891,85.88,71.06,-0.048315408,-0.106180781,-0.175300423
17-02-2025,NSE:PCJEWELLER-EQ,12.04,123974,1492646.96,,0,36.8174727,0.037698827,0.079793545,1.760409758,19.3,13.81,-0.049253665,0.188158385,-0.068865006
27-02-2025,NSE:GATEWAY-EQ,62.22,4603,286398.66,,0,7.278287462,0.017182193,0.046344767,2.71127316,92.3,78.75,-0.052867883,-0.182650129,-0.093814624
06-03-2025,NSE:AAVAS-EQ,1706,849,1448394,,0,54.02469136,0.007007201,0.014809077,1.383639277,1738,1644,0.00036072,0.004314812,0.740029956
26-03-2025,NSE:HDFCBANK-EQ,903.28,1648,1488605.44,,0,84.92329818,0.009781813,0.014320824,1.015891378,883.5,830.55,0.016879329,0.0196816,0.953365555
16-04-2025,NSE:APARINDS-EQ,4995.5,298,1488659,,0,14.6675679,0.031789856,0.052304932,0.401850998,11779.9,6690,-0.057882087,-0.297716304,0.216203382
25-04-2025,NSE:NETWEB-EQ,1459.5,605,882997.5,,0,39.00440313,0.022170457,0.054627319,1.561455074,1681.95,1251.55,-0.006622806,-0.264958275,0.225830366
07-05-2025,NSE:MANYAVAR-EQ,741.2,2238,1658805.6,,0,34.55545371,0.021397066,0.036856256,1.878156097,1512,1234,-0.015786528,-0.27114867,-0.068654571
07-05-2025,NSE:TITAGARH-EQ,698.35,236,164810.6,,0,17.02586207,0.026216838,0.039460361,1.252856479,836.95,711.4,-0.028092054,-0.276644923,-0.01207427
26-05-2025,NSE:ORCHPHARMA-EQ,741.25,254,188277.5,,0,37.36457546,0.025627833,0.049857866,1.48904192,875,720,-0.024540959,-0.357471749,0.202435812
27-05-2025,NSE:SIEMENS-EQ,3299.1,472,1557175.2,,0,73.67670138,0.018323757,0.031930786,0.901502193,5520,2450,0.006033886,-0.461333839,0.897597862
28-05-2025,NSE:ORISSAMINE-EQ,4970,62,308140,,0,50.14807502,0.023476723,0.03947255,2.144911105,5940,4800.5,-0.006116395,-0.177777969,0.228491321
03-06-2025,NSE:SPANDANA-EQ,251.96,1251,315201.96,,0,22.64117543,0.027851322,0.037505953,1.353152106,331.23,232.09,-0.00578246,-0.423333398,0.078315979
12-06-2025,NSE:SIEMENS-EQ,3267.5,488,1594540,,0,49.04520655,0.017265,0.021285386,0.570555932,5520,2450,0.011554121,-0.439645335,0.471808965
13-06-2025,NSE:SHAREINDIA-EQ,182.55,1668,304493.4,,0,46.16635688,0.02357247,0.03644794,0.575191725,333.2,263.7,0.028106078,-0.272820213,0.644401887
19-06-2025,NSE:SHAREINDIA-EQ,175.07,9891,1731617.37,,0,50.5764304,0.026439542,0.041052967,0.601080433,333.2,263.7,0.010417468,-0.272287617,0.25967582
19-06-2025,NSE:PAISALO-EQ,29.87,5750,171752.5,,0,45.26034713,0.020825087,0.043043665,0.78122135,35.85,30.3,-0.016793241,-0.312628097,-0.018017886
02-07-2025,NSE:JAICORPLTD-EQ,112.42,5921,665638.82,,0,38.34304746,0.025273372,0.03773477,0.432296564,127.47,105.8,0.005550036,-0.586567204,0.410978039
08-07-2025,NSE:SWSOLAR-EQ,305.35,3785,1155749.75,,0,35.45064378,0.020245771,0.030971485,0.438699597,348.9,302.5,0.003075932,-0.229446103,0.113077732
18-07-2025,NSE:BAJAJHFL-EQ,121.89,9914,1208417.46,,0,50.17825312,0.007882129,0.013988022,0.86721847,136.96,114.91,0.000755877,-0.052510405,0.627997694
22-07-2025,NSE:SULA-EQ,294.85,2321,684346.85,,0,26.03550296,0.006071946,0.015298336,0.753548307,335.9,293.1,-0.005673438,-0.145999107,-0.000421966
24-07-2025,NSE:HEMIPROP-EQ,133.8,5191,694555.8,,0,37.48819641,0.006600728,0.018839419,1.338525664,148.8,132.31,-0.006339382,-0.085791492,0.14671196
25-07-2025,NSE:DEEPAKNTR-EQ,1902.6,595,1132047,,0,17.53355705,0.007717142,0.013181211,0.669669749,2174,1926,-0.007243946,-0.102363812,-0.068703147
28-07-2025,NSE:KTKBANK-EQ,184.8,9292,1717161.6,,0,21.94630872,0.006226569,0.014877087,1.184014768,212.79,190,-0.016426283,-0.021358653,-0.149612499
28-07-2025,NSE:EASEMYTRIP-EQ,10.23,16643,170257.89,,0,41.96428571,0.008432052,0.018921938,0.766257373,14.02,11.01,-0.007838638,-0.24899,0.025534909
30-07-2025,NSE:CENTRALBK-EQ,36.69,4513,165581.97,,0,14.45783133,0.006809231,0.019799089,0.5718246,41.2,36.37,-0.016246456,-0.160148066,0.087544294
31-07-2025,NSE:KTKBANK-EQ,180.66,8446,1525854.36,,0,20.0983405,0.005988986,0.015609432,0.947313877,212.79,190,-0.022606813,-0.026993098,-0.07258643
05-08-2025,NSE:CENTRALBK-EQ,35.73,8275,295665.75,,0,9.064327485,0.007222478,0.018751749,0.524637365,41.2,36.37,-0.022155867,-0.165438945,0.077554743
06-08-2025,NSE:EASEMYTRIP-EQ,9.34,146584,1369094.56,,0,0,0.010633673,0.021872132,1.192908481,14.02,11.01,-0.0320578,-0.275169679,-0.054690917
11-08-2025,NSE:BATAINDIA-EQ,1183.4,1120,1325408,,0,29.07348243,0.007200706,0.012017432,0.587202024,1284.9,1175.2,-0.009916805,-0.054512719,0.255099687
12-08-2025,NSE:TCS-EQ,3035.4,429,1302186.6,,0,27.87188174,0.008589181,0.014483852,1.200781935,3630.5,3363.7,-0.020862774,-0.114798186,0.274754878
28-08-2025,NSE:UBL-EQ,1855.6,858,1592104.8,,0,24.51790634,0.007327854,0.017768608,1.031242958,2110,1871.5,-0.016000943,-0.019080144,0.027803928
28-08-2025,NSE:ICICIBANK-EQ,1399.1,112,156699.2,,0,29.34076137,0.006085996,0.012135352,1.65036373,1500,1412,-0.006961337,0.054866093,0.012619557
01-09-2025,NSE:ORCHPHARMA-EQ,728.8,1935,1410228,,0,44.00551217,0.025299846,0.042427866,0.757809478,816.25,720,-0.001009195,-0.235698918,0.016406828
17-09-2025,NSE:SANOFI-EQ,5051.5,55,277832.5,,0,39.26605505,0.008214981,0.013178547,1.427272727,6410,5858,-0.014064071,-0.101972119,0.266510179
19-09-2025,NSE:ORIENTCEM-EQ,219.56,5995,1316262.2,,0,46.46621203,0.016898017,0.023895193,3.604452457,267.8,232.16,-0.012563994,-0.197281404,0.217797007
