date,symbol,trade_id,entry_date,entry_price,total_shares,total_trade_pnl,targets_hit,exit_type,t1_pnl,t2_pnl,t3_pnl,trail_pnl,time_exit_pnl,final_exit_reason,RSI_14,VOL_20,NORM_ATR,volume_ratio,volume_percentile,ema_50_200_diff,ema_flag,NORM_BB,BB_Squeeze
2024-09-09,NSE:AADHARHFC-EQ,1,2024-08-28,386.7,2535,85262.70403928566,"T1,T2",T2_PARTIAL,11509.578428571433,16319.134199999977,0.0,57433.99141071424,0.0,STOPLOSS,37.677725118483416,0.0238439188076896,0.0402028150282611,1.3598375121154145,0.3835616438356164,0.1009308639946016,1,0.1861939119630402,0.0
2024-09-17,NSE:AADHARHFC-EQ,2,2024-09-09,428.4,4936,132546.0436071428,"T1,T2",T2_PARTIAL,23132.955535714245,32808.0924,0.0,76604.99567142858,0.0,STOPLOSS,65.59094719195306,0.029273677519815,0.0374983326663998,0.8025147460588764,0.3580246913580246,0.0872634228802311,1,0.8473490938120042,0.0
2024-10-09,NSE:AADHARHFC-EQ,3,2024-10-03,443.4,503,3048.23811428571,T1,T1_ONLY,3204.3149142857096,0.0,0.0,-156.0768,0.0,STOPLOSS,45.48022598870056,0.0318323151217273,0.0489077904504156,0.5013973302776965,0.1938775510204081,0.1169254387046019,1,0.294982313205414,0.0
2024-10-29,NSE:AADHARHFC-EQ,4,2024-10-09,439.4,902,9515.7392,,TIME_EXIT_ONLY,0.0,0.0,0.0,0.0,9515.7392,TIMEEXIT,45.04504504504504,0.0317639994864525,0.0581881136614864,0.8788884404256456,0.5196078431372549,0.1131539245594393,1,0.2434061171342195,0.0
2024-11-11,NSE:AADHARHFC-EQ,5,2024-11-04,451.4,1041,5378.6952857142915,T1,T1_ONLY,5707.7658857142915,0.0,0.0,-329.07059999999996,0.0,STOPLOSS,46.79891794409377,0.0230743489226469,0.0415690866510538,0.8036853199949273,0.2166666666666666,0.0912789709374201,1,0.7589544903173303,1.0
2021-03-18,NSE:ABBOTINDIA-EQ,3,2021-03-15,14535.8,9,604.7272285714263,T1,T1_ONLY,691.9420285714262,0.0,0.0,-87.2148,0.0,STOPLOSS,45.61570390868207,0.0090037760147522,0.0168844213203656,0.809781840815968,0.3412698412698413,-0.0223155232148707,-1,0.362426413825671,0.0
2021-01-18,NSE:ABFRL-EQ,1,2021-01-11,168.75,1824,11842.18428214288,"T1,T2",T2_PARTIAL,2919.0401035714367,4152.3546857142865,0.0,4770.789492857156,0.0,STOPLOSS,86.52631578947371,0.0210620452477164,0.0326560846560846,1.182173410923554,0.7579365079365079,0.0202359222048456,1,0.7759015173371351,0.0
2021-01-21,NSE:ABFRL-EQ,2,2021-01-18,170.15,235,327.6467500000007,T1,T1_ONLY,355.7215000000007,0.0,0.0,-28.07475,0.0,STOPLOSS,58.30564784053156,0.0246132636868693,0.0308971075941396,0.6761523318084574,0.492063492063492,0.0326819298804899,1,0.609065698791472,0.0
2019-12-10,NSE:ABREL-EQ,1,2019-12-04,475.75,95,1915.2342142857115,"T1,T2",T2_PARTIAL,464.00119999999924,672.3738571428561,0.0,778.8591571428559,0.0,STOPLOSS,89.81900452488688,0.0206037130781309,0.0358681780647098,0.374415146393148,0.4761904761904761,-0.4649884301188224,-1,0.8130067927793913,0.0
2023-07-05,NSE:ABSLAMC-EQ,1,2023-06-30,372.35,1231,2661.83525714286,T1,T1_ONLY,2982.80095714286,0.0,0.0,-320.9657,0.0,STOPLOSS,49.07894736842107,0.0097603404389716,0.0227320685223196,11.575679595774051,1.0,-0.0934770202873395,-1,0.5988784046235299,1.0
2023-03-21,NSE:ADANIENSOL-EQ,2,2023-03-14,902.2,791,55292.7794607143,"T1,T2",T2_PARTIAL,9654.967789285707,13674.867757142865,0.0,31962.94391428573,0.0,STOPLOSS,56.5959409594096,0.0501453099386151,0.0462005573677043,2.0783388634721227,0.9761904761904762,-0.929345596408208,-1,0.6492466047103638,1.0
2023-11-30,NSE:ADANIENSOL-EQ,3,2023-11-28,865.1,1220,50380.14095,"T1,T2",T2_PARTIAL,8760.237450000017,12476.223999999995,0.0,29143.679499999987,0.0,STOPLOSS,72.79362972793632,0.0437733602391333,0.0286961044965899,12.530853383452392,0.988095238095238,-0.3472467663542464,-1,1.4120715871277978,0.0
2022-11-16,NSE:ADANIENT-EQ,1,2022-10-24,3309.8,121,42310.78874285708,"T1,T2",T2_PARTIAL,3359.593542857138,4938.801028571421,0.0,34012.394171428525,0.0,STOPLOSS,65.63781788351109,0.0237603513627172,0.0292248992170437,0.0761682628597129,0.0039682539682539,0.210470729296501,1,0.4684718922089243,1.0
2023-04-17,NSE:ADANIPORTS-EQ,1,2023-03-28,593.4,634,33911.27687142861,"T1,T2",T2_WITH_TIME_EXIT,4943.656821428575,7000.041750000005,0.0,0.0,21967.578300000023,TIMEEXIT,15.398075240594906,0.0352795789262269,0.0448926284366122,1.28330826975944,0.9206349206349206,-0.1324096002290773,-1,0.0386630015757857,1.0
2020-10-27,NSE:ADANIPOWER-EQ,1,2020-10-22,35.0,3038,481.9775321428579,T1,T1_ONLY,556.4225321428579,0.0,0.0,-74.44500000000001,0.0,STOPLOSS,11.32075471698127,0.0071334187650433,0.018469387755102,1.4591285249676424,0.0952380952380952,-0.1068299534818566,-1,-0.0081208938763582,0.0
2022-04-29,NSE:ADANIPOWER-EQ,2,2022-04-25,272.05,2701,52526.963578571376,"T1,T2",T2_PARTIAL,12980.996357142836,18327.64725,0.0,21218.319971428537,0.0,STOPLOSS,75.07309941520468,0.0516554229147157,0.0599679680730958,0.3401354745641502,0.7817460317460317,0.188481980257291,1,0.8953758776142163,0.0
2022-09-28,NSE:ADANIPOWER-EQ,3,2022-09-26,366.5,1518,6114.1008750000055,T1,T1_ONLY,6503.690375000006,0.0,0.0,-389.5895,0.0,STOPLOSS,30.2158273381295,0.0287595359948318,0.0400409276944065,0.8929341237929422,0.1349206349206349,0.2818812278991259,1,-0.1970103430798537,1.0
2023-02-22,NSE:ALIVUS-EQ,1,2023-02-06,374.85,1425,3414.7715785714204,T1,T1_ONLY,3788.4970285714203,0.0,0.0,-373.72545,0.0,STOPLOSS,7.635467980295516,0.0061992970368632,0.0246384267992911,1.6418316179514951,0.6785714285714286,-0.1028630020911011,-1,0.1145034513197865,0.0
2021-01-11,NSE:ALKYLAMINE-EQ,1,2020-12-29,1545.32,71,15167.195788571426,"T1,T2",T2_PARTIAL,1051.383359999999,1525.1560285714304,0.0,12590.656399999996,0.0,STOPLOSS,47.23362105561056,0.0206082994912714,0.0334318180977772,0.4821997094914493,0.0952380952380952,0.216663186199114,1,0.4486141280235158,1.0
2021-07-14,NSE:ALKYLAMINE-EQ,2,2021-07-08,3664.8,11,1376.5688999999988,"T1,T2",T2_PARTIAL,315.9782999999997,428.6339999999996,0.0,631.9565999999994,0.0,STOPLOSS,65.26469268730375,0.0115661894493266,0.0297697009386596,0.6620033053904726,0.115079365079365,0.2710652775004163,1,0.7151130456330741,0.0
2024-07-11,NSE:ALLCARGO-EQ,1,2024-06-21,61.29,20449,75477.55382357139,T1,T1_WITH_TIME_EXIT,19442.10860357144,0.0,0.0,0.0,56035.44521999996,TIMEEXIT,30.850362557679688,0.0234731682372684,0.052758548353262,1.7166298001639095,0.9126984126984128,-0.0728472562128924,-1,0.0540283287772144,0.0
2022-08-29,NSE:ALOKINDS-EQ,1,2022-08-22,19.2,39346,29552.70402857147,"T1,T2",T2_PARTIAL,5121.966385714292,7329.576107142868,0.0,17101.16153571431,0.0,STOPLOSS,28.94736842105263,0.0157074218927518,0.0236235119047619,0.9241741573847392,0.1349206349206349,-0.1253906644003975,-1,0.2938491837091132,1.0
2022-09-06,NSE:ALOKINDS-EQ,2,2022-08-29,19.4,41136,25129.593728571468,"T1,T2",T2_PARTIAL,6189.09965000001,8831.614600000014,0.0,10108.879478571444,0.0,STOPLOSS,48.43749999999998,0.0190806189017842,0.0268777614138439,1.0234315331829762,0.1904761904761904,-0.1240886825140931,-1,0.4028887707248809,1.0
2019-03-05,NSE:AMBER-EQ,1,2019-02-13,644.3,138,8847.89798571429,T1,T1_WITH_TIME_EXIT,1720.1924857142844,0.0,0.0,0.0,7127.705500000005,TIMEEXIT,12.595065850491563,0.0244770855636203,0.0661847852597503,0.2290178061502925,0.373015873015873,-0.1828181888343791,-1,0.1527418544590295,0.0
2020-02-24,NSE:APARINDS-EQ,1,2020-02-19,390.45,102,259.68857142857166,T1,T1_ONLY,287.41052142857166,0.0,0.0,-27.72195,0.0,STOPLOSS,52.01612903225806,0.0128580150657662,0.0247699540822859,0.2084517844786621,0.4801587301587302,-0.2150556675996273,-1,0.3673398296135354,1.0
2020-12-10,NSE:APLAPOLLO-EQ,1,2020-11-23,324.75,403,11368.68610714283,"T1,T2",T2_PARTIAL,793.9069285714246,1143.0101785714278,0.0,9431.768999999978,0.0,STOPLOSS,57.39445739445736,0.0122600463485233,0.0212251182228087,1.1711309369255216,0.7936507936507936,0.2164603148507131,1,0.5916389752004506,1.0
2020-08-10,NSE:APLLTD-EQ,1,2020-07-27,964.25,35,2995.369099999996,"T1,T2",T2_PARTIAL,383.74942857142804,621.7130857142848,0.0,1989.906585714283,0.0,STOPLOSS,62.42803504380473,0.0179342105270566,0.0408385495759102,0.805652252372872,0.8253968253968254,0.1772564811098639,1,0.625348820141628,0.0
2021-08-27,NSE:APLLTD-EQ,3,2021-08-23,734.55,136,648.4806428571441,T1,T1_ONLY,718.262892857144,0.0,0.0,-69.78225,0.0,STOPLOSS,22.06855081178585,0.026860539424019,0.0248743156645954,0.5421954113445284,0.6428571428571429,-0.0794692341952347,-1,0.173790129986779,1.0
2019-03-11,NSE:APOLLOHOSP-EQ,1,2019-02-18,1116.85,23,1737.5974000000017,T1,T1_WITH_TIME_EXIT,361.66220000000084,0.0,0.0,0.0,1375.9352000000008,TIMEEXIT,24.129634871214225,0.0290831901090959,0.0473077980800594,1.2576022572116687,0.9365079365079364,0.0635505249666822,1,0.0788984780080918,0.0
2020-09-30,NSE:ARVINDFASN-EQ,1,2020-09-24,123.55,396,736.9625249999995,T1,T1_ONLY,771.1858749999994,0.0,0.0,-34.223349999999996,0.0,STOPLOSS,21.339950372208463,0.0284199945562398,0.0535063883910504,0.9525969065596042,0.8174603174603174,-0.7218784921130407,-1,0.1113390243315352,0.0
2020-10-08,NSE:ARVINDFASN-EQ,2,2020-09-30,123.15,361,2621.6954571428587,"T1,T2",T2_PARTIAL,645.6116571428576,917.9980285714291,0.0,1058.0857714285721,0.0,STOPLOSS,36.81948424068771,0.0269983161257995,0.049591091004002,1.1216326050456116,0.8492063492063492,-0.7089519170720053,-1,0.1872331552513755,0.0
2020-11-23,NSE:ASHOKA-EQ,1,2020-11-02,60.2,1775,12972.5881785714,"T1,T2",T2_PARTIAL,812.6281000000006,1161.9669357142864,0.0,10997.993142857113,0.0,STOPLOSS,37.81512605042025,0.0096317398205978,0.0264000949216896,0.6995943403249657,0.0952380952380952,-0.1182168698697961,-1,0.0817236412382446,1.0
2024-04-09,NSE:ASIANPAINT-EQ,1,2024-03-26,2814.65,471,25122.289671428545,"T1,T2",T2_PARTIAL,6145.5318321428385,8908.546114285735,0.0,10068.21172499997,0.0,STOPLOSS,46.64047151277015,0.0089580695795299,0.0165016711034866,1.1207373858961147,0.8452380952380952,-0.0488534184117569,-1,0.235189366746704,1.0
2023-03-27,NSE:ATGL-EQ,2,2023-03-20,852.9,568,50004.06374999999,"T1,T2",T2_PARTIAL,8740.148678571435,12337.703249999995,0.0,28926.21182142856,0.0,STOPLOSS,63.40779421719369,0.04782396447233,0.0613411386362494,0.5981457209279315,0.9206349206349206,-1.028871322899201,-1,0.5295617718799337,1.0
2020-03-19,NSE:AURIONPRO-EQ,2,2020-03-17,14.78,2639,1451.2923628571418,T1,T1_ONLY,1478.5910228571418,0.0,0.0,-27.29866,0.0,STOPLOSS,19.063545150501653,0.0452321798379297,0.1274405567369031,1.495410987231721,0.9404761904761904,-1.0143826535221263,-1,-0.0007924715190408,0.0
2020-04-13,NSE:AURIONPRO-EQ,3,2020-03-24,19.05,1427,1171.238884285714,T1,T1_ONLY,1190.269834285714,0.0,0.0,-19.03095,0.0,STOPLOSS,45.89235127478753,0.072507137888805,0.1471316085489313,0.8638945572073171,0.8412698412698413,-0.7838917295300853,-1,0.5197569601086957,0.0
2023-09-21,NSE:AUROPHARMA-EQ,1,2023-09-07,861.7,659,13977.062360714273,"T1,T2",T2_PARTIAL,3442.802078571422,4917.972042857149,0.0,5616.288239285704,0.0,STOPLOSS,52.01863354037271,0.0117178399309983,0.0211997877948905,1.0743849518657014,0.75,0.163752696984854,1,0.6971813020337049,1.0
2023-02-02,NSE:AWL-EQ,1,2023-01-31,466.45,1816,9091.17503214286,T1,T1_ONLY,9684.03298214286,0.0,0.0,-592.85795,0.0,STOPLOSS,22.029834842834305,0.0262659279149268,0.0391329647948792,0.5637303213912884,0.1065573770491803,-0.0151528341974488,-1,-0.2039732665535674,0.0
2022-11-10,NSE:BAJAJHLDNG-EQ,2,2022-10-27,6580.05,73,13079.768378571433,"T1,T2",T2_PARTIAL,3245.266907142858,4524.064714285716,0.0,5310.436757142859,0.0,STOPLOSS,48.59305664317412,0.0181650083062789,0.0234415283427069,1.0345048579150793,0.7857142857142857,0.1237927888713867,1,0.5019084362671682,1.0
2021-12-24,NSE:BALAMINES-EQ,2,2021-12-17,3126.55,159,5231.0874642857225,T1,T1_ONLY,5578.134514285723,0.0,0.0,-347.04705000000007,0.0,STOPLOSS,59.835259404966806,0.0272137754380316,0.0382073348761871,0.7897770326691038,0.1706349206349206,0.1235984471977976,1,0.5090472389034896,1.0
2021-12-29,NSE:BALAMINES-EQ,3,2021-12-24,3127.15,187,6302.1291499999925,T1,T1_ONLY,6711.785799999992,0.0,0.0,-409.65665,0.0,STOPLOSS,56.45118803013542,0.0277142888417107,0.0393660590085449,0.3834305907049223,0.0039682539682539,0.1043029985868155,1,0.5251980656795503,0.0
2019-07-08,NSE:BANCOINDIA-EQ,1,2019-07-01,59.1,1324,675.8638757142843,T1,T1_ONLY,730.6495757142843,0.0,0.0,-54.785700000000006,0.0,STOPLOSS,11.247443762781074,0.0124459579636072,0.0321730722745951,0.9945842064328306,0.3571428571428571,-0.2276651381552375,-1,0.188699343002605,0.0
2019-07-24,NSE:BANCOINDIA-EQ,3,2019-07-22,52.13,1217,599.9330364285706,T1,T1_ONLY,644.3477964285706,0.0,0.0,-44.41476,0.0,STOPLOSS,20.942408376963385,0.0145728182080154,0.0348990161957743,0.7660488541197985,0.123015873015873,-0.2895673256314744,-1,-0.06420832982492,0.0
2025-01-17,NSE:BASF-EQ,1,2025-01-13,4821.1,241,51791.451414285635,"T1,T2",T2_PARTIAL,12709.867885714255,18251.522271428577,0.0,20830.061257142806,0.0,STOPLOSS,14.352254919031836,0.0203325090485017,0.0376529363482548,0.625701339150185,0.6746031746031746,0.0485405296074609,1,-0.2224901946799189,0.0
2019-06-17,NSE:BATAINDIA-EQ,2,2019-05-27,1338.05,66,4679.430471428578,"T1,T2",T2_WITH_TIME_EXIT,789.6360714285711,1124.2232000000026,0.0,0.0,2765.5712000000044,TIMEEXIT,46.62603395733564,0.0177991937345098,0.0305375092752246,2.905554144293498,0.9761904761904762,0.1397036391765642,1,0.3011064014517203,0.0
2019-08-21,NSE:BBL-EQ,1,2019-08-05,432.33,91,354.4252371428565,T1,T1_ONLY,382.0943571428565,0.0,0.0,-27.66912,0.0,STOPLOSS,5.932425353588229,0.0119380591363735,0.0337671950328948,0.5446997460500904,0.0833333333333333,-0.1027892584918662,-1,0.0662593920774311,0.0
2023-10-16,NSE:BECTORFOOD-EQ,2,2023-10-04,1029.35,1095,90431.5792392857,"T1,T2",T2_PARTIAL,12180.613857142855,17319.318714285713,0.0,60931.64666785713,0.0,STOPLOSS,59.645946489639904,0.0252532899579162,0.0371142676723868,0.3838742828583236,0.0238095238095238,0.215264163681222,1,0.6867639774135675,0.0
2019-10-01,NSE:BERGEPAINT-EQ,2,2019-09-16,305.21,140,4152.381290000009,"T1,T2",T2_PARTIAL,231.5565600000009,328.61967285714246,0.0,3592.2050571428663,0.0,STOPLOSS,53.57952704891478,0.0080410528641608,0.019082879703436,1.1706451365412105,0.6825396825396826,0.0679031398281849,1,0.548980568413753,1.0
2025-03-28,NSE:BLACKBUCK-EQ,1,2025-03-19,418.85,3974,19081.066614285726,T1,T1_ONLY,20246.307314285725,0.0,0.0,-1165.2407,0.0,STOPLOSS,47.6280834914611,0.0236758795573046,0.0415934787428162,0.8622016038111657,0.2926829268292683,0.1632478308483058,1,0.5215122364204589,1.0
2025-08-28,NSE:BLACKBUCK-EQ,2,2025-08-21,618.55,1962,26183.241353571444,T1,T1_ONLY,27032.510503571444,0.0,0.0,-849.26915,0.0,STOPLOSS,73.46875961834408,0.0484778379713782,0.0752739702299155,1.4955473164710016,0.962566844919786,0.1089029580682764,1,0.9887387477532956,0.0
2024-06-07,NSE:BOROLTD-EQ,2,2024-06-04,300.3,1019,15711.364467857136,"T1,T2",T2_PARTIAL,3883.221964285716,5495.698842857132,0.0,6332.443660714288,0.0,STOPLOSS,14.58689458689456,0.0230016123724374,0.0433019361590789,1.888195771775337,0.9285714285714286,-0.0622833639440302,-1,-0.0664895391487587,0.0
2021-07-28,NSE:BRITANNIA-EQ,1,2021-07-22,3425.3,19,189.08630714285738,T1,T1_ONLY,233.61520714285737,0.0,0.0,-44.5289,0.0,STOPLOSS,11.975914362176596,0.0055139046181404,0.0123795204591047,1.081205409233542,0.238095238095238,0.0011950107679886,1,0.1973700859992062,0.0
2019-11-06,NSE:CEMPRO-EQ,1,2019-10-16,36.6,943,13386.301949999994,"T1,T2",T2_PARTIAL,1090.2190928571438,1532.783057142857,0.0,10763.299799999993,0.0,STOPLOSS,9.722222222222214,0.0310120290528496,0.1063622170179547,2.493039803026008,0.984126984126984,-0.8771867634213424,-1,0.1319327322934578,0.0
2019-11-08,NSE:CGPOWER-EQ,1,2019-11-06,16.0,2865,521.8060714285706,T1,T1_ONLY,553.8860714285706,0.0,0.0,-32.08,0.0,STOPLOSS,71.02803738317758,0.0322217797685892,0.0412946428571428,2.0472584024172016,0.1904761904761904,-0.715287014324953,-1,1.0463461031424102,0.0
2020-03-20,NSE:CGPOWER-EQ,3,2020-03-12,5.0,9885,5199.617132142854,"T1,T2",T2_PARTIAL,1286.7885071428564,1811.7103714285704,0.0,2101.1182535714274,0.0,STOPLOSS,0.0,0.0258849184693702,0.0878571428571428,4.339481473937871,0.6071428571428571,-1.6684749674684898,-1,0.0795619389279474,0.0
2020-03-03,NSE:CHENNPETRO-EQ,1,2020-02-28,101.2,551,733.6807107142852,T1,T1_ONLY,772.7439107142852,0.0,0.0,-39.0632,0.0,STOPLOSS,11.754684838160143,0.0215307835574416,0.0473249576510445,1.0536240765342018,0.5595238095238095,-0.392486600142821,-1,-0.1096600516552092,1.0
2022-05-05,NSE:CHENNPETRO-EQ,2,2022-04-29,279.25,276,6475.888907142864,"T1,T2",T2_PARTIAL,1605.2529035714301,2259.682485714288,0.0,2610.953517857146,0.0,STOPLOSS,89.37992463172317,0.0562488247652945,0.0703286865328047,1.539084203891105,0.988095238095238,0.1292910385025841,1,0.9789479561593748,0.0
2022-09-15,NSE:CHOICEIN-EQ,2,2022-09-06,109.04,6907,35507.3068342857,"T1,T2",T2_PARTIAL,3832.6065200000066,5522.277357142846,0.0,26152.42295714285,0.0,STOPLOSS,54.07098121085594,0.0095421593467939,0.0179816057017084,0.827896912543599,0.088235294117647,0.1296833909831835,1,0.8966674872471122,1.0
2023-05-03,NSE:CHOICEIN-EQ,3,2023-04-13,153.53,4915,50456.51624285712,"T1,T2",T2_WITH_TIME_EXIT,9629.102937142869,13641.800125714271,0.0,0.0,27185.613179999975,TIMEEXIT,86.66102650874221,0.0222153704611638,0.043593155362842,0.9877851205493692,0.9442231075697212,0.0890990953055448,1,0.9929184729111288,0.0
2025-08-21,NSE:COALINDIA-EQ,1,2025-08-01,372.5,543,3393.554507142844,"T1,T2",T2_PARTIAL,831.3966357142809,1205.4001714285712,0.0,1356.7576999999922,0.0,STOPLOSS,35.90062111801235,0.0083939429866898,0.0147075743048897,2.6947868125020364,0.9325396825396826,-0.0335511540002622,-1,-0.1203581932326299,0.0
2020-07-01,NSE:COFORGE-EQ,1,2020-06-12,268.63,252,3328.3486542857163,"T1,T2",T2_PARTIAL,825.8113314285719,1166.0268785714293,0.0,1336.5104442857148,0.0,STOPLOSS,16.122364613476563,0.0189427158814536,0.0414909514414409,0.4788165810424931,0.3253968253968254,-0.0386701310253891,-1,0.0675872877147152,1.0
2022-02-07,NSE:DBL-EQ,1,2022-01-24,352.9,171,998.6654571428569,T1,T1_ONLY,1041.0134571428569,0.0,0.0,-42.348,0.0,STOPLOSS,25.14407036700031,0.0386747859137375,0.0588997287778812,0.726123310248622,0.8809523809523809,-0.1411219650522625,-1,0.1245947764533023,0.0
2021-12-24,NSE:DCBBANK-EQ,1,2021-12-20,80.3,1643,956.8593607142875,T1,T1_ONLY,1049.2043607142875,0.0,0.0,-92.345,0.0,STOPLOSS,43.243243243243256,0.0227215296439225,0.0275306884895926,0.7357559938286595,0.3174603174603174,-0.0777489582773843,-1,0.1223856562668329,1.0
2019-08-22,NSE:DCMSHRIRAM-EQ,2,2019-08-06,391.1,139,1058.573049999999,T1,T1_ONLY,1096.509749999999,0.0,0.0,-37.9367,0.0,STOPLOSS,18.536071616640328,0.0304369995689059,0.0678215290207108,0.9997750812569668,0.4801587301587302,0.094225750492124,1,0.1671483379647087,0.0
2023-10-30,NSE:DCXINDIA-EQ,1,2023-10-25,264.25,3040,38354.454457142805,"T1,T2",T2_PARTIAL,9468.598971428559,13416.324271428555,0.0,15469.531214285695,0.0,STOPLOSS,18.89097744360903,0.017667979315032,0.0403297742938234,1.1229524621412732,0.4978902953586498,0.1168138844358599,1,-0.2203260493857907,0.0
2022-08-30,NSE:DHANI-EQ,1,2022-08-19,54.0,1493,11903.845821428571,"T1,T2",T2_PARTIAL,1110.6719999999996,1573.8801428571423,0.0,9219.29367857143,0.0,STOPLOSS,78.1190019193858,0.0368795768499619,0.0469576719576719,0.7890199337748034,0.7023809523809523,-0.7984013264184621,-1,0.9514970952672096,0.0
2019-02-13,NSE:DISHTV-EQ,1,2019-01-31,23.65,2572,13556.812357142862,"T1,T2",T2_PARTIAL,2386.3209285714292,3351.1474285714294,0.0,7819.344000000003,0.0,STOPLOSS,19.55307262569833,0.0871498042248511,0.1318332829960737,1.6126177170488278,0.98015873015873,-0.7133072255374817,-1,0.1289472967053563,0.0
2020-06-29,NSE:DISHTV-EQ,2,2020-06-11,6.35,10810,13153.596025,"T1,T2",T2_PARTIAL,685.2111535714275,973.6678571428577,0.0,11494.717014285716,0.0,STOPLOSS,85.71428571428572,0.0333035796906323,0.0343082114735658,0.168912680542504,0.0238095238095238,-1.1557511998360248,-1,1.1058058098685537,0.0
2021-04-05,NSE:DISHTV-EQ,3,2021-03-26,9.4,34853,28422.174657142863,"T1,T2",T2_PARTIAL,4975.263542857144,7033.977228571429,0.0,16412.93388571429,0.0,STOPLOSS,6.250000000000014,0.0172572417419958,0.0516717325227963,3.6287325745317807,0.9444444444444444,-0.0451534918317209,-1,0.0954922284293493,0.0
2021-09-08,NSE:DISHTV-EQ,4,2021-09-06,13.75,21439,24999.897317857158,"T1,T2",T2_PARTIAL,3376.7770285714305,4788.970342857146,0.0,16834.14994642858,0.0,STOPLOSS,64.40677966101693,0.0491633956108828,0.0392207792207792,1.4128344439612646,0.6428571428571429,0.0463629676046925,1,0.952786190907572,1.0
2020-09-02,NSE:DIXON-EQ,1,2020-08-31,1618.99,59,920.8350742857153,T1,T1_ONLY,987.2136642857154,0.0,0.0,-66.37859,0.0,STOPLOSS,52.283287460416126,0.0178760982771583,0.0349110953654527,0.7360271692114003,0.6547619047619048,0.2461010105362274,1,0.5510440655303065,1.0
2023-04-13,NSE:DRREDDY-EQ,1,2023-04-11,952.67,781,12129.503305000017,"T1,T2",T2_PARTIAL,2964.80858142858,4312.037942857136,0.0,4852.6567807143,0.0,STOPLOSS,88.63958431743032,0.0064790610102604,0.014313905729611,1.218951187319424,0.7857142857142857,0.0170242449934681,1,0.9582759532716112,0.0
2021-11-11,NSE:EASEMYTRIP-EQ,2,2021-10-26,14.86,14767,17592.444097142856,"T1,T2",T2_PARTIAL,4350.256835714285,6136.440429999999,0.0,7105.746831428571,0.0,STOPLOSS,14.176245210727911,0.0216468516144592,0.0671505479715439,1.009623808394729,0.087248322147651,0.2925841302376026,1,-0.0537816145466116,0.0
2022-03-31,NSE:EASEMYTRIP-EQ,3,2022-03-24,21.28,14870,4786.303554999999,T1,T1_ONLY,5007.807074999999,0.0,0.0,-221.50352000000004,0.0,STOPLOSS,73.9184177997528,0.0475004963920311,0.0538063909774436,0.858285572995951,0.50199203187251,0.1214098184570482,1,0.9107436318126056,0.0
2023-11-15,NSE:EDELWEISS-EQ,3,2023-10-26,62.05,12031,36245.96835714292,T1,T1_WITH_TIME_EXIT,12369.177257142874,0.0,0.0,0.0,23876.791100000046,TIMEEXIT,22.117647058823493,0.0503383301153046,0.0562910095545067,0.276754854059618,0.8095238095238095,0.0310153755897922,1,0.3639427454449711,0.0
2019-07-22,NSE:ELECON-EQ,2,2019-07-18,20.2,2145,395.0721600000006,T1,T1_ONLY,425.3923600000006,0.0,0.0,-30.3202,0.0,STOPLOSS,7.977207977207911,0.0150246863705293,0.0337340876944837,0.7679452818976703,0.0714285714285714,-0.2136519979460583,-1,-0.0707997128739532,0.0
2019-07-29,NSE:ELECON-EQ,3,2019-07-24,19.25,3212,2772.112220000002,"T1,T2",T2_PARTIAL,684.4592800000004,970.0814600000006,0.0,1117.5714800000007,0.0,STOPLOSS,5.681818181818116,0.0162062271575257,0.0379220779220779,1.038801053797924,0.2063492063492063,-0.2423029574660543,-1,0.0989443253720359,0.0
2025-01-06,NSE:ELECTCAST-EQ,1,2024-12-23,138.57,9565,17661.122399999975,T1,T1_ONLY,18588.848549999973,0.0,0.0,-927.72615,0.0,STOPLOSS,21.701149425287355,0.0293536086994831,0.0477891524654893,1.2257319386042458,0.5674603174603174,-0.0414455412786428,-1,0.0063030359044853,0.0
2020-06-09,NSE:ELGIEQUIP-EQ,1,2020-05-28,65.35,1012,7986.804800000016,"T1,T2",T2_PARTIAL,563.0129942857162,799.1091657142854,0.0,6624.6826400000145,0.0,STOPLOSS,56.96445725264167,0.0154591997588259,0.0293693299814187,0.1987184933909379,0.376984126984127,-0.4626524841213555,-1,0.6607002916272166,1.0
2022-05-24,NSE:EMBDL-EQ,2,2022-05-19,73.9,978,1349.4455142857155,T1,T1_ONLY,1400.0670142857155,0.0,0.0,-50.62150000000001,0.0,STOPLOSS,25.994318181818187,0.0321818813345947,0.065725884399768,0.6934984120356439,0.115079365079365,-0.3311869572716041,-1,0.2558131572103374,0.0
2025-06-04,NSE:EMCURE-EQ,1,2025-05-20,1060.4,943,150442.19905000023,"T1,T2",T2_PARTIAL,9496.050850000027,13497.71939999999,0.0,127448.42880000023,0.0,STOPLOSS,66.95307336417717,0.0180414873557491,0.0326763485477178,1.1185554375357465,0.4131455399061033,-0.142375890272234,-1,0.6699499125656491,1.0
2023-08-21,NSE:EMIL-EQ,1,2023-08-02,115.55,10125,105499.15180714284,"T1,T2",T2_PARTIAL,18476.562649999978,26105.54882857143,0.0,60917.040328571435,0.0,STOPLOSS,83.47718865598026,0.033092542600596,0.0536873338690733,1.6555498052532367,0.904040404040404,0.0744453787273643,1,0.9236610145687232,0.0
2019-10-11,NSE:EPL-EQ,1,2019-10-01,115.55,267,329.9298642857147,T1,T1_ONLY,351.5377142857147,0.0,0.0,-21.60785,0.0,STOPLOSS,63.75227686703094,0.0255523887219805,0.039067812326142,0.2537532512135311,0.0793650793650793,-0.0371948738743253,-1,0.7901222968368399,1.0
2022-02-21,NSE:ETERNAL-EQ,1,2022-02-14,82.45,719,1181.4764499999999,T1,T1_ONLY,1222.9488,0.0,0.0,-41.47235,0.0,STOPLOSS,40.6512605042017,0.0621732077466458,0.0697392359005458,0.8613059125723956,0.6808510638297872,-0.1499186092660029,-1,0.204313955664161,0.0
2022-07-15,NSE:ETERNAL-EQ,2,2022-07-04,54.3,2222,2720.7796928571415,T1,T1_ONLY,2805.2161928571413,0.0,0.0,-84.4365,0.0,STOPLOSS,25.236593059936908,0.0394325907954515,0.0785319652722967,1.001779452251072,0.8389830508474576,-0.472510770055481,-1,0.0102789217360597,0.0
2023-12-08,NSE:FINEORG-EQ,1,2023-11-30,4229.3,327,49001.28420000008,"T1,T2",T2_PARTIAL,4351.607750000007,6419.595878571439,0.0,38230.08057142863,0.0,STOPLOSS,48.09575625680089,0.006869246687511,0.0115106856588898,0.9376780936374084,0.3809523809523809,-0.059115965285431,-1,0.2776666221801249,1.0
2024-03-26,NSE:FINEORG-EQ,2,2024-03-13,4100.15,336,5444.9237678571535,T1,T1_ONLY,6408.459017857153,0.0,0.0,-963.5352499999999,0.0,STOPLOSS,19.84585741811165,0.0074152626599268,0.0164915569291018,1.278414205444536,0.6071428571428571,-0.0489446806912483,-1,-0.1635006551587595,1.0
2020-11-19,NSE:GILLETTE-EQ,1,2020-11-13,5599.1,22,3746.581878571426,"T1,T2",T2_PARTIAL,692.9234499999994,814.3089142857136,0.0,2239.3495142857128,0.0,STOPLOSS,87.15428571428576,0.0057039612684973,0.0186981581223513,0.7975234797208668,0.4047619047619047,-0.0252752887093527,-1,1.074206520792496,0.0
2021-02-22,NSE:GLAND-EQ,1,2021-02-12,2188.0,92,13438.393514285706,"T1,T2",T2_PARTIAL,2386.885400000004,3280.916471428568,0.0,7770.5916428571345,0.0,STOPLOSS,42.5158988676904,0.0284429023105929,0.0400006529119874,0.613448692221422,0.1551724137931034,0.0911392833134895,1,0.3861318185554034,0.0
2025-03-24,NSE:GLAXO-EQ,1,2025-03-03,2520.1,66,19218.09814285714,"T1,T2",T2_WITH_TIME_EXIT,3193.279642857142,4505.8728999999985,0.0,0.0,11518.945599999997,TIMEEXIT,64.70908102229471,0.0555042212438739,0.0644206295668539,0.1525083820079229,0.6031746031746031,-0.0227144068173083,-1,0.7198538216500301,0.0
2020-12-29,NSE:GMMPFAUDLR-EQ,1,2020-12-22,1197.4,41,1722.7758142857183,"T1,T2",T2_PARTIAL,410.8798114285729,627.0963171428573,0.0,684.7996857142881,0.0,STOPLOSS,31.90878075058366,0.0145674606737183,0.0296249015724546,1.2623382936987633,0.6746031746031746,0.0116339855344641,1,0.0190873359905238,1.0
2022-06-30,NSE:GNFC-EQ,2,2022-06-20,542.8,1074,38999.553514285675,"T1,T2",T2_PARTIAL,9629.504299999991,13639.865171428557,0.0,15730.184042857127,0.0,STOPLOSS,21.199344108690585,0.0382684119191433,0.0561506474365722,1.9696801235265888,0.876984126984127,0.173671728895614,1,-0.1050226795673066,1.0
2019-01-24,NSE:GODFRYPHLP-EQ,1,2019-01-08,301.9,151,2175.1173157142853,"T1,T2",T2_PARTIAL,532.489307142857,766.9789257142854,0.0,875.6490828571426,0.0,STOPLOSS,49.54296160877514,0.0186514794242182,0.0402356504045805,0.3725258839480975,0.376984126984127,0.0142113712048848,1,0.6841159207232338,0.0
2021-03-24,NSE:GODFRYPHLP-EQ,3,2021-03-17,293.18,1108,9941.491377142833,"T1,T2",T2_PARTIAL,1307.041314285711,1902.893025714281,0.0,6731.55703714284,0.0,STOPLOSS,24.41661923733608,0.0059170243169022,0.0144426144835449,1.3706172011461732,0.5198412698412699,-0.0327114731861839,-1,-0.14247136820223,0.0
2022-03-21,NSE:GODREJCP-EQ,1,2022-03-07,664.7,82,4442.607271428575,"T1,T2",T2_PARTIAL,792.2157142857161,1088.713271428572,0.0,2561.678285714287,0.0,STOPLOSS,24.123395286453388,0.0243422112230291,0.0487223022201208,2.254539852996388,0.9484126984126984,-0.0639402174192343,-1,-0.1114311056420066,0.0
2025-02-07,NSE:GRAPHITE-EQ,1,2025-01-28,460.55,384,12087.27239999999,"T1,T2",T2_PARTIAL,2106.8747500000013,3005.249849999997,0.0,6975.147799999993,0.0,STOPLOSS,20.97315436241611,0.0220980806619739,0.0408207577895993,1.0178858797186212,0.3492063492063492,-0.0259654800081036,-1,0.0466282585703761,0.0
2023-12-29,NSE:GRAVITA-EQ,1,2023-12-20,1038.15,131,6101.915335714279,"T1,T2",T2_PARTIAL,1489.5662785714253,2167.9326000000015,0.0,2444.416457142852,0.0,STOPLOSS,32.149200710479604,0.0201753657907068,0.0378282797008414,1.1190483973401075,0.1111111111111111,0.2348090783555144,1,0.1381604390527546,0.0
2022-12-27,NSE:GREENPLY-EQ,1,2022-12-23,137.65,600,2375.5708071428508,"T1,T2",T2_PARTIAL,584.6843571428556,835.9019999999978,0.0,954.9844499999973,0.0,STOPLOSS,6.730769230769226,0.01576590607294,0.0246224897514399,5.0111653211294405,0.9722222222222222,-0.1075646736931073,-1,-0.2205094353187209,0.0
2022-07-18,NSE:GRINFRA-EQ,1,2022-06-30,1100.55,561,52644.24790714284,"T1,T2",T2_PARTIAL,9194.518800000013,13045.974642857132,0.0,30403.754464285692,0.0,STOPLOSS,15.150703281982588,0.0292445428718039,0.0507798049027434,0.4642988515142845,0.4177215189873418,-0.213210256431119,-1,0.2953420718697733,0.0
2024-09-09,NSE:GRSE-EQ,1,2024-08-21,1801.35,640,23533.51062857143,T1,T1_ONLY,24340.515428571427,0.0,0.0,-807.0047999999999,0.0,STOPLOSS,14.201919658727306,0.0336257085391794,0.0714483978286126,1.8160480396104064,0.7817460317460317,0.3542391536806003,1,0.0857694016916964,0.0
2022-07-25,NSE:GSFC-EQ,2,2022-07-18,140.4,3284,33718.08445714286,"T1,T2",T2_PARTIAL,4542.805928571438,6461.416285714279,0.0,22713.862242857143,0.0,STOPLOSS,48.50863422291996,0.0443984248645978,0.0338827838827839,0.8715799068315084,0.4484126984126984,0.0419352513664696,1,0.8030666588213794,1.0
2024-05-03,NSE:GVT&D-EQ,1,2024-04-19,951.75,1253,138053.47185000003,"T1,T2",T2_PARTIAL,18722.499685714287,26441.892257142863,0.0,92889.07990714288,0.0,STOPLOSS,71.9323497661029,0.0264786571231338,0.0533716086907576,1.2347541904044086,0.7420634920634921,0.2845417631731522,1,0.7655933361308543,0.0
2021-09-06,NSE:HAPPSTMNDS-EQ,1,2021-08-27,1413.9,71,4653.41882142857,"T1,T2",T2_PARTIAL,1131.1211249999988,1637.0958214285731,0.0,1885.201874999998,0.0,STOPLOSS,48.09607498535443,0.0156624804648856,0.0391344103947541,0.6781739141807593,0.0936170212765957,0.302573024580451,1,0.6231244083830203,1.0
2022-03-07,NSE:HAPPSTMNDS-EQ,2,2022-02-24,944.5,586,7086.703742857142,T1,T1_ONLY,7473.948742857142,0.0,0.0,-387.245,0.0,STOPLOSS,20.092847816625596,0.0250129729621356,0.0460069575739242,1.538994886377342,0.4007936507936508,0.0278726711011973,1,0.0225801613937216,0.0
2022-03-22,NSE:HAPPSTMNDS-EQ,3,2022-03-07,947.9,574,64958.57287857133,"T1,T2",T2_PARTIAL,7162.357042857145,10191.965692857133,0.0,47604.250142857054,0.0,STOPLOSS,37.76161759489182,0.0250245456669452,0.0449753590643979,1.2276621673851094,0.4047619047619047,-0.004430744525441,-1,0.1513928913142511,0.0
2021-06-01,NSE:HATHWAY-EQ,1,2021-05-17,23.05,14015,23309.112721428595,"T1,T2",T2_PARTIAL,4072.8952571428613,5770.277035714291,0.0,13465.94042857144,0.0,STOPLOSS,59.80392156862743,0.0240489560625318,0.0430740625968391,0.18097082856813,0.7658730158730159,-0.1392993972570478,-1,0.5671134447761067,1.0
2021-06-18,NSE:HCLTECH-EQ,1,2021-06-09,971.3,51,164.26753928571378,T1,T1_ONLY,199.2343392857138,0.0,0.0,-34.9668,0.0,STOPLOSS,78.5975609756097,0.0071176293832259,0.0146894441911429,1.1346809616773583,0.4206349206349206,0.067984057723184,1,1.018197406446201,0.0
2019-12-30,NSE:HEG-EQ,1,2019-12-09,208.45,382,3968.060360000002,"T1,T2",T2_PARTIAL,983.5697000000011,1385.1207999999995,0.0,1599.3698600000018,0.0,STOPLOSS,55.41255289139632,0.0276317295510064,0.042072439433917,0.3189387663986793,0.1428571428571428,-0.4558987610440377,-1,0.4288893561022797,0.0
2025-05-02,NSE:HONASA-EQ,1,2025-04-25,231.84,4075,49058.37097071429,"T1,T2",T2_PARTIAL,12108.460204285715,17162.189794285718,0.0,19787.72097214286,0.0,STOPLOSS,46.20390455531454,0.022019270415464,0.0437832741792369,0.9127041889182056,0.5357142857142857,-0.2964300934756684,-1,0.4777178774756404,1.0
2021-01-14,NSE:HSCL-EQ,1,2021-01-11,49.6,792,1919.2348928571423,"T1,T2",T2_PARTIAL,474.75814999999983,670.5012714285712,0.0,773.9754714285713,0.0,STOPLOSS,85.24590163934428,0.0291171547762631,0.0412586405529954,1.454916210770557,0.9563492063492064,-0.1017895951145821,-1,0.95674617952324,0.0
2022-11-21,NSE:HSCL-EQ,2,2022-11-16,100.2,874,764.9432571428559,T1,T1_ONLY,826.265657142856,0.0,0.0,-61.3224,0.0,STOPLOSS,45.6824512534819,0.0162641267335745,0.0325064157399486,1.1879152553702608,0.3095238095238095,0.1673864446726022,1,0.4121155921292804,0.0
2022-12-21,NSE:HUDCO-EQ,1,2022-12-16,53.7,6578,5609.118074999998,T1,T1_ONLY,5856.406574999997,0.0,0.0,-247.2885,0.0,STOPLOSS,59.19811320754719,0.0417768676320213,0.0563314711359404,0.7314203430324577,0.9563492063492064,0.1059492749465341,1,0.7013250347318535,1.0
2025-09-05,NSE:ICICIBANK-EQ,2,2025-09-03,1397.0,896,3278.3248571428667,T1,T1_ONLY,4154.243857142867,0.0,0.0,-875.919,0.0,STOPLOSS,39.47811447811449,0.0070006080386999,0.0120666734839963,1.244949235025728,0.4880952380952381,0.049975017687953,1,0.087362421987167,1.0
2025-09-19,NSE:ICICIBANK-EQ,3,2025-09-05,1402.8,893,3457.4704285714324,T1,T1_ONLY,4334.220428571432,0.0,0.0,-876.75,0.0,STOPLOSS,39.98364677023714,0.0067724941593284,0.0125412440425272,0.8698640224299076,0.1388888888888889,0.0476984729660296,1,0.227215581435344,1.0
2020-01-08,NSE:ICICIPRULI-EQ,2,2020-01-06,475.5,87,156.21942857142793,T1,T1_ONLY,185.22492857142794,0.0,0.0,-29.0055,0.0,STOPLOSS,28.27225130890052,0.0071912624498439,0.0159981973862099,0.7730394632853866,0.3253968253968254,0.1142301931101488,1,-0.041783301881978,0.0
2025-10-06,NSE:IDFCFIRSTB-EQ,1,2025-10-03,69.04,7385,11341.574872857149,"T1,T2",T2_PARTIAL,4637.9988171428595,6703.5760557142885,0.0,0.0,0.0,T2_EXIT,25.806451612903288,0.0085054162531367,0.0164811289521602,0.7329870437720652,0.0396825396825396,0.021656899526708,1,0.1438490079987882,0.0
2019-05-22,NSE:IFCI-EQ,1,2019-05-13,9.1,9243,5342.685042857143,"T1,T2",T2_PARTIAL,1320.3045285714286,1865.9942142857146,0.0,2156.3863,0.0,STOPLOSS,6.410256410256409,0.029753691955232,0.0533751962323391,0.7398970989509314,0.4484126984126984,-0.2508699991003789,-1,0.1445704267186693,0.0
2024-05-22,NSE:IFCI-EQ,3,2024-05-07,49.0,23630,172596.77642499987,"T1,T2",T2_PARTIAL,19102.60171071425,26985.163585714276,0.0,126509.01112857136,0.0,STOPLOSS,66.82692307692307,0.0443169177588992,0.0560495626822157,1.2653384803371903,0.5952380952380952,0.2206638871568055,1,0.7160290058846047,0.0
2024-11-14,NSE:IGL-EQ,1,2024-10-25,206.78,7428,19489.63437428574,T1,T1_ONLY,20564.89037428574,0.0,0.0,-1075.256,0.0,STOPLOSS,9.539390888497335,0.0264515607117408,0.0456834731184281,0.6109505507908748,0.3611111111111111,0.0529008807600641,1,0.0453118431859742,0.0
2025-04-25,NSE:IIFLCAPS-EQ,1,2025-04-07,202.2,771,19800.957683571425,"T1,T2",T2_PARTIAL,3469.7168549999988,4899.372248571427,0.0,11431.868579999997,0.0,STOPLOSS,53.20730476277874,0.0405240777102837,0.0753603221704111,0.9604252542004598,0.3809523809523809,-0.1092659028939189,-1,0.2772774429496582,0.0
2025-07-23,NSE:INDIASHLTR-EQ,1,2025-07-08,879.35,1211,74363.94923214297,"T1,T2",T2_PARTIAL,8113.40133214288,11577.646571428573,0.0,54672.90132857151,0.0,STOPLOSS,53.63511659807962,0.0084055428371703,0.0264440455206361,14.63808187447796,1.0,0.0982029064645482,1,0.5464909407930559,1.0
2025-09-30,NSE:INDIGO-EQ,2,2025-09-26,5561.0,339,34817.01064285718,"T1,T2",T2_PARTIAL,8563.56664285717,12316.659071428543,0.0,13936.784928571471,0.0,STOPLOSS,37.20491029272899,0.0082427633575264,0.0161134944896858,1.2833341500640805,0.5793650793650794,0.0842460598824208,1,-0.1781089016702901,1.0
2023-05-29,NSE:INDIGOPNTS-EQ,4,2023-05-19,1403.65,535,29099.01383214291,"T1,T2",T2_PARTIAL,7157.1697142857265,10177.246400000018,0.0,11764.597717857165,0.0,STOPLOSS,89.18834221247258,0.0191221512409078,0.0329014660756904,0.9882652060298353,0.9126984126984128,-0.0877409579149344,-1,0.956008941327651,0.0
2020-04-28,NSE:INDUSINDBK-EQ,1,2020-04-08,399.15,145,9922.632750000006,,TIME_EXIT_ONLY,0.0,0.0,0.0,0.0,9922.632750000006,TIMEEXIT,34.2477332103888,0.1523202089424525,0.2505681716504715,1.7743499738587096,0.996031746031746,-1.0318565409723053,-1,0.3742773114731337,0.0
2021-08-20,NSE:INFY-EQ,1,2021-08-09,1663.3,251,12009.893307142875,"T1,T2",T2_PARTIAL,1569.8954464285791,2306.9404642857135,0.0,8133.057396428582,0.0,STOPLOSS,88.99935856318147,0.0101960902442387,0.0135981826145957,0.8975509846529077,0.1746031746031746,0.1240278279542252,1,0.8852253236417018,0.0
2020-04-08,NSE:INGERRAND-EQ,1,2020-03-19,605.5,84,1491.2800285714331,"T1,T2",T2_WITH_TIME_EXIT,261.0146428571448,386.76008571428645,0.0,0.0,843.5053000000019,TIMEEXIT,17.56978653530382,0.0088727021886473,0.0182611773032912,3.1926593759942468,0.992063492063492,0.0167096829856676,1,-0.0176835866178373,0.0
2020-05-19,NSE:INGERRAND-EQ,2,2020-05-07,626.0,86,550.2450285714259,"T1,T2",T2_PARTIAL,134.74425714285647,197.8369714285705,0.0,217.6637999999989,0.0,STOPLOSS,23.91304347826113,0.0054148067436669,0.0092879963486992,0.1694718837059458,0.0873015873015873,0.0028313590445097,1,0.2680907927947759,1.0
2023-07-25,NSE:INOXGREEN-EQ,1,2023-07-18,57.15,14686,75354.3109285715,"T1,T2",T2_PARTIAL,10186.262871428582,14436.09385714287,0.0,50731.954200000044,0.0,STOPLOSS,42.79661016949154,0.0201342333285132,0.0414948131483564,0.6381797675153461,0.5987654320987654,0.0395108271269772,1,0.4160034788816502,1.0
2023-08-02,NSE:INOXGREEN-EQ,2,2023-07-28,70.1,5697,5234.700599999996,T1,T1_ONLY,5514.259399999995,0.0,0.0,-279.5588,0.0,STOPLOSS,81.07416879795392,0.0278747208552198,0.0470756062767475,0.8897795065403765,0.8941176470588236,0.0614902922589364,1,1.023244888226968,0.0
2021-02-15,NSE:INTELLECT-EQ,1,2021-01-18,324.05,966,68195.33361428566,"T1,T2",T2_PARTIAL,4864.20521428571,6875.669449999994,0.0,56455.45894999995,0.0,STOPLOSS,52.32342007434944,0.0267917270367632,0.0528137192232239,0.5794500309621404,0.5753968253968254,0.2354571757792437,1,0.5523488584585943,0.0
2022-12-06,NSE:INTELLECT-EQ,2,2022-11-21,442.35,199,3965.322085714287,"T1,T2",T2_PARTIAL,982.5917142857145,1394.2071000000003,0.0,1588.523271428572,0.0,STOPLOSS,54.72943246810382,0.0370128450402799,0.0380597135429281,0.2501688761743988,0.3095238095238095,-0.2311075101545778,-1,0.4124211282909994,0.0
2021-12-09,NSE:IRB-EQ,1,2021-11-29,20.07,2708,4334.788337142854,"T1,T2",T2_PARTIAL,757.8082799999995,1073.4713357142853,0.0,2503.50872142857,0.0,STOPLOSS,30.094466936572232,0.0319226378024975,0.0475478681756708,0.9591385089295814,0.5833333333333334,0.2233462785150614,1,-0.0695756249620995,1.0
2021-12-14,NSE:IRB-EQ,2,2021-12-09,21.97,4270,1116.436639999999,T1,T1_ONLY,1182.104969999999,0.0,0.0,-65.66833,0.0,STOPLOSS,48.9060489060489,0.0313823326083875,0.0430457116847649,0.5428300192567064,0.2857142857142857,0.1948891176632132,1,0.5390932553866253,1.0
2022-01-03,NSE:IRB-EQ,3,2021-12-24,20.66,2808,3726.7082099999952,"T1,T2",T2_PARTIAL,650.1232357142861,923.2884714285699,0.0,2153.2965028571393,0.0,STOPLOSS,28.412256267409504,0.0253531138522618,0.038411008159314,0.5267631802809889,0.1984126984126984,0.1811375392647531,1,0.2572694664183256,0.0
2024-12-13,NSE:IRCON-EQ,1,2024-11-21,185.76,5956,151108.26142500012,"T1,T2",T2_PARTIAL,14075.990942142887,19940.34845571429,0.0,117091.92202714295,0.0,STOPLOSS,29.92379835873388,0.0292206953886716,0.0434469976621139,0.735603485847509,0.0912698412698412,-0.0488044513355101,-1,0.1209541853004281,0.0
2022-09-26,NSE:ITC-EQ,2,2022-09-15,334.1,1678,13669.757007142829,"T1,T2",T2_PARTIAL,2340.8434357142805,3393.8532571428505,0.0,7935.060314285698,0.0,STOPLOSS,80.5907172995781,0.0093400473069,0.0149441997691024,0.722525663641304,0.0753968253968253,0.1178061775962497,1,0.8455004096939245,0.0
2025-05-20,NSE:ITI-EQ,1,2025-05-09,241.25,3810,91261.2847800001,"T1,T2",T2_PARTIAL,12351.5584457143,17483.02057142859,0.0,61426.70576285721,0.0,STOPLOSS,33.861551292743926,0.0275524353317709,0.0458386380458919,0.6131498290919085,0.1706349206349206,-0.0821798795041526,-1,0.1254460650122779,0.0
2024-04-16,NSE:JAIBALAJI-EQ,1,2024-03-27,185.64,1061,17584.22839714286,"T1,T2",T2_PARTIAL,4344.719747142857,6134.935478571429,0.0,7104.573171428571,0.0,STOPLOSS,19.65348733896045,0.0328676739395213,0.0746721765629328,0.9749733230619988,0.496031746031746,0.3715016462271017,1,0.2149161642169059,0.0
2019-09-16,NSE:JBCHEPHARM-EQ,1,2019-09-03,188.85,116,935.0783142857144,"T1,T2",T2_PARTIAL,125.25825000000003,176.3151428571429,0.0,633.5049214285715,0.0,STOPLOSS,60.31420765027321,0.0073751214320521,0.0199704981277657,2.23502167329731,0.8849206349206349,0.0650647163671793,1,0.65004395801305,0.0
2020-08-31,NSE:JINDWORLD-EQ,1,2020-08-18,9.34,9519,8939.883282857138,"T1,T2",T2_PARTIAL,984.1531199999995,1396.3471914285706,0.0,6559.3829714285675,0.0,STOPLOSS,69.69696969696976,0.0090203734769073,0.0379320893239522,0.9886044929791378,0.0793650793650793,-0.0786939969639775,-1,1.028572635058317,1.0
2020-05-12,NSE:JISLJALEQS-EQ,1,2020-04-28,6.4,11673,11133.758828571437,"T1,T2",T2_PARTIAL,702.276071428572,998.7124714285723,0.0,9432.770285714294,0.0,STOPLOSS,,0.0281483268672097,0.0323660714285714,0.102903079094632,0.0357142857142857,-1.6577902502741593,-1,0.9766216572155864,0.0
2022-04-08,NSE:JPPOWER-EQ,2,2022-03-31,6.8,60342,43439.851757142846,"T1,T2",T2_PARTIAL,4785.657357142855,6786.037028571426,0.0,31868.157371428562,0.0,STOPLOSS,34.48275862068964,0.0232919103964776,0.0399159663865546,0.9977156524462716,0.3968253968253968,0.1868293695045925,1,0.2439821396657205,1.0
2024-07-29,NSE:JSWINFRA-EQ,2,2024-07-19,315.7,1363,28850.440850000003,"T1,T2",T2_PARTIAL,5039.55484999999,7138.274000000003,0.0,16672.61200000001,0.0,STOPLOSS,42.546948356807526,0.028780808937435,0.0400696864111498,1.0605637206292216,0.6212121212121212,0.1861540284573803,1,0.1223205561520958,1.0
2024-10-03,NSE:JSWINFRA-EQ,3,2024-09-17,335.9,659,1968.5926142857113,T1,T1_ONLY,2123.4425142857112,0.0,0.0,-154.8499,0.0,STOPLOSS,54.216867469879496,0.0231163840031415,0.0329604899417343,1.9739259026328768,0.7489539748953975,0.1346677381031479,1,0.912728677635597,0.0
2023-01-03,NSE:JTLIND-EQ,2,2022-12-23,72.34,11529,49286.000532857186,"T1,T2",T2_PARTIAL,12177.382322142868,17221.358095714302,0.0,19887.26011500002,0.0,STOPLOSS,35.747663551401885,0.0305575832967765,0.0497156285793278,1.9643825459580715,0.912,0.1528272122463652,1,0.0393392175321981,0.0
2023-01-20,NSE:JTLIND-EQ,3,2023-01-10,75.79,8688,70469.48304857148,"T1,T2",T2_PARTIAL,7763.298198571434,11011.700642857151,0.0,51694.484207142894,0.0,STOPLOSS,44.24977538185088,0.0287430812874532,0.0403464460068233,0.5894816122209882,0.5,0.1328865672437618,1,0.3536760941183293,0.0
2022-01-12,NSE:JUBLINGREA-EQ,1,2021-12-29,544.4,1039,43646.986524999986,"T1,T2",T2_PARTIAL,5893.591971428569,8354.596185714281,0.0,29398.798367857133,0.0,STOPLOSS,25.480974775545175,0.0241660860698028,0.0357339666211819,0.8438845887494247,0.1139896373056994,0.0711493773276504,1,0.337478763237739,0.0
2022-03-04,NSE:JUBLPHARMA-EQ,1,2022-02-24,401.15,137,767.4406571428568,T1,T1_ONLY,805.9510571428568,0.0,0.0,-38.5104,0.0,STOPLOSS,4.233576642335791,0.0198748996159726,0.0500525275547087,1.383860020565751,0.75,-0.2469143766847768,-1,0.0726513156337131,0.0
2025-10-03,NSE:JYOTICNC-EQ,1,2025-09-30,849.9,1139,35664.858621428546,"T1,T2",T2_PARTIAL,8801.097621428564,12504.075407142847,0.0,14359.685592857131,0.0,STOPLOSS,32.110337439742906,0.0155009130217206,0.0313104062662834,1.0149680759645143,0.242063492063492,-0.1012751506178754,-1,0.0009127872938803,0.0
2023-05-09,NSE:KANSAINER-EQ,1,2023-04-25,250.5,1739,16669.65809999998,"T1,T2",T2_PARTIAL,2214.027578571426,3187.677964285711,0.0,11267.952557142844,0.0,STOPLOSS,31.36064744562465,0.0068368614202546,0.0179498146564015,0.5375668948243919,0.4047619047619047,-0.0939121567671817,-1,-0.0612002956817921,1.0
2021-09-21,NSE:KARURVYSYA-EQ,1,2021-09-09,35.21,8624,29564.76707214283,"T1,T2",T2_PARTIAL,3252.0345464285633,4616.8650885714305,0.0,21695.867437142835,0.0,STOPLOSS,54.63320463320464,0.0246105635884617,0.0367387511664705,1.057357109069354,0.7222222222222222,-0.0523950525473972,-1,0.4365835813112714,1.0
2022-09-12,NSE:KIRLOSENG-EQ,1,2022-08-30,226.95,541,10686.257335714288,"T1,T2",T2_PARTIAL,1866.564578571431,2652.889114285714,0.0,6166.803642857143,0.0,STOPLOSS,88.86925795053004,0.034183333639281,0.0518207282913165,1.032990757963807,0.9682539682539684,0.0264746798163369,1,0.9956534307060632,0.0
2022-05-19,NSE:KPIGREEN-EQ,1,2022-05-11,45.22,13407,60350.15802,"T1,T2",T2_PARTIAL,10574.826262857132,14935.251382857148,0.0,34840.080374285724,0.0,STOPLOSS,21.651464234277498,0.0278358864664512,0.0592026284197889,1.60614419486786,0.8061224489795918,0.3217190320535448,1,-0.014130027147169,0.0
2021-04-07,NSE:KRBL-EQ,2,2021-04-05,184.8,1909,13781.818049999998,"T1,T2",T2_PARTIAL,3400.224975,4833.23295,0.0,5548.360125,0.0,STOPLOSS,40.61349693251537,0.018209048232619,0.0331439393939393,1.0307021209455085,0.626984126984127,-0.162796877359076,-1,0.3319301812823614,0.0
2021-04-19,NSE:KRBL-EQ,4,2021-04-12,181.85,2063,4033.016578571432,T1,T1_ONLY,4295.607978571432,0.0,0.0,-262.59139999999996,0.0,STOPLOSS,48.35355285961872,0.0248393130025984,0.0392002828076515,1.099050209711271,0.6984126984126984,-0.1663352165102773,-1,0.2199277535900786,0.0
2021-05-27,NSE:KRBL-EQ,5,2021-05-18,225.8,716,2628.230932142854,T1,T1_ONLY,2741.3567321428536,0.0,0.0,-113.12580000000001,0.0,STOPLOSS,74.58085451595458,0.0388916343306549,0.0575256231810704,0.4848869511503615,0.7301587301587301,-0.0983326317350493,-1,0.836577792936165,0.0
2023-01-16,NSE:KRBL-EQ,6,2022-12-27,378.6,847,17369.846142857143,T1,T1_WITH_TIME_EXIT,4887.225792857148,0.0,0.0,0.0,12482.620349999994,TIMEEXIT,38.6185682326622,0.0373473111933527,0.051873443513697,0.5434202147360683,0.4047619047619047,0.1880254366372008,1,0.1040047850893212,0.0
2021-03-05,NSE:KSCL-EQ,1,2021-02-19,509.85,615,2521.1475642857154,T1,T1_ONLY,2740.8929142857155,0.0,0.0,-219.74535,0.0,STOPLOSS,34.63957426221579,0.0171513375954454,0.0302469914120399,0.5307163973580725,0.3015873015873015,0.0167690674925351,1,0.0818167348902189,0.0
2023-10-19,NSE:KTKBANK-EQ,1,2023-10-16,240.55,3471,5115.102085714275,T1,T1_ONLY,5699.638585714275,0.0,0.0,-584.5365,0.0,STOPLOSS,33.896103896103924,0.0237259252541501,0.0237847789292395,0.3400679813616259,0.1785714285714285,0.2075947238241953,1,0.3581167851915604,1.0
2019-01-25,NSE:LAURUSLABS-EQ,1,2019-01-23,75.14,955,328.4449814285717,T1,T1_ONLY,378.7136414285717,0.0,0.0,-50.268660000000004,0.0,STOPLOSS,44.99017681728874,0.0057838651114385,0.0186413932088672,0.1291059845117197,0.0079365079365079,-0.1176960650813139,-1,0.2911281205622279,1.0
2023-06-12,NSE:LAURUSLABS-EQ,2,2023-05-29,334.65,319,962.9187642857127,T1,T1_ONLY,1037.5457142857126,0.0,0.0,-74.62695,0.0,STOPLOSS,50.413223140495866,0.0229013626520839,0.0333290644810142,0.32997569116683,0.3095238095238095,-0.1956455350617066,-1,0.8431113744632724,0.0
2020-08-18,NSE:LEMONTREE-EQ,1,2020-08-10,24.35,3336,8597.509542857151,"T1,T2",T2_PARTIAL,797.0534000000015,1131.8049999999996,0.0,6668.651142857149,0.0,STOPLOSS,49.38271604938275,0.0174874912598779,0.0337342329128776,1.065102606685237,0.626984126984127,-0.4930806670148344,-1,0.7405814383414172,1.0
2023-05-19,NSE:LICI-EQ,1,2023-05-11,561.0,1321,11855.566885714252,"T1,T2",T2_PARTIAL,2897.4641142856976,4224.114685714294,0.0,4733.988085714259,0.0,STOPLOSS,63.00000000000007,0.0063587071046873,0.0140565317035905,0.640802686728815,0.110204081632653,-0.1274094973196028,-1,0.9416047058104672,1.0
2022-04-25,NSE:LLOYDSENGG-EQ,1,2022-04-18,11.27,43384,84717.38713214285,"T1,T2",T2_PARTIAL,9391.205660714284,13251.090462857142,0.0,62075.09100857143,0.0,STOPLOSS,41.95979899497488,0.0316324968780744,0.0650906325263024,0.993805651293294,0.626984126984127,0.2739640031483187,1,0.0739010083639255,1.0
2024-01-18,NSE:LLOYDSENGG-EQ,2,2023-12-29,36.61,3871,7530.908812142865,T1,T1_WITH_TIME_EXIT,2350.9064121428573,0.0,0.0,0.0,5180.002400000008,TIMEEXIT,40.50410316529895,0.0331883091017674,0.0563663323838139,0.7296752542767707,0.1349206349206349,0.2091257979722035,1,-0.01877493764821,0.0
2024-08-21,NSE:LODHA-EQ,1,2024-08-05,1175.3,281,20469.06341428571,"T1,T2",T2_PARTIAL,5039.930999999999,7149.245771428568,0.0,8279.88664285714,0.0,STOPLOSS,13.750628456510782,0.0257491802138795,0.0521021988306937,1.6884113446066729,0.8611111111111112,0.184618427520021,1,-0.0583036358449603,0.0
2025-08-01,NSE:LT-EQ,2,2025-07-28,3422.2,57,6435.219107142849,"T1,T2",T2_PARTIAL,678.5208785714277,998.9782285714273,0.0,4757.719999999994,0.0,STOPLOSS,21.25468164794012,0.0073277910481959,0.0126756388956143,1.5954260982017123,0.6944444444444444,0.0113343861051532,1,0.1005321688364745,0.0
2021-11-18,NSE:LTIM-EQ,1,2021-11-11,6948.75,22,7103.096410714291,"T1,T2",T2_PARTIAL,1324.109625000001,1541.063142857144,0.0,4237.923642857146,0.0,STOPLOSS,65.83078819053745,0.0398629431340787,0.0282501991622337,0.301108157905701,0.2063492063492063,0.1880016323643135,1,0.7674729132568774,0.0
2022-06-14,NSE:LTIM-EQ,2,2022-05-25,3823.7,121,30746.741650000018,"T1,T2",T2_PARTIAL,7505.467457142862,10940.64697142858,0.0,12300.62722142858,0.0,STOPLOSS,21.052146107489847,0.0247310696690799,0.0555800477473202,1.2015002251912492,0.9007936507936508,-0.1298077584733952,-1,0.0956569122131924,1.0
2022-07-26,NSE:LTIM-EQ,3,2022-07-15,3974.55,107,31345.973667857143,"T1,T2",T2_PARTIAL,4199.112342857134,5861.219571428579,0.0,21285.64175357143,0.0,STOPLOSS,39.48292193681397,0.0228065765169934,0.0340496767828163,3.1805552962708994,0.98015873015873,-0.2010814643624695,-1,0.3362944478895829,1.0
2022-09-16,NSE:LUXIND-EQ,1,2022-09-12,1885.3,291,2677.712421428576,T1,T1_ONLY,3062.313621428576,0.0,0.0,-384.6012,0.0,STOPLOSS,92.38095238095232,0.0095103361135746,0.0196899318789734,0.9288935199324506,0.4087301587301587,-0.23877208718426,-1,1.076974020723954,1.0
2022-08-19,NSE:M&M-EQ,1,2022-08-02,1254.5,63,510.12318214285494,T1,T1_ONLY,565.3211821428549,0.0,0.0,-55.198,0.0,STOPLOSS,71.61522438932025,0.021041505028728,0.0247423560895063,1.3604793202090089,0.873015873015873,0.1207541293825098,1,1.1603201326658437,1.0
2020-11-26,NSE:MAHABANK-EQ,1,2020-11-19,11.2,11582,5842.960085714287,"T1,T2",T2_PARTIAL,779.3680357142858,1118.1293714285716,0.0,3945.4626785714295,0.0,STOPLOSS,57.89473684210517,0.0101315117855163,0.0210459183673469,1.8817327756406488,0.7222222222222222,-0.0041712715589216,-1,0.4379965770293578,1.0
2021-10-01,NSE:MAHABANK-EQ,2,2021-09-23,18.25,12352,17080.602649999986,"T1,T2",T2_PARTIAL,2986.7580499999976,4228.4793999999965,0.0,9865.365199999993,0.0,STOPLOSS,51.85185185185185,0.0267065020394003,0.0452054794520547,0.5989021194069142,0.4007936507936508,0.0009345855316018,1,0.4458649493212701,1.0
2021-10-20,NSE:MAHABANK-EQ,3,2021-10-01,20.0,17545,18811.835939285713,"T1,T2",T2_PARTIAL,4646.3636,6577.176771428571,0.0,7588.295567857142,0.0,STOPLOSS,66.66666666666666,0.0307143504111832,0.0451785714285714,0.8830517465606866,0.6984126984126984,-0.0068383901023887,-1,1.0092888079745328,0.0
2024-02-09,NSE:MANYAVAR-EQ,1,2024-02-05,953.65,529,7181.721682142861,T1,T1_ONLY,7534.572182142861,0.0,0.0,-352.8505,0.0,STOPLOSS,16.76336254783358,0.0251789453089328,0.0507411374343687,0.9608615844626864,0.8928571428571429,-0.0640365082602039,-1,0.0718674190981978,0.0
2024-03-27,NSE:MAPMYINDIA-EQ,1,2024-03-13,1622.85,85,9178.713910714287,"T1,T2",T2_PARTIAL,1267.173792857141,1783.7596285714303,0.0,6127.780489285716,0.0,STOPLOSS,17.785455742020332,0.0145566746607973,0.031063076862134,1.8391243605077745,0.6865079365079365,0.0538234715490463,1,-0.1653660245612642,0.0
2020-05-22,NSE:MARATHON-EQ,1,2020-05-12,44.8,1057,837.0967785714291,T1,T1_ONLY,870.2487785714292,0.0,0.0,-33.152,0.0,STOPLOSS,19.292604501607716,0.0402874458449582,0.0623405612244898,0.0816856595565079,0.0238095238095238,-0.4695391319411786,-1,0.3152874492756155,0.0
2021-05-17,NSE:MARATHON-EQ,3,2021-05-05,47.15,5340,19434.56295000002,"T1,T2",T2_PARTIAL,4805.679600000007,6778.406750000001,0.0,7850.476600000011,0.0,STOPLOSS,59.672131147540966,0.0350841587096396,0.0646871686108165,0.3586045235090941,0.6587301587301587,-0.1594938405706623,-1,0.2664118242912537,1.0
2021-06-09,NSE:MARATHON-EQ,4,2021-06-01,58.8,764,6110.550878571428,"T1,T2",T2_PARTIAL,674.4818785714292,951.9154285714294,0.0,4484.15357142857,0.0,STOPLOSS,64.91228070175438,0.0335376524546639,0.0511418853255588,1.3770251227789312,0.7777777777777778,-0.1362592940352967,-1,0.779537717711527,0.0
2022-01-18,NSE:MARUTI-EQ,1,2022-01-14,8084.2,77,3289.7611535714436,T1,T1_ONLY,3726.3079535714437,0.0,0.0,-436.5468,0.0,STOPLOSS,85.5506844412633,0.0107808855620419,0.0210618066280964,0.6458401251593384,0.0674603174603174,0.0346695723439198,1,0.8255567105998105,0.0
2021-02-12,NSE:MAZDOCK-EQ,1,2021-02-10,112.48,1733,7800.119823571435,"T1,T2",T2_PARTIAL,1924.0687142857155,2734.638920000002,0.0,3141.4121892857165,0.0,STOPLOSS,60.87414428646656,0.0158682602497842,0.0339298414956309,2.0304201659365595,0.6352941176470588,0.092275046119489,1,0.9614093160694236,0.0
2021-04-07,NSE:MAZDOCK-EQ,2,2021-03-18,102.38,1080,4600.302582857145,T1,T1_WITH_TIME_EXIT,1505.677062857143,0.0,0.0,0.0,3094.6255200000023,TIMEEXIT,39.93952721275426,0.0261836919754938,0.046437641280384,0.6175997171533059,0.1818181818181818,0.1001818306563233,1,-0.0113952818210084,0.0
2025-06-11,NSE:MCX-EQ,1,2025-06-04,6870.5,296,143845.59242857143,"T1,T2",T2_PARTIAL,15760.851071428546,22384.909571428598,0.0,105699.83178571427,0.0,STOPLOSS,80.57851239669421,0.0261168523612915,0.0268019586846455,1.0410452214443588,0.7103174603174603,0.0786108896794614,1,0.9166487899540376,0.0
2023-06-16,NSE:MEDANTA-EQ,1,2023-06-09,607.0,1595,52549.94902857141,"T1,T2",T2_PARTIAL,9142.618935714261,13018.312964285718,0.0,30389.017128571435,0.0,STOPLOSS,68.67321867321856,0.0162702260625292,0.0325429512826547,1.0413125789811564,0.6453900709219859,0.1049776384032519,1,0.8132094090707818,1.0
2023-06-28,NSE:MEDANTA-EQ,2,2023-06-16,648.6,795,5036.954849999994,T1,T1_ONLY,5398.225049999994,0.0,0.0,-361.27020000000005,0.0,STOPLOSS,76.29268292682923,0.0165607423382141,0.0360061230782784,5.399795232150347,0.9863013698630136,0.1124037205932096,1,0.9505387348176284,0.0
2023-07-18,NSE:MEDANTA-EQ,3,2023-06-28,656.0,1057,39926.57951071425,"T1,T2",T2_WITH_TIME_EXIT,7217.13333928571,10254.172071428564,0.0,0.0,22455.274099999977,TIMEEXIT,67.11864406779661,0.0183669243710572,0.0357415069686411,0.2417499932393468,0.2922077922077922,0.1300506530481993,1,0.7143625009474805,0.0
2023-10-09,NSE:MIDHANI-EQ,1,2023-09-29,408.7,318,1407.155453571427,T1,T1_ONLY,1498.295553571427,0.0,0.0,-91.14009999999999,0.0,STOPLOSS,39.48001925854596,0.0263386755519563,0.0396291376839455,0.4426880533559013,0.4166666666666667,0.2206307588272785,1,0.4019592310371447,1.0
2024-01-23,NSE:MMTC-EQ,2,2024-01-18,67.7,8435,8943.069714285726,T1,T1_ONLY,9342.838214285726,0.0,0.0,-399.7685,0.0,STOPLOSS,73.6526946107785,0.0249582808510584,0.0556024477737919,0.7064108469890981,0.7380952380952381,0.1546595460163214,1,0.7589898283333351,0.0
2024-06-21,NSE:MMTC-EQ,3,2024-06-05,67.6,19703,172555.33373928553,"T1,T2",T2_PARTIAL,19066.120496428528,26974.23281428571,0.0,126514.98042857127,0.0,STOPLOSS,38.48238482384826,0.0259615063736323,0.0487637362637362,1.007937639939713,0.3055555555555556,0.1150094124806503,1,0.084650437920905,0.0
2024-08-02,NSE:MMTC-EQ,4,2024-07-29,105.03,17798,50080.53419999997,T1,T1_ONLY,51389.10296999997,0.0,0.0,-1308.56877,0.0,STOPLOSS,63.69958275382476,0.0729314266466078,0.0927354089307816,0.8880353134156439,0.9285714285714286,0.1304850146719809,1,0.8413193322289485,0.0
2020-12-10,NSE:MOIL-EQ,3,2020-11-27,123.65,1078,11531.885585714277,"T1,T2",T2_PARTIAL,1061.7725214285706,1513.7689857142843,0.0,8956.344078571421,0.0,STOPLOSS,52.88461538461539,0.0168554037549919,0.0276125007220842,4.595707954008243,0.9603174603174603,-0.0476473267756951,-1,0.3362346387439798,1.0
2022-02-14,NSE:MSTCLTD-EQ,2,2022-01-24,328.65,1852,8706.929571428556,T1,T1_ONLY,9132.859971428556,0.0,0.0,-425.93039999999996,0.0,STOPLOSS,46.65617623918175,0.029486782849909,0.0510312751298602,0.8499594163013345,0.4722222222222222,0.1047352201721647,1,0.1787591635627677,0.0
2024-11-21,NSE:MSTCLTD-EQ,3,2024-11-14,582.7,1814,56096.87823571423,"T1,T2",T2_PARTIAL,13847.803657142844,19619.116028571407,0.0,22629.958549999978,0.0,STOPLOSS,30.47052154195012,0.0215294327335031,0.0447301968668023,1.274996546987427,0.4722222222222222,-0.0975322430863089,-1,0.0268479506416526,0.0
2022-08-02,NSE:MTARTECH-EQ,1,2022-07-26,1240.05,214,11068.384200000022,"T1,T2",T2_PARTIAL,1913.384914285718,2746.499785714291,0.0,6408.499500000013,0.0,STOPLOSS,51.72124265323254,0.0224464812169079,0.0251343551815307,0.4445503903131085,0.1984126984126984,-0.179167916161427,-1,0.4059325303342382,1.0
2020-12-18,NSE:NAM-INDIA-EQ,1,2020-12-14,305.05,609,1377.3099000000022,T1,T1_ONLY,1507.2612000000022,0.0,0.0,-129.9513,0.0,STOPLOSS,66.57608695652172,0.0145335486372603,0.0280281920996557,0.5168358592519527,0.1473214285714285,-0.0083256027129975,-1,0.8552214787650424,0.0
2024-06-27,NSE:NAZARA-EQ,3,2024-06-07,810.4,878,14135.924339285702,T1,T1_ONLY,14634.320339285703,0.0,0.0,-498.396,0.0,STOPLOSS,69.88982778906835,0.0612669979131054,0.0697318784374559,1.2639010596729463,0.9206349206349206,-0.0561026914005774,-1,1.0135600574691928,0.0
2022-01-06,NSE:NESTLEIND-EQ,1,2022-01-03,983.9,362,1182.5358092857102,T1,T1_ONLY,1431.4625092857102,0.0,0.0,-248.92669999999998,0.0,STOPLOSS,65.93613933236564,0.0091546258541948,0.014361941544582,0.5919286820783061,0.0198412698412698,0.0356035038049989,1,0.99863268114166,0.0
2022-01-11,NSE:NESTLEIND-EQ,2,2022-01-06,982.38,363,1266.0275185714313,T1,T1_ONLY,1515.5520385714312,0.0,0.0,-249.52452,0.0,STOPLOSS,67.13337356668677,0.0089418582528045,0.0151687010845381,0.7420285512695359,0.0595238095238095,0.037010225555378,1,0.7597040675027432,0.0
2020-03-11,NSE:NFL-EQ,1,2020-03-06,22.15,1565,302.39071428571367,T1,T1_ONLY,326.6449642857137,0.0,0.0,-24.25425,0.0,STOPLOSS,21.621621621621628,0.0118107212197391,0.0324089003547243,1.1954433403149114,0.4682539682539682,-0.1577244267503242,-1,0.1030087142946326,1.0
2025-06-10,NSE:NUVAMA-EQ,1,2025-06-04,7322.5,27,6787.764321428568,"T1,T2",T2_PARTIAL,1634.8677142857123,2496.236571428574,0.0,2656.6600357142825,0.0,STOPLOSS,79.6,0.020657594929254,0.0289372286982392,0.6725013188174221,0.3928571428571428,0.0554943228081098,1,0.8311942262081072,0.0
2023-01-19,NSE:OFSS-EQ,1,2023-01-16,3094.3,90,803.9009571428556,T1,T1_ONLY,998.8418571428557,0.0,0.0,-194.94090000000003,0.0,STOPLOSS,68.87272727272745,0.0055524538601103,0.0129685458515888,1.5568598799839104,0.7142857142857143,-0.05261889260683,-1,1.1396031156868425,1.0
2023-01-25,NSE:OFSS-EQ,2,2023-01-19,3095.45,193,10015.090728571431,"T1,T2",T2_PARTIAL,2462.2052285714294,3519.963142857144,0.0,4032.922357142858,0.0,STOPLOSS,65.86009678838539,0.0061154641448036,0.014728991630573,1.536354563173158,0.7103174603174603,-0.0491192279555132,-1,0.8371471225940085,0.0
2019-04-22,NSE:OPTIEMUS-EQ,1,2019-04-02,101.4,281,3327.547200000002,"T1,T2",T2_PARTIAL,449.12430000000063,636.8953071428572,0.0,2241.527592857144,0.0,STOPLOSS,50.407608695652186,0.0292214778080853,0.0537827557058326,0.8014229185138879,0.7222222222222222,-0.3137620823466983,-1,0.7440120857714657,1.0
2019-07-15,NSE:OPTIEMUS-EQ,2,2019-06-24,48.0,838,10188.879514285716,"T1,T2",T2_WITH_TIME_EXIT,1904.3907857142865,2679.1474285714285,0.0,0.0,5605.341300000001,TIMEEXIT,4.852686308492196,0.0587915516590304,0.1592261904761905,0.4588275189181112,0.7222222222222222,-0.6798582130999042,-1,0.2354974757505199,0.0
2020-09-04,NSE:OPTIEMUS-EQ,3,2020-08-03,21.0,4537,62897.21031428573,"T1,T2",T2_PARTIAL,1855.4901857142863,2618.517257142858,0.0,58423.202871428584,0.0,STOPLOSS,45.95959595959596,0.0356023499402726,0.0659863945578231,1.5869267529273678,0.7817460317460317,-0.4777507520418453,-1,0.4887157425946398,0.0
2021-09-23,NSE:OPTIEMUS-EQ,4,2021-09-08,251.7,1259,60060.45762857133,"T1,T2",T2_PARTIAL,3438.320399999991,4869.18205714286,0.0,51752.955171428475,0.0,STOPLOSS,97.76119402985074,0.0299319780464908,0.0371757761507463,0.3892650347722189,0.1428571428571428,0.1406372058305698,1,1.0233054660169325,0.0
2023-05-29,NSE:OPTIEMUS-EQ,5,2023-05-09,177.5,1563,51450.537749999974,"T1,T2",T2_PARTIAL,4812.901449999995,6790.124800000001,0.0,39847.51149999998,0.0,STOPLOSS,48.8,0.036146912281755,0.0588732394366197,1.8237716503548864,0.9761904761904762,-0.238344130434677,-1,0.5268656900297711,0.0
2019-08-28,NSE:PCBL-EQ,1,2019-08-22,56.58,1004,825.1008900000006,T1,T1_ONLY,864.8766300000007,0.0,0.0,-39.77574,0.0,STOPLOSS,40.884252359662185,0.0502769383911572,0.0518355804676059,0.8766765592597267,0.5753968253968254,-0.2840506148676176,-1,0.2234162449077245,0.0
2024-12-31,NSE:PERSISTENT-EQ,1,2024-12-20,6368.7,117,22791.637478571443,"T1,T2",T2_PARTIAL,5578.41337500001,8128.379464285705,0.0,9084.84463928573,0.0,STOPLOSS,69.66378222462592,0.0153331814860947,0.026052076113313,1.2957259550612,0.6428571428571429,0.1553948222848857,1,0.6443245593624796,0.0
2025-10-06,NSE:PGEL-EQ,1,2025-09-29,504.7,750,11711.158928571438,T1,T1_ONLY,11711.158928571438,0.0,0.0,0.0,0.0,T1_EXIT,14.928774928774956,0.0151586334370298,0.0319709020917659,2.2715231654929675,0.9563492063492064,-0.1623160527552474,-1,-0.1923066572268224,1.0
2024-03-06,NSE:PGIL-EQ,1,2024-02-09,563.8,1311,71901.30932142858,"T1,T2",T2_PARTIAL,12585.827807142878,17768.798928571425,0.0,41546.682585714276,0.0,STOPLOSS,36.84353004872765,0.0235334377344584,0.0578599300663862,0.9437907695499348,0.4246031746031746,0.2081504110914898,1,0.1820417496677259,0.0
2025-08-08,NSE:PIDILITIND-EQ,1,2025-07-28,2878.8,681,79736.47277142847,"T1,T2",T2_PARTIAL,8539.874228571416,12384.237171428555,0.0,58812.36137142849,0.0,STOPLOSS,19.80166346769029,0.0084653980477796,0.0155570773536592,1.0239232529625526,0.4285714285714285,0.0066098411750071,1,0.0763108511356347,0.0
2019-05-13,NSE:PNBHOUSING-EQ,1,2019-05-06,568.96,149,6194.00204071428,"T1,T2",T2_PARTIAL,1091.1753321428541,1521.0348842857138,0.0,3581.7918242857127,0.0,STOPLOSS,11.327649208282551,0.0276553668432844,0.0436623714446407,0.5565254924524768,0.7182539682539683,-0.1880442895781599,-1,0.1355948705657253,0.0
2021-12-03,NSE:PNBHOUSING-EQ,3,2021-11-29,431.07,1268,38893.27246285713,"T1,T2",T2_PARTIAL,5231.1359142857245,7438.2549,0.0,26223.88164857141,0.0,STOPLOSS,67.94055201698512,0.0284167288661213,0.0329677977391805,0.3546541127253702,0.238095238095238,-0.0084279119222188,-1,1.1350907490179685,1.0
2025-09-22,NSE:PNBHOUSING-EQ,4,2025-08-28,767.05,1585,88373.11860714288,"T1,T2",T2_PARTIAL,8126.384200000015,11625.53663571427,0.0,68621.1977714286,0.0,STOPLOSS,47.43292480953959,0.0432547267138672,0.0232802853231769,0.5923413206266959,0.8571428571428571,-0.0265634347108816,-1,0.3574705126101855,1.0
2025-04-04,NSE:PNCINFRA-EQ,1,2025-04-02,265.05,5754,13636.19725714286,T1,T1_ONLY,14703.81865714286,0.0,0.0,-1067.6214000000002,0.0,STOPLOSS,58.99830220713076,0.0253223797433659,0.0331743336836715,0.4969230628041885,0.0753968253968253,-0.2368577358576683,-1,0.5602994073297334,1.0
2021-07-22,NSE:POWERGRID-EQ,1,2021-07-14,129.67,325,140.6542699999995,T1,T1_ONLY,170.08935999999952,0.0,0.0,-29.43509,0.0,STOPLOSS,47.43589743589741,0.0103224551098356,0.0143991891504809,0.6281081593474038,0.1111111111111111,0.0792919834360093,1,0.3447260063225944,1.0
2023-07-07,NSE:PPLPHARMA-EQ,1,2023-07-05,90.43,7236,5357.952340714277,T1,T1_ONLY,5815.980290714277,0.0,0.0,-458.02795000000003,0.0,STOPLOSS,54.273237679351226,0.0151440320253155,0.0306551239316914,0.4451584504191385,0.6136363636363636,-0.2465726309183233,-1,0.6477801322906382,1.0
2024-03-11,NSE:PRINCEPIPE-EQ,1,2024-03-06,565.05,843,2401.367978571446,T1,T1_ONLY,2734.747478571446,0.0,0.0,-333.3795,0.0,STOPLOSS,28.05970149253733,0.0143738396914056,0.0201499235213066,0.7647826568147273,0.3849206349206349,-0.0375909595751059,-1,0.1339433605753673,1.0
2022-04-25,NSE:PTC-EQ,3,2022-03-21,80.75,4016,36246.97512499997,"T1,T2",T2_PARTIAL,2546.7459821428547,3631.4031428571393,0.0,30068.825999999972,0.0,STOPLOSS,28.793774319066145,0.0135527354728975,0.0272003538257408,1.2412179628498243,0.5753968253968254,-0.0700365169090204,-1,0.039205698628698,1.0
2023-01-25,NSE:PTC-EQ,4,2023-01-20,106.95,3710,18742.46780357142,"T1,T2",T2_PARTIAL,4626.339524999996,6559.358057142862,0.0,7556.770221428564,0.0,STOPLOSS,84.72906403940888,0.0302187445113919,0.0399051626260602,2.6488754639213496,0.98015873015873,0.0173663195338887,1,0.9757818002346784,0.0
2020-06-09,NSE:PVRINOX-EQ,1,2020-05-19,804.45,66,12821.104928571427,"T1,T2",T2_PARTIAL,1221.8147142857154,1721.8029,0.0,9877.487314285712,0.0,STOPLOSS,30.2578475336323,0.0440369894897087,0.0770180158582172,3.363476240248213,1.0,-0.4593024526293287,-1,0.07176653311317,0.0
2025-04-04,NSE:PVRINOX-EQ,2,2025-03-26,926.25,246,2456.9764071428594,T1,T1_ONLY,2616.2914071428595,0.0,0.0,-159.315,0.0,STOPLOSS,45.0644567219153,0.0294445038630751,0.039209562367457,0.6389947271577757,0.3015873015873015,-0.2697460273733444,-1,0.3648780642557102,1.0
2022-12-16,NSE:QUESS-EQ,1,2022-12-12,438.75,1047,4123.805271428566,T1,T1_ONLY,4445.409021428566,0.0,0.0,-321.60375,0.0,STOPLOSS,52.18702865761688,0.019517794677473,0.0333007733007732,0.2520110847420924,0.4841269841269841,-0.2134161115612673,-1,0.419581491677979,1.0
2022-03-24,NSE:RAILTEL-EQ,1,2022-03-22,89.5,3516,2226.078267857149,T1,T1_ONLY,2446.337767857149,0.0,0.0,-220.2595,0.0,STOPLOSS,39.73063973063975,0.0201795222890299,0.0269353551476456,0.9701656373531298,0.3968253968253968,-0.1717023287772159,-1,0.2857977647705007,1.0
2019-01-08,NSE:RAJESHEXPO-EQ,1,2019-01-02,572.45,87,828.3178500000034,"T1,T2",T2_PARTIAL,202.55578571428705,290.76595714285696,0.0,334.9961071428594,0.0,STOPLOSS,56.98924731182792,0.0025714212666802,0.0146238598505172,1.2547004767138612,0.5158730158730159,-0.0843236091228839,-1,0.8555065604309839,1.0
2019-01-18,NSE:RAJESHEXPO-EQ,2,2019-01-08,571.25,88,1875.0456142857106,"T1,T2",T2_PARTIAL,244.51644285714235,368.22393571428495,0.0,1262.3052357142833,0.0,STOPLOSS,54.00843881856537,0.0034444707285414,0.0174804626445764,0.6700567759571312,0.2777777777777778,-0.0824908391455343,-1,0.4895963236104714,0.0
2019-10-16,NSE:RAJESHEXPO-EQ,3,2019-10-11,674.3,50,184.42378571428517,T1,T1_ONLY,208.02428571428518,0.0,0.0,-23.6005,0.0,STOPLOSS,49.96114996114991,0.008360470822467,0.021588525666829,0.8389745207081324,0.3095238095238095,0.0229430827185731,1,0.7127675356245426,1.0
2019-11-06,NSE:RAJESHEXPO-EQ,4,2019-10-23,670.85,110,271.3003464285718,T1,T1_ONLY,322.95579642857183,0.0,0.0,-51.65545000000001,0.0,STOPLOSS,56.45161290322581,0.0064428615018007,0.0156038714211181,0.8776718454221268,0.25,0.0194454381526026,1,0.433321938403997,1.0
2019-11-08,NSE:RAJESHEXPO-EQ,5,2019-11-06,669.0,102,937.1591678571408,"T1,T2",T2_PARTIAL,232.65378214285604,329.2573500000009,0.0,375.2480357142839,0.0,STOPLOSS,46.63382594417082,0.0036960094217758,0.0122304078582105,1.1068645938775474,0.6309523809523809,0.0163007255465123,1,0.0069489774919941,1.0
2019-11-13,NSE:RAJESHEXPO-EQ,6,2019-11-08,674.9,102,221.383971428573,T1,T1_ONLY,269.301871428573,0.0,0.0,-47.9179,0.0,STOPLOSS,52.13068181818184,0.0042499546359859,0.0138856550176745,0.4135827962986532,0.0515873015873015,0.01568402674727,1,0.6136906732009506,0.0
2019-11-19,NSE:RAJESHEXPO-EQ,7,2019-11-13,683.0,98,1755.120692857144,"T1,T2",T2_PARTIAL,296.5977071428573,443.8983000000003,0.0,1014.6246857142863,0.0,STOPLOSS,64.90797546012271,0.0046257857009165,0.0159903785818866,0.6936345177178624,0.2896825396825397,0.0154688069760214,1,1.1678262725938258,0.0
2020-12-15,NSE:RAJESHEXPO-EQ,11,2020-12-10,472.1,121,353.6361571428574,T1,T1_ONLY,393.7646571428574,0.0,0.0,-40.1285,0.0,STOPLOSS,59.81012658227848,0.01424656622307,0.0241928162919478,0.8431575900904082,0.5873015873015873,-0.0924482753525709,-1,0.6729428734856916,0.0
2021-02-10,NSE:RAJESHEXPO-EQ,12,2021-01-21,479.1,84,415.92040714285594,T1,T1_WITH_TIME_EXIT,211.37035714285662,0.0,0.0,0.0,204.55004999999932,TIMEEXIT,39.27927927927927,0.0056134772541375,0.0186659510391507,0.8020139713219274,0.75,-0.0478887464109754,-1,0.0181058392696011,1.0
2021-02-19,NSE:RAJESHEXPO-EQ,13,2021-02-15,477.5,438,7682.384142857132,"T1,T2",T2_PARTIAL,1014.3124142857106,1468.6130857142855,0.0,5199.4586428571365,0.0,STOPLOSS,47.24409448818903,0.0068488388516782,0.0172326103216155,0.8907021414681984,0.8452380952380952,-0.0384393081222103,-1,0.2545959290017657,0.0
2025-01-30,NSE:RAJESHEXPO-EQ,15,2025-01-28,187.05,9552,17915.75051142853,T1,T1_ONLY,19166.366811428532,0.0,0.0,-1250.6163000000001,0.0,STOPLOSS,17.838116514865135,0.0222954559006596,0.0367892465727269,1.3713120301461226,0.7063492063492064,-0.2791208059246622,-1,0.0251270126597261,0.0
2021-09-09,NSE:RBLBANK-EQ,1,2021-08-20,162.75,2419,21436.755450000004,"T1,T2",T2_WITH_TIME_EXIT,4342.278600000004,6159.474599999991,0.0,0.0,10935.002250000007,TIMEEXIT,18.93004115226336,0.0182781997378387,0.0377880184331797,0.8713674486717824,0.1547619047619047,-0.0931163944896527,-1,0.0614676610698674,0.0
2024-07-16,NSE:RECLTD-EQ,1,2024-06-27,524.85,1090,66248.00866071424,"T1,T2",T2_PARTIAL,5305.980246428561,7551.808242857154,0.0,53390.220171428526,0.0,STOPLOSS,67.41854636591484,0.0683792098662343,0.0319479034826276,0.7044674350945469,0.746031746031746,0.1719515098397742,1,0.5690383771995057,0.0
2019-03-13,NSE:REFEX-EQ,1,2019-03-11,8.91,3075,294.32113714285794,T1,T1_ONLY,313.5043671428579,0.0,0.0,-19.18323,0.0,STOPLOSS,,0.031684346140497,0.0392015392015392,0.1652616842868111,0.8015873015873016,0.1312867820757694,1,0.972954326375427,0.0
2025-02-27,NSE:REFEX-EQ,2,2025-02-17,372.85,4451,97862.58717142855,"T1,T2",T2_PARTIAL,24170.284660714282,34205.11835714285,0.0,39487.18415357142,0.0,STOPLOSS,17.7972027972028,0.027951424853697,0.0496082300427211,1.492781402139285,0.2261904761904762,0.1983697620529299,1,-0.0980894852355921,0.0
2025-09-25,NSE:REFEX-EQ,3,2025-09-22,338.05,2218,66403.9484214286,"T1,T2",T2_PARTIAL,7286.927500000013,10370.187585714279,0.0,48746.83333571431,0.0,STOPLOSS,24.78260869565217,0.0158642566035739,0.0334481374268388,1.3392558337643372,0.7063492063492064,-0.0568945433083502,-1,-0.0298225169800327,1.0
2019-10-23,NSE:RENUKA-EQ,1,2019-10-03,6.85,9306,3605.1242142857163,T1,T1_WITH_TIME_EXIT,1046.7507142857141,0.0,0.0,0.0,2558.373500000002,TIMEEXIT,31.37254901960786,0.0303551703792721,0.0557872784150156,0.4518803709229312,0.2619047619047619,-0.2855055281767759,-1,0.212951719342042,0.0
2021-10-19,NSE:REPCOHOME-EQ,1,2021-10-11,314.0,1247,4353.492199999995,T1,T1_ONLY,4627.614199999995,0.0,0.0,-274.122,0.0,STOPLOSS,63.02910052910053,0.0205261833859454,0.0404458598726114,0.6709187582516403,0.369047619047619,0.0279035551741453,1,0.5870421986607256,0.0
2024-02-07,NSE:RESPONIND-EQ,1,2024-01-24,305.8,3137,15515.23937499998,T1,T1_ONLY,16186.776174999979,0.0,0.0,-671.5368000000001,0.0,STOPLOSS,49.84969939879759,0.0431281042128263,0.0573086984957488,2.5143992036165246,0.8611111111111112,0.1485335757595446,1,0.6970422343176804,0.0
2024-05-27,NSE:RHIM-EQ,1,2024-05-06,617.45,531,22934.91583928569,"T1,T2",T2_WITH_TIME_EXIT,3698.6926392857204,5279.891199999996,0.0,0.0,13956.331999999977,TIMEEXIT,49.63126843657817,0.0165205213541696,0.0387133718172668,0.7424577956313589,0.6746031746031746,-0.0670236921784286,-1,0.2598053725007512,1.0
2022-08-02,NSE:ROSSARI-EQ,1,2022-07-25,849.45,677,18716.390142857184,"T1,T2",T2_PARTIAL,2468.2683000000056,3573.7657285714367,0.0,12674.356114285743,0.0,STOPLOSS,46.060606060606176,0.0047175887494924,0.0153292466553988,3.5324286940339227,0.8373015873015873,-0.1685464515165379,-1,0.2772224364943023,1.0
2023-12-20,NSE:ROUTE-EQ,2,2023-11-30,1550.3,89,3476.0413785714336,"T1,T2",T2_PARTIAL,369.8654785714291,550.007114285715,0.0,2556.1687857142892,0.0,STOPLOSS,47.04030226700249,0.0046349712336717,0.0098460205858774,2.6660541772595776,0.6349206349206349,0.0402991630264227,1,0.416092539379148,0.0
2019-05-07,NSE:RPOWER-EQ,1,2019-05-02,5.35,5287,4559.254560714288,"T1,T2",T2_PARTIAL,1128.897807142858,1586.1107142857145,0.0,1844.2460392857156,0.0,STOPLOSS,6.306306306306325,0.0516246904604327,0.1341789052069426,3.534461960633935,0.992063492063492,-2.045205833529596,-1,-0.0665254373519521,0.0
2019-05-24,NSE:RPOWER-EQ,2,2019-05-07,6.05,3745,5133.188885714288,"T1,T2",T2_PARTIAL,903.5314142857145,1268.4131142857148,0.0,2961.244357142858,0.0,STOPLOSS,23.13432835820896,0.0766365730992233,0.1340023612750885,1.1247863333156027,0.9325396825396826,-1.825854588451792,-1,0.1543572004796558,0.0
2019-06-24,NSE:RPOWER-EQ,3,2019-06-18,4.55,11472,2293.3901785714274,T1,T1_ONLY,2329.9266785714276,0.0,0.0,-36.536500000000004,0.0,STOPLOSS,7.228915662650607,0.0552343100404904,0.1499215070643642,1.026715153092392,0.9087301587301588,-2.2514447886130258,-1,-0.0219365121988568,0.0
2021-11-08,NSE:RTNINDIA-EQ,1,2021-10-28,40.55,9184,29880.230875000016,"T1,T2",T2_PARTIAL,7388.152375000003,10424.316000000004,0.0,12067.762500000008,0.0,STOPLOSS,44.73684210526315,0.0313186513155816,0.0672009864364981,0.7303926268371693,0.5992063492063492,0.296138607070899,1,0.1683737114998344,0.0
2020-12-14,NSE:RTNPOWER-EQ,1,2020-12-10,2.0,84472,13688.67736428571,"T1,T2",T2_PARTIAL,3385.1481571428562,4774.578557142855,0.0,5528.950649999999,0.0,STOPLOSS,52.94117647058823,0.0319864542760444,0.0678571428571428,2.2186300071203267,0.984126984126984,-0.032397913739206,-1,0.4313537940792394,0.0
2020-12-18,NSE:RTNPOWER-EQ,2,2020-12-15,2.05,26728,6637.715535714288,"T1,T2",T2_PARTIAL,1642.7736571428584,2311.553678571428,0.0,2683.388200000002,0.0,STOPLOSS,53.84615384615384,0.0492265149052549,0.1010452961672473,3.625665671311912,0.996031746031746,-0.0309618824330059,-1,0.5,0.0
2021-01-11,NSE:RTNPOWER-EQ,3,2020-12-21,2.05,94408,86295.58076428567,"T1,T2",T2_PARTIAL,8126.896749999996,11418.64308571428,0.0,66750.0409285714,0.0,STOPLOSS,51.42857142857142,0.0593705954452016,0.1411149825783972,2.5076054633896274,0.992063492063492,-0.0253924663688328,-1,0.4088346631078919,0.0
2024-02-05,NSE:SAMHI-EQ,1,2024-01-30,185.4,2575,31073.8978285714,"T1,T2",T2_PARTIAL,7673.817857142847,10855.574614285715,0.0,12544.50535714284,0.0,STOPLOSS,57.58313057583131,0.0339388801384049,0.0546694405917706,1.1619707294706398,0.7727272727272727,0.0918701316542186,1,0.5949952266620646,0.0
2024-07-29,NSE:SANOFI-EQ,2,2024-07-11,6434.25,237,45435.60022499988,"T1,T2",T2_PARTIAL,11160.57849642853,16040.837142857132,0.0,18234.184585714218,0.0,STOPLOSS,15.917197006783695,0.0813538186450068,0.0254558473348541,0.345473304335574,0.1904761904761904,-0.0388634218295808,-1,0.3682021218393798,0.0
2022-02-24,NSE:SBCL-EQ,1,2022-02-22,279.37,1677,9994.201902857134,T1,T1_ONLY,10322.182282857135,0.0,0.0,-327.98038,0.0,STOPLOSS,47.03271956550537,0.0457075438622355,0.0745299372567869,1.0978632568435718,0.7904191616766467,0.290198253298891,1,0.1361987931627963,0.0
2023-08-30,NSE:SBCL-EQ,2,2023-08-10,547.15,200,7891.275571428583,T1,T1_WITH_TIME_EXIT,2156.6935714285737,0.0,0.0,0.0,5734.582000000009,TIMEEXIT,17.06391056739085,0.0268388758736394,0.066761530528322,1.1974321976773792,0.9682539682539684,0.2107884581862092,1,-0.0497185861338813,0.0
2025-08-22,NSE:SBIN-EQ,2,2025-08-08,804.3,2376,31179.96623571437,"T1,T2",T2_PARTIAL,7633.097892857164,11085.541628571458,0.0,12461.326714285748,0.0,STOPLOSS,34.07999999999993,0.0076346356858005,0.0143247899682066,1.4428781851131032,0.8174603174603174,0.0183856041080544,1,0.3877808708884318,0.0
2019-02-04,NSE:SCHNEIDER-EQ,1,2019-01-25,90.85,550,300.8955714285722,T1,T1_ONLY,335.87282142857225,0.0,0.0,-34.97725,0.0,STOPLOSS,6.190476190476232,0.006747289608784,0.02342951489897,0.8799748604142371,0.0793650793650793,-0.0596806585664685,-1,-0.0422167489369,0.0
2023-05-11,NSE:SCI-EQ,1,2023-05-03,95.3,7978,32616.022578571457,"T1,T2",T2_PARTIAL,8045.1548964285785,11428.99117142858,0.0,13141.876510714297,0.0,STOPLOSS,74.35294117647058,0.0585766476655239,0.036313895967621,2.7211243795188107,0.8968253968253969,-0.1255209597777491,-1,0.8530648155357847,1.0
2024-06-04,NSE:SFL-EQ,1,2024-05-27,893.95,340,2238.4121000000046,T1,T1_ONLY,2451.1722000000045,0.0,0.0,-212.76010000000002,0.0,STOPLOSS,46.38737097753495,0.0078076282763354,0.0279098383578499,3.2032398951798617,0.9444444444444444,-0.1263426958434126,-1,0.068854576622116,1.0
2021-07-19,NSE:SHAREINDIA-EQ,3,2021-07-08,93.87,4404,34526.60724857144,"T1,T2",T2_PARTIAL,6040.783915714294,8546.670964285713,0.0,19939.152368571427,0.0,STOPLOSS,61.0378562313909,0.0227141619889745,0.0497648723919097,0.3336586681620238,0.5477386934673367,0.2988379100528849,1,0.6924553532188998,0.0
2021-07-28,NSE:SHAREINDIA-EQ,4,2021-07-19,103.26,4057,24844.14867428571,"T1,T2",T2_PARTIAL,6137.351862857138,8681.278731428578,0.0,10025.518079999993,0.0,STOPLOSS,65.75131132366555,0.0327430416026485,0.0498879389059517,2.1612367325593937,0.9611650485436892,0.2732657738676207,1,0.9640498104514332,0.0
2021-08-10,NSE:SHAREINDIA-EQ,6,2021-07-29,108.91,418,631.6549057142853,T1,T1_ONLY,663.5655357142853,0.0,0.0,-31.910629999999998,0.0,STOPLOSS,73.39763534536401,0.0310979425766809,0.0497920957015622,2.134881303511808,0.9671361502347418,0.2738600528379013,1,0.7989869000993858,0.0
2023-09-07,NSE:SHRIPISTON-EQ,1,2023-08-30,1074.9,205,18339.809614285732,"T1,T2",T2_PARTIAL,4573.397228571435,6389.965242857143,0.0,7376.447142857154,0.0,STOPLOSS,15.995440729483336,0.0283924390538945,0.0696941908217375,0.8777008952549131,0.8134920634920635,0.2935096032304322,1,0.1932163616405872,0.0
2022-10-19,NSE:SKFINDIA-EQ,1,2022-10-17,4535.25,112,3327.4199357142957,T1,T1_ONLY,3681.1694357142956,0.0,0.0,-353.7495,0.0,STOPLOSS,41.260014566642376,0.0161923632951657,0.0248978241867277,1.094725898549737,0.4444444444444444,0.1358556881386102,1,0.2338665038271541,1.0
2020-01-22,NSE:SOBHA-EQ,1,2020-01-08,386.8,107,2888.7664557142857,"T1,T2",T2_PARTIAL,262.592868571429,369.5747942857136,0.0,2256.598792857143,0.0,STOPLOSS,49.65248818459828,0.0080577303948411,0.0222374058206529,0.7620642007767717,0.2341269841269841,-0.1168235963267172,-1,0.4481285205709356,1.0
2025-06-04,NSE:SONACOMS-EQ,2,2025-04-07,406.6,3860,288832.7310999999,"T1,T2",T2_PARTIAL,23335.31292857142,33015.3118142857,0.0,232482.1063571428,0.0,STOPLOSS,22.05001761183516,0.0235726034658756,0.0506113414377064,1.5798193127750693,0.9047619047619048,-0.1991265012185866,-1,-0.1195086677077359,0.0
2022-01-14,NSE:STAR-EQ,1,2022-01-12,453.25,687,2407.302985714286,T1,T1_ONLY,2625.316235714286,0.0,0.0,-218.01325,0.0,STOPLOSS,64.8849294729028,0.0241830092487852,0.0291466393507209,0.3851574324234423,0.3134920634920635,-0.2746715892938215,-1,0.7055151886145422,1.0
2023-09-11,NSE:SUNFLAG-EQ,1,2023-08-21,199.65,5804,81901.03844999995,T1,T1_WITH_TIME_EXIT,20610.48030000002,0.0,0.0,0.0,61290.55814999993,TIMEEXIT,30.09446693657216,0.038777935248301,0.0603556223390934,0.486694390815949,0.4603174603174603,0.2279025828013899,1,0.1594344272831588,0.0
2022-12-15,NSE:SUPRIYA-EQ,1,2022-12-06,246.6,2096,5062.163207142859,T1,T1_ONLY,5423.9254071428595,0.0,0.0,-361.7622,0.0,STOPLOSS,60.42486231313926,0.0253688611796802,0.0360039392886108,0.5894606076716916,0.3119658119658119,-0.257501421258704,-1,0.4802606348438178,1.0
2020-05-05,NSE:SWSOLAR-EQ,1,2020-04-13,102.05,227,6751.606667857142,"T1,T2",T2_PARTIAL,325.6847857142858,464.6886857142858,0.0,5961.23319642857,0.0,STOPLOSS,48.31649831649832,0.0463652493853206,0.0479806817386435,2.018114806634333,0.9433962264150944,-2.1290651004140257,-1,0.6132589529260872,1.0
2024-10-14,NSE:SWSOLAR-EQ,3,2024-10-04,546.6,3567,36046.92169285715,T1,T1_ONLY,37411.78189285715,0.0,0.0,-1364.8602,0.0,STOPLOSS,17.354957364989133,0.0309234181182398,0.0650318854215671,1.332311729866598,0.9404761904761904,0.1103352704460677,1,-0.073317313702637,0.0
2023-06-30,NSE:SYRMA-EQ,1,2023-06-15,450.6,1374,6546.916671428568,T1,T1_ONLY,6980.393871428569,0.0,0.0,-433.47720000000004,0.0,STOPLOSS,85.56397306397308,0.029224956442826,0.038638957580369,1.6378002137269878,0.9396984924623116,0.0901443058094806,1,1.10743445035043,0.0
2024-08-26,NSE:SYRMA-EQ,2,2024-08-12,405.3,4198,133307.59926428567,"T1,T2",T2_PARTIAL,23305.951521428535,33011.722799999996,0.0,76989.92494285713,0.0,STOPLOSS,33.64429732169728,0.0300449748478896,0.0467202425011455,0.8681746054439625,0.6111111111111112,-0.0506008330679709,-1,0.0505363208337684,0.0
2023-11-10,NSE:TATACOMM-EQ,1,2023-10-30,1647.7,367,19882.828914285703,"T1,T2",T2_PARTIAL,4894.493607142855,6979.1639499999965,0.0,8009.171357142853,0.0,STOPLOSS,29.47909967845661,0.0201537018740484,0.0280325822141686,1.0560486701809877,0.7698412698412699,0.1259784812947623,1,0.2243082462630013,0.0
2022-05-25,NSE:TATAELXSI-EQ,1,2022-05-19,8261.5,85,9584.682435714316,T1,T1_ONLY,10072.110935714316,0.0,0.0,-487.4285,0.0,STOPLOSS,56.66900666900667,0.0436834987786933,0.0479388039183476,0.7897297451469091,0.8888888888888888,0.1588348579300179,1,0.7625488500625542,0.0
2022-10-24,NSE:TATAINVEST-EQ,1,2022-10-04,2346.6,162,6044.819400000044,,TIME_EXIT_ONLY,0.0,0.0,0.0,0.0,6044.819400000044,TIMEEXIT,37.49772437647914,0.0612319551944883,0.0705458353118798,0.0860958683689039,0.7420634920634921,0.1633762202544289,1,0.5154146863231274,1.0
2020-09-04,NSE:TCS-EQ,1,2020-09-02,2265.15,43,377.08787142857057,T1,T1_ONLY,445.04237142857056,0.0,0.0,-67.9545,0.0,STOPLOSS,53.78895184135988,0.0072109690546801,0.0161294900053922,0.6887980326401679,0.1468253968253968,0.0471646703929629,1,0.5689415276936245,1.0
2025-07-08,NSE:TEJASNET-EQ,1,2025-06-18,698.0,1517,8038.527500000009,T1,T1_ONLY,8779.803500000009,0.0,0.0,-741.2760000000001,0.0,STOPLOSS,33.597285067873315,0.0087988756389878,0.0286737617683176,0.7340537161451628,0.4484126984126984,-0.2439734744487678,-1,0.1900777733273574,1.0
2022-05-19,NSE:TEXRAIL-EQ,1,2022-05-05,43.25,1647,2086.09347857143,T1,T1_ONLY,2135.9607285714296,0.0,0.0,-49.86725,0.0,STOPLOSS,48.8245931283906,0.0505030877519027,0.1010734929810074,0.8535096863357523,0.9087301587301588,0.151612419265713,1,0.2295705669771367,0.0
2020-05-28,NSE:THERMAX-EQ,1,2020-05-22,703.5,92,1610.4939642857157,"T1,T2",T2_PARTIAL,402.87900000000093,560.1308571428563,0.0,647.4841071428586,0.0,STOPLOSS,51.694178974804565,0.015272070822368,0.0214742613463295,0.080366966954739,0.0277777777777777,-0.2293278339138227,-1,0.4073267993246429,0.0
2020-07-13,NSE:THOMASCOOK-EQ,1,2020-07-01,27.0,1480,4816.6785,"T1,T2",T2_PARTIAL,653.346,923.67,0.0,3239.6625,0.0,STOPLOSS,38.67403314917127,0.0314410844319643,0.0555555555555555,0.6418958146756936,0.5555555555555556,-1.5388236160132118,-1,0.119627303462962,1.0
2020-10-09,NSE:THOMASCOOK-EQ,3,2020-09-28,27.35,5065,9636.19845357143,"T1,T2",T2_PARTIAL,2382.5728571428576,3364.7024,0.0,3888.9231964285714,0.0,STOPLOSS,26.829268292682958,0.0328432319195685,0.0583703316792896,2.374055710273462,0.9682539682539684,-0.7736598785107153,-1,-0.1699950444424291,1.0
2019-02-18,NSE:TIIL-EQ,1,2019-02-04,515.2,72,2000.3946428571458,"T1,T2",T2_PARTIAL,503.89271428571504,694.8544285714296,0.0,801.6475000000013,0.0,STOPLOSS,22.09343168247277,0.0182052262236253,0.0455024401064774,0.9214228208835062,0.3928571428571428,0.0452622604946638,1,0.0726177593509166,0.0
2024-12-18,NSE:TIIL-EQ,2,2024-11-25,2497.45,474,168826.0287,"T1,T2",T2_PARTIAL,18654.3341,26523.455,0.0,123648.2396,0.0,STOPLOSS,23.51551108653024,0.029646366978283,0.0536547278223788,1.6323365142182364,0.6507936507936508,0.0701795782832104,1,0.1570195104237276,0.0
2019-01-04,NSE:TIINDIA-EQ,1,2019-01-02,353.0,127,2022.7493499999978,"T1,T2",T2_PARTIAL,496.7681642857133,715.4647071428574,0.0,810.516478571427,0.0,STOPLOSS,58.18181818181818,0.0220929835880553,0.0380716309186564,8.706197144924904,0.984126984126984,0.0951943272518977,1,0.9707407152076792,1.0
2022-12-08,NSE:TIINDIA-EQ,2,2022-11-16,2599.6,334,72622.28377142857,"T1,T2",T2_PARTIAL,12678.517142857123,17931.896000000004,0.0,42011.870628571436,0.0,STOPLOSS,36.52428320655354,0.028447716338884,0.0498208515595805,1.5136325009940104,0.9325396825396826,0.1867509493017245,1,0.2264637986081152,0.0
2019-01-31,NSE:TIPSMUSIC-EQ,1,2019-01-28,6.0,7797,335.4289778571421,T1,T1_ONLY,368.1769778571421,0.0,0.0,-32.748,0.0,STOPLOSS,46.34146341463416,0.0114521007010478,0.0272619047619047,3.8014264796183457,0.7063492063492064,-0.228548482282959,-1,0.3205047113633808,1.0
2019-09-13,NSE:TIPSMUSIC-EQ,2,2019-08-28,5.97,12852,8123.771282142858,"T1,T2",T2_PARTIAL,2010.3614057142863,2830.4104542857126,0.0,3282.9994221428583,0.0,STOPLOSS,60.06600660066005,0.0540878794458305,0.0884182818856185,0.241028387787895,0.4523809523809524,-0.0841684301061685,-1,0.6263231950561383,0.0
2020-02-01,NSE:TIPSMUSIC-EQ,3,2020-01-22,10.76,2641,1453.956125714284,"T1,T2",T2_PARTIAL,358.8246514285708,508.86998571428586,0.0,586.2614885714275,0.0,STOPLOSS,80.89887640449435,0.0173475045931478,0.0431492299522039,2.9746541485585376,0.9007936507936508,0.125856949154283,1,0.9235596848940382,0.0
2020-12-22,NSE:TIPSMUSIC-EQ,4,2020-12-18,26.21,2404,4520.474517142862,"T1,T2",T2_PARTIAL,608.7742900000017,866.0266642857147,0.0,3045.6735628571464,0.0,STOPLOSS,54.659949622166266,0.0127209364231396,0.0332479424429062,0.6532165838837968,0.4484126984126984,0.2405392117035591,1,0.391934234403879,1.0
2020-02-25,NSE:TRIDENT-EQ,2,2020-02-18,5.6,9920,4052.5679107142805,"T1,T2",T2_PARTIAL,546.0853714285707,776.1109214285705,0.0,2730.3716178571394,0.0,STOPLOSS,9.090909090909063,0.0183622693430227,0.0338010204081632,0.5366399611196455,0.0992063492063492,0.0076600927030894,1,0.2016277432490367,0.0
2021-12-08,NSE:TTML-EQ,1,2021-12-03,130.25,4291,28024.114192857098,"T1,T2",T2_PARTIAL,6917.565246428554,9803.021585714287,0.0,11303.527360714255,0.0,STOPLOSS,,0.030557559017317,0.0423087469152728,0.1327519704506368,0.373015873015873,0.2313335013668867,1,0.9977027450569408,0.0
2023-04-11,NSE:TTML-EQ,2,2023-03-27,52.8,9845,62249.35199999997,"T1,T2",T2_PARTIAL,8444.21999999999,11926.471885714287,0.0,41878.660114285696,0.0,STOPLOSS,14.15094339622638,0.0394524202496879,0.0551948051948051,0.7815842457379061,0.4880952380952381,-0.4457437077803782,-1,0.1190721540326462,0.0
2020-02-07,NSE:UCOBANK-EQ,1,2020-02-01,15.15,1483,1020.9024214285721,"T1,T2",T2_PARTIAL,177.43103571428585,252.71637857142878,0.0,590.7550071428575,0.0,STOPLOSS,20.58823529411778,0.0110274943229539,0.0273455917020273,0.6288527741181773,0.496031746031746,-0.027401199004342,-1,-0.1308717887354062,0.0
2021-05-10,NSE:UCOBANK-EQ,2,2021-04-19,10.9,23268,11318.937514285708,T1,T1_WITH_TIME_EXIT,3360.6207142857083,0.0,0.0,0.0,7958.3168,TIMEEXIT,50.0,0.03469996687816,0.0452162516382699,0.4463851390500939,0.7857142857142857,-0.0496029504581021,-1,0.2581994736030577,0.0
2021-05-18,NSE:UCOBANK-EQ,3,2021-05-10,11.4,23178,18872.33650714286,"T1,T2",T2_PARTIAL,1731.66948214286,2480.280771428567,0.0,14660.386253571432,0.0,STOPLOSS,75.00000000000009,0.0238862723628346,0.0228696741854636,0.5905243598457051,0.6785714285714286,-0.0717314155628516,-1,0.6861046861292813,1.0
2021-10-11,NSE:UJJIVANSFB-EQ,1,2021-09-21,20.0,19709,15061.898450000012,T1,T1_WITH_TIME_EXIT,4312.05525,0.0,0.0,0.0,10749.84320000001,TIMEEXIT,52.38095238095237,0.0320508402386573,0.0374999999999999,0.4740088362085639,0.746031746031746,-0.3027219713555643,-1,0.5239464739044148,1.0
2019-09-03,NSE:ULTRACEMCO-EQ,1,2019-08-22,3838.15,9,1578.131646428572,"T1,T2",T2_PARTIAL,428.3060035714284,578.7509714285721,0.0,571.0746714285713,0.0,STOPLOSS,25.795708644559767,0.0173785629868705,0.0382354966399362,1.202604398278278,0.873015873015873,0.033465170840833,1,-0.1123308868407864,0.0
2020-02-07,NSE:UNIONBANK-EQ,1,2020-02-03,47.65,1514,2228.6405285714313,"T1,T2",T2_PARTIAL,548.5390142857156,783.5906142857136,0.0,896.510900000002,0.0,STOPLOSS,14.285714285714292,0.0104162913843331,0.0263828511467546,0.978257719071232,0.0515873015873015,-0.1934418779918051,-1,-0.2003623344392682,0.0
2020-02-11,NSE:UNIONBANK-EQ,2,2020-02-07,48.95,1243,1940.6944642857118,"T1,T2",T2_PARTIAL,478.1340464285708,681.907242857142,0.0,780.653174999999,0.0,STOPLOSS,30.8219178082192,0.0108568536336261,0.0272143586750328,0.8135845089162043,0.0317460317460317,-0.192061121830446,-1,0.2336491589807234,0.0
2020-10-13,NSE:UNIONBANK-EQ,4,2020-10-08,24.45,4728,1128.9688714285733,T1,T1_ONLY,1209.8983714285732,0.0,0.0,-80.9295,0.0,STOPLOSS,19.191919191919183,0.0139341651122949,0.0359333917616126,1.0815261092072492,0.4126984126984127,-0.3266768685658134,-1,0.2888138692591535,0.0
2020-11-13,NSE:UNIONBANK-EQ,5,2020-11-03,23.85,4291,3269.0848499999956,"T1,T2",T2_PARTIAL,805.0184999999981,1148.6398500000007,0.0,1315.426499999997,0.0,STOPLOSS,47.12643678160919,0.0158972214579577,0.0272536687631027,1.266194998327533,0.4325396825396825,-0.3314010175967114,-1,0.3736477971405731,1.0
2023-12-13,NSE:UPL-EQ,1,2023-12-08,561.35,2322,23125.11370714276,"T1,T2",T2_PARTIAL,5668.067227857105,8210.859337142861,0.0,9246.187142142795,0.0,STOPLOSS,71.65960723912204,0.0081990859728144,0.0155021695148175,1.1656955478390767,0.6468253968253969,-0.0932785635736182,-1,0.8757041200058515,1.0
2023-07-28,NSE:VENUSPIPES-EQ,1,2023-07-07,1160.55,567,26984.233928571466,"T1,T2",T2_PARTIAL,2416.268892857146,3520.881900000005,0.0,21047.083135714314,0.0,STOPLOSS,87.88694481830366,0.0054525790104539,0.0132603383863562,1.0181750508634848,0.2857142857142857,0.2024069855456647,1,0.8397653504454469,1.0
2023-09-29,NSE:VESUVIUS-EQ,1,2023-09-22,309.26,2925,6605.458367142871,T1,T1_ONLY,7238.513587142871,0.0,0.0,-633.05522,0.0,STOPLOSS,29.619076184763045,0.0193328418791655,0.0276859046017682,0.6543649339116017,0.5674603174603174,0.2375865699434951,1,0.205185766224846,0.0
2023-11-30,NSE:VMART-EQ,2,2023-11-10,420.5,1482,29327.079473571415,"T1,T2",T2_PARTIAL,7246.154639285712,10259.108501428567,0.0,11821.816332857137,0.0,STOPLOSS,23.92128728092653,0.0197208586966147,0.0397638865296415,0.3134913593497764,0.242063492063492,-0.1791984266545386,-1,0.3033810239547952,0.0
2020-11-02,NSE:VOLTAMP-EQ,1,2020-10-27,990.0,107,569.9648571428561,T1,T1_ONLY,644.2148571428561,0.0,0.0,-74.25,0.0,STOPLOSS,51.89761694616063,0.0059272447702267,0.0213564213564213,0.3056122113296927,0.0039682539682539,-0.0356113695320875,-1,0.4677250915579423,1.0
2020-09-21,NSE:VSTIND-EQ,1,2020-09-04,302.08,513,9695.11301999999,"T1,T2",T2_PARTIAL,1304.2475599999957,1861.9588800000001,0.0,6528.9065799999935,0.0,STOPLOSS,36.62176920276663,0.0081168030683901,0.0290651483050847,0.374984342439391,0.4880952380952381,-0.0248847531134915,-1,-0.0922030379394641,1.0
2020-07-09,NSE:VTL-EQ,2,2020-06-30,130.25,695,3744.2019714285734,"T1,T2",T2_PARTIAL,921.3300571428576,1312.4221571428577,0.0,1510.449757142858,0.0,STOPLOSS,13.144908030506969,0.0164253644941456,0.0350425006854949,1.9502993166778757,0.9206349206349206,-0.2107592432567888,-1,0.1576964132359468,1.0
2022-11-16,NSE:WELENT-EQ,1,2022-11-14,136.8,4826,4252.913742857145,T1,T1_ONLY,4715.024142857144,0.0,0.0,-462.1104,0.0,STOPLOSS,73.6559139784947,0.0149711163112135,0.024827694235589,2.059759048871948,0.6904761904761905,0.1253477675700341,1,0.9120291454871025,0.0
2024-01-17,NSE:WHIRLPOOL-EQ,1,2024-01-09,1366.45,934,4297.156699999987,T1,T1_ONLY,5190.814999999987,0.0,0.0,-893.6583,0.0,STOPLOSS,53.950338600451474,0.0052282856683264,0.0145815800065864,0.676996933393695,0.5952380952380952,-0.0454590541539118,-1,0.7740301986542877,1.0
2024-01-19,NSE:WHIRLPOOL-EQ,2,2024-01-17,1378.8,927,4138.4232642857,T1,T1_ONLY,5033.264464285699,0.0,0.0,-894.8412,0.0,STOPLOSS,59.36661298980144,0.0057299217565477,0.0141453230552447,2.681243873901592,0.9126984126984128,-0.0506792738785451,-1,1.0917859577697224,1.0
2024-01-30,NSE:WHIRLPOOL-EQ,3,2024-01-23,1308.45,464,3042.4438392857123,T1,T1_ONLY,3467.6900892857125,0.0,0.0,-425.24625000000003,0.0,STOPLOSS,30.3609341825902,0.0101634236351332,0.020086470906143,0.8404572223441921,0.5436507936507936,-0.0573971214554583,-1,-0.3722104356174393,0.0
2024-02-13,NSE:ZEEL-EQ,1,2024-02-07,182.35,5874,29085.524978571448,T1,T1_ONLY,29835.348178571447,0.0,0.0,-749.8231999999999,0.0,STOPLOSS,27.272727272727263,0.0801199315977272,0.0939519761839476,0.6062230369012572,0.8690476190476191,-0.0605412121399475,-1,0.3612929500133107,0.0
2024-02-15,NSE:ZEEL-EQ,2,2024-02-13,188.65,3963,13060.682925000001,T1,T1_ONLY,13583.998025,0.0,0.0,-523.3151,0.0,STOPLOSS,69.91473812423877,0.0839211302848362,0.0616220514179697,0.3543488487497369,0.7380952380952381,-0.0768323768174818,-1,0.4667278697529261,0.0
2024-02-21,NSE:ZEEL-EQ,3,2024-02-15,187.9,5159,18681.610385714284,T1,T1_ONLY,19360.117285714285,0.0,0.0,-678.5069000000001,0.0,STOPLOSS,63.36580086580089,0.0853329111260703,0.0676271573025165,0.4470422695037849,0.7976190476190477,-0.0846307314516213,-1,0.5055885242259469,0.0
2024-08-28,NSE:ZEEL-EQ,5,2024-08-26,135.2,6915,51371.162142857116,"T1,T2",T2_PARTIAL,6882.539371428568,9833.19291428571,0.0,34655.42985714284,0.0,STOPLOSS,52.80528052805276,0.0212480791336468,0.0255705832628909,0.4648536126784592,0.1468253968253968,-0.211239306221378,-1,0.3195968198035971,1.0
2024-09-17,NSE:ZEEL-EQ,6,2024-09-09,133.03,1578,2540.523319285709,T1,T1_ONLY,2687.521469285709,0.0,0.0,-146.99815,0.0,STOPLOSS,47.43502824858756,0.0312074540887836,0.043754899539309,0.5590550756407185,0.3015873015873015,-0.2010367923736375,-1,0.2285299812968283,0.0
2019-05-31,NSE:ZYDUSLIFE-EQ,1,2019-05-24,252.8,90,303.23597142857153,T1,T1_ONLY,319.16237142857153,0.0,0.0,-15.926400000000001,0.0,STOPLOSS,16.07697082557418,0.0234711384186689,0.0478074141048824,1.0708492085786991,0.8849206349206349,-0.1550761079900737,-1,0.2616898705410865,0.0
2019-06-06,NSE:ZYDUSLIFE-EQ,2,2019-05-31,248.0,122,381.3534071428577,T1,T1_ONLY,402.4334071428577,0.0,0.0,-21.080000000000002,0.0,STOPLOSS,32.83950617283949,0.0247602118092255,0.0449020737327189,1.0410992250979971,0.9563492063492064,-0.1748299232085852,-1,0.2734392190543279,0.0
2022-06-13,NSE:ZYDUSWELL-EQ,1,2022-05-24,1512.25,182,12435.910921428584,T1,T1_WITH_TIME_EXIT,3245.708321428578,0.0,0.0,0.0,9190.202600000006,TIMEEXIT,31.294305968442718,0.0205378694995949,0.0400632926339654,0.9022786202961748,0.4523809523809524,-0.1168422047597207,-1,0.0449988297674799,0.0
