date,portfolio_value
2019-01-01,100000.0
2019-01-02,99905.5914
2019-01-03,99958.8914
2019-01-04,99730.0914
2019-01-07,100252.88399285713
2019-01-08,100627.36767142857
2019-01-09,100742.36767142857
2019-01-10,100147.86767142857
2019-01-11,103181.3318392857
2019-01-14,102740.03535357142
2019-01-15,103200.3428392857
2019-01-16,105073.15934642857
2019-01-17,105197.87101785716
2019-01-18,104791.18551071429
2019-01-21,104464.93551071429
2019-01-22,103593.72092142858
2019-01-23,102878.32092142859
2019-01-24,100936.21400285716
2019-01-25,102031.09059428572
2019-01-28,101685.07755857144
2019-01-29,100423.57755857144
2019-01-30,100243.8598
2019-01-31,101847.78777142859
2019-02-01,104017.16312428573
2019-02-04,103040.32322428573
2019-02-05,103110.32322428573
2019-02-06,103604.52322428573
2019-02-07,104885.14534928574
2019-02-08,104018.67357500002
2019-02-11,105410.94582500002
2019-02-12,106269.95582500003
2019-02-13,105821.93203357146
2019-02-14,107203.27979357145
2019-02-15,105954.62979357145
2019-02-18,106482.38593071431
2019-02-19,107068.72575071434
2019-02-20,109177.03035785716
2019-02-21,110870.23035785717
2019-02-22,110713.23035785717
2019-02-25,112674.2664364286
2019-02-26,111614.0164364286
2019-02-27,111392.2664364286
2019-02-28,111591.0164364286
2019-03-01,112200.0164364286
2019-03-05,113402.2664364286
2019-03-06,113513.7664364286
2019-03-07,113123.2664364286
2019-03-08,112787.0164364286
2019-03-11,113854.4760864286
2019-03-12,115982.0260864286
2019-03-13,114541.6760864286
2019-03-14,113598.33895785717
2019-03-15,111920.88895785717
2019-03-18,109703.73895785717
2019-03-19,110275.48895785717
2019-03-20,110420.18895785717
2019-03-22,113698.73895785717
2019-03-25,110156.10492321433
2019-03-26,109552.20492321432
2019-03-27,106860.06492321432
2019-03-28,109705.4951946429
2019-03-29,107726.29483464289
2019-04-01,108545.14923464289
2019-04-02,112369.3868689286
2019-04-03,116690.09245821429
2019-04-04,120414.19897607145
2019-04-05,121998.88207607146
2019-04-08,119908.76669035718
2019-04-09,115934.66669035717
2019-04-10,114142.5212296429
2019-04-11,116961.4712296429
2019-04-12,114063.3212296429
2019-04-15,115311.9212296429
2019-04-16,117778.2212296429
2019-04-18,115782.1712296429
2019-04-22,113493.15403321435
2019-04-23,112348.35403321435
2019-04-24,114523.55403321434
2019-04-25,112634.75403321433
2019-04-26,111433.15403321435
2019-04-30,107906.53499750007
2019-05-02,106777.68499750007
2019-05-03,106138.86159392865
2019-05-06,104678.46159392865
2019-05-07,102356.31159392867
2019-05-08,102235.81159392867
2019-05-09,102626.96159392866
2019-05-10,101931.96159392865
2019-05-13,102101.26159392866
2019-05-14,103916.01159392865
2019-05-15,101773.08723500009
2019-05-16,102478.93723500008
2019-05-17,101977.14503500008
2019-05-20,109632.50776357151
2019-05-21,108435.20497071436
2019-05-22,112077.58452071434
2019-05-23,111135.97458142864
2019-05-24,113076.67458142863
2019-05-27,119530.15931714293
2019-05-28,123134.29970285721
2019-05-29,120621.00762428578
2019-05-30,120070.8331528572
2019-05-31,117346.13315285722
2019-06-03,115708.68315285721
2019-06-04,114230.13315285722
2019-06-06,112418.47117071436
2019-06-07,111066.47117071436
2019-06-10,112928.07117071435
2019-06-11,117187.75888500008
2019-06-12,116469.35888500008
2019-06-13,115088.75888500008
2019-06-14,114324.95888500006
2019-06-17,113523.15888500007
2019-06-18,110722.35888500008
2019-06-19,111457.85248500008
2019-06-20,112540.55248500008
2019-06-21,111203.55248500008
2019-06-24,107550.54994214294
2019-06-25,111328.34994214294
2019-06-26,113911.44994214294
2019-06-27,116793.42601357152
2019-06-28,115108.17601357152
2019-07-01,117223.8760135715
2019-07-02,119189.67781357151
2019-07-03,121110.53931357151
2019-07-04,123554.73931357152
2019-07-05,123657.30301714296
2019-07-08,120766.30930285723
2019-07-09,120869.88310285725
2019-07-10,121256.99271714296
2019-07-11,125466.67628714295
2019-07-12,128482.07129285725
2019-07-15,125374.51821285725
2019-07-16,123643.91821285724
2019-07-17,121290.41894285726
2019-07-18,119088.36894285724
2019-07-19,117921.25894285725
2019-07-22,115137.33901035725
2019-07-23,115383.03901035726
2019-07-24,114226.10176035724
2019-07-25,114883.23308892867
2019-07-26,112658.12581750011
2019-07-29,109888.9258175001
2019-07-30,107878.1394675001
2019-07-31,107116.18946750011
2019-08-01,103176.9700675001
2019-08-02,98746.19567285723
2019-08-05,95614.24567285724
2019-08-06,97996.89567285724
2019-08-07,97595.90679607153
2019-08-08,95838.19214607152
2019-08-09,97388.8921460715
2019-08-13,95580.8921460715
2019-08-14,96858.79214607153
2019-08-16,95273.86742107151
2019-08-19,102210.38904250009
2019-08-20,99462.7890425001
2019-08-21,99246.36275678579
2019-08-22,97279.01275678581
2019-08-23,97123.11275678579
2019-08-26,96843.8127567858
2019-08-27,99738.01275678581
2019-08-28,98723.7127567858
2019-08-29,98060.4627567858
2019-08-30,98461.76275678581
2019-09-03,101032.47152821439
2019-09-04,101502.37152821438
2019-09-05,102221.04297821439
2019-09-06,105196.44958535724
2019-09-09,110722.53078535726
2019-09-11,112231.84692821439
2019-09-12,108864.6469282144
2019-09-13,109423.72174964298
2019-09-16,109732.87174964297
2019-09-17,105431.87174964297
2019-09-18,104585.99027464297
2019-09-19,107126.71697464297
2019-09-20,105098.02432464299
2019-09-23,106137.62103178583
2019-09-24,106282.05595178582
2019-09-25,106412.46595178584
2019-09-26,104674.54595178583
2019-09-27,104007.94595178583
2019-09-30,100711.02595178584
2019-10-01,100006.69344821441
2019-10-03,98116.25062250011
2019-10-04,96961.25062250011
2019-10-07,97079.55062250013
2019-10-09,96733.75062250011
2019-10-10,93799.79624750011
2019-10-11,93348.99624750012
2019-10-14,96357.8740582144
2019-10-15,94671.6944582144
2019-10-16,92371.0444582144
2019-10-17,93293.3944582144
2019-10-18,98303.64710821438
2019-10-22,96839.1073082144
2019-10-23,95520.2073082144
2019-10-24,95044.8073082144
2019-10-25,94187.6317025001
2019-10-27,95889.20170250011
2019-10-29,97391.77290964298
2019-10-30,102663.44521678583
2019-10-31,101589.52976964298
2019-11-01,105163.5192582144
2019-11-04,103695.71573035725
2019-11-05,101225.41573035726
2019-11-06,104422.71573035725
2019-11-07,103503.23098750011
2019-11-08,103577.89038750008
2019-11-11,102340.2903875001
2019-11-13,99092.3341000001
2019-11-14,97422.5972000001
2019-11-15,98540.56409285724
2019-11-18,97479.48116428581
2019-11-19,97734.58947142867
2019-11-20,96892.78947142867
2019-11-21,96376.58947142867
2019-11-22,98628.38947142867
2019-11-25,97279.18947142866
2019-11-26,98237.78947142868
2019-11-27,98981.85798928581
2019-11-28,99171.75798928582
2019-11-29,99514.5079892858
2019-12-02,99066.39323928581
2019-12-03,98983.04323928579
2019-12-04,98314.33716785724
2019-12-05,98228.22446785723
2019-12-06,95757.12083785725
2019-12-09,94624.91083785726
2019-12-10,95130.48083785723
2019-12-11,91651.56169678582
2019-12-12,90949.09169678582
2019-12-13,89067.2616967858
2019-12-16,91234.04801392867
2019-12-17,93035.03801392867
2019-12-18,95735.41801392868
2019-12-19,96566.19801392866
2019-12-20,96762.91572821439
2019-12-23,95268.4157282144
2019-12-24,93850.87232821439
2019-12-26,91734.7159582144
2019-12-27,91887.2159582144
2019-12-30,93486.7048475001
2019-12-31,95211.69221892869
2020-01-01,95238.02310321441
2020-01-02,97870.36420964295
2020-01-03,97870.2280725001
2020-01-06,95390.64452964296
2020-01-07,97206.96452964298
2020-01-08,95939.74452964297
2020-01-09,98305.16452964296
2020-01-10,99780.13212892866
2020-01-13,100773.73212892866
2020-01-14,100514.43212892867
2020-01-15,100307.43212892867
2020-01-16,101025.03212892868
2020-01-17,101124.53212892868
2020-01-20,101492.03212892867
2020-01-21,101205.13212892867
2020-01-22,100846.33212892867
2020-01-23,100026.20034892869
2020-01-24,100162.57034892868
2020-01-27,99077.15034892868
2020-01-28,102529.11034892869
2020-01-29,102085.9077782144
2020-01-30,104706.22777821438
2020-01-31,103854.1611682144
2020-02-01,102322.4219232144
2020-02-03,104857.70399857154
2020-02-04,106733.43199857154
2020-02-05,106138.08199857154
2020-02-06,106209.18199857154
2020-02-07,105832.15602000011
2020-02-10,108088.4060200001
2020-02-11,111075.11003785726
2020-02-12,110523.91003785725
2020-02-13,108923.04574357154
2020-02-14,107806.08574357152
2020-02-17,107413.46574357152
2020-02-18,105433.54574357154
2020-02-19,106423.23601928582
2020-02-20,109697.39636214296
2020-02-24,108738.21342714297
2020-02-25,110280.47342714295
2020-02-26,110325.63342714295
2020-02-27,108514.71234857154
2020-02-28,104730.5979957144
2020-03-02,103483.2579957144
2020-03-03,103039.70656000012
2020-03-04,100492.20809750012
2020-03-05,99591.2280975001
2020-03-06,97073.25827535725
2020-03-09,96980.36707535727
2020-03-11,98745.81707535725
2020-03-12,99472.76707535726
2020-03-13,101445.91707535725
2020-03-16,98814.56912535723
2020-03-17,100189.96912535725
2020-03-18,98954.06912535726
2020-03-19,98419.21522535724
2020-03-20,98419.21522535724
2020-03-23,98380.87767535725
2020-03-24,93129.15508607155
2020-03-25,91327.15508607155
2020-03-26,91223.44194142868
2020-03-27,91223.44194142868
2020-03-30,91223.44194142868
2020-03-31,91136.40454142868
2020-04-01,92880.7045414287
2020-04-03,94938.90959285725
2020-04-07,96517.37281857154
2020-04-08,98018.08281857154
2020-04-09,99551.61817928584
2020-04-13,100955.22817928583
2020-04-15,102047.74817928583
2020-04-16,103792.60817928583
2020-04-17,105245.17106500012
2020-04-20,93754.5163650001
2020-04-21,92405.32829000012
2020-04-22,106249.95064000014
2020-04-23,108153.23019714297
2020-04-24,109116.24020571439
2020-04-27,111316.18249142868
2020-04-28,111036.93249142868
2020-04-29,111030.88249142867
2020-04-30,110429.93249142868
2020-05-04,108976.20534857153
2020-05-05,106885.10534857152
2020-05-06,103885.90534857151
2020-05-07,106302.10534857152
2020-05-08,106077.40534857151
2020-05-11,102992.53735571439
2020-05-12,102749.6373557144
2020-05-13,106471.04231857153
2020-05-14,103946.32456857154
2020-05-15,103361.26266857152
2020-05-18,101312.51266857152
2020-05-19,103214.01266857152
2020-05-20,105242.06266857153
2020-05-21,109607.36929714296
2020-05-22,109994.21479714295
2020-05-26,109634.31479714296
2020-05-27,108486.66866857151
2020-05-28,107925.76866857153
2020-05-29,108469.77598285723
2020-06-01,110456.56648285722
2020-06-02,111586.63804000008
2020-06-03,115223.98746142867
2020-06-04,120970.51053642867
2020-06-05,123976.06876500009
2020-06-08,125808.6687650001
2020-06-09,126887.06876500009
2020-06-10,130479.46876500009
2020-06-11,131597.5687650001
2020-06-12,133080.0593007144
2020-06-15,134097.55930071435
2020-06-16,137035.15930071438
2020-06-17,139696.55930071435
2020-06-18,117457.85930071438
2020-06-19,116316.15930071437
2020-06-22,116786.55930071436
2020-06-23,117382.95930071436
2020-06-24,117647.55930071436
2020-06-25,151976.65930071438
2020-06-26,149411.95930071437
2020-06-29,146015.95930071437
2020-06-30,142704.65930071438
2020-07-01,139936.42445785718
2020-07-02,144784.8875221429
2020-07-03,146606.92219357146
2020-07-06,154410.8777685715
2020-07-07,155892.3777685715
2020-07-08,152844.8777685715
2020-07-09,152587.8919328572
2020-07-10,150376.8919328572
2020-07-13,152519.3919328572
2020-07-14,148732.56826857151
2020-07-15,147478.06826857151
2020-07-16,148281.87879535722
2020-07-17,151356.99989535718
2020-07-20,155110.0707653572
2020-07-21,157327.74736535718
2020-07-22,155454.54857678575
2020-07-23,155296.41857678574
2020-07-24,151476.53252678577
2020-07-27,147174.81203035722
2020-07-28,146147.0220303572
2020-07-29,147700.6120303572
2020-07-30,145668.84203035722
2020-07-31,144796.31203035722
2020-08-03,146493.75203035722
2020-08-04,151453.6320303572
2020-08-05,153899.8618160715
2020-08-06,153544.4307760715
2020-08-07,156118.6507760715
2020-08-10,157981.01523535722
2020-08-11,165630.16271750006
2020-08-12,166751.91184750007
2020-08-13,169791.90184750006
2020-08-14,165645.47184750007
2020-08-17,161396.0888475001
2020-08-18,162169.29884750006
2020-08-19,164339.7188475001
2020-08-20,162949.29884750006
2020-08-21,164374.7147617858
2020-08-24,165605.0213903572
2020-08-25,164268.62364178582
2020-08-26,166870.4236417858
2020-08-27,167925.1436417858
2020-08-28,173936.84897464293
2020-08-31,168532.07224321435
2020-09-01,165736.44544321435
2020-09-02,166554.68544321437
2020-09-03,165489.54544321436
2020-09-04,164175.12544321438
2020-09-07,162860.70544321433
2020-09-08,161116.27514678577
2020-09-09,155200.30747964297
2020-09-10,156836.35747964296
2020-09-11,157259.50747964293
2020-09-14,157686.51000107153
2020-09-15,158338.8100010715
2020-09-16,158182.91000107152
2020-09-17,158187.16000107152
2020-09-18,162646.45871535724
2020-09-21,158003.96680642862
2020-09-22,148173.55095642863
2020-09-23,153646.68669928575
2020-09-24,153940.03876714292
2020-09-25,154893.8387671429
2020-09-28,149077.35734642862
2020-09-29,146672.6995464286
2020-09-30,144917.9730264286
2020-10-01,148153.82807642862
2020-10-05,146699.31081071432
2020-10-06,147540.83066785717
2020-10-07,145715.94066785715
2020-10-08,145474.94066785715
2020-10-09,146538.01066785716
2020-10-12,140989.74889321433
2020-10-13,139753.14889321433
2020-10-14,139014.34889321434
2020-10-15,137640.34889321434
2020-10-16,140056.51883607148
2020-10-19,140827.91883607145
2020-10-20,139582.51883607148
2020-10-21,139437.86883607146
2020-10-22,140815.66883607145
2020-10-23,143551.88028607145
2020-10-26,142693.39653607146
2020-10-27,140807.19653607145
2020-10-28,139660.84653607148
2020-10-29,138084.49653607147
2020-10-30,139924.64653607146
2020-11-02,140199.24653607147
2020-11-03,140528.0465360715
2020-11-04,140787.29653607146
2020-11-05,142803.52484250005
2020-11-06,144516.44484250003
2020-11-09,146191.35714250003
2020-11-10,148538.98044678575
2020-11-11,147691.29367607145
2020-11-12,149593.71979035714
2020-11-13,149417.51979035715
2020-11-14,150945.36979035716
2020-11-17,154284.72987607145
2020-11-18,158299.33525464288
2020-11-19,155377.30264035717
2020-11-20,158125.8677867857
2020-11-23,158778.2177867857
2020-11-24,158713.9177867857
2020-11-25,161497.01993678568
2020-11-26,161695.97960464287
2020-11-27,164534.21749035714
2020-12-01,166169.06749035715
2020-12-02,166902.56749035715
2020-12-03,171915.79407607144
2020-12-04,172649.59407607143
2020-12-07,173750.44407607144
2020-12-08,180574.09407607146
2020-12-09,180500.59407607146
2020-12-10,176855.84131892858
2020-12-11,179316.58317607144
2020-12-14,180900.13317607145
2020-12-15,180659.94465607143
2020-12-16,183242.64795607145
2020-12-17,182578.98387035716
2020-12-18,179075.58387035714
2020-12-21,172615.78316249998
2020-12-22,165492.54707749997
2020-12-23,168160.09707749996
2020-12-24,170590.50616321428
2020-12-28,171147.19460607143
2020-12-29,171037.19460607143
2020-12-30,172074.0446060714
2020-12-31,170196.3946060714
2021-01-01,171632.14460607144
2021-01-04,176084.98460607143
2021-01-05,175849.1346060714
2021-01-06,175211.36998821428
2021-01-07,175202.5199882143
2021-01-08,174826.0199882143
2021-01-11,174520.3199882143
2021-01-12,181282.02293535712
2021-01-13,181629.48293535714
2021-01-14,181509.30293535715
2021-01-15,180222.01363535714
2021-01-18,180115.2265960714
2021-01-19,180718.7765960714
2021-01-20,181322.5265960714
2021-01-21,179145.3765960714
2021-01-22,180438.5765960714
2021-01-25,179479.22997464283
2021-01-27,179972.26107464285
2021-01-28,178119.41107464282
2021-01-29,178245.16107464285
2021-02-01,178482.96107464284
2021-02-02,178847.91107464285
2021-02-03,179506.76607464283
2021-02-04,179813.38957464288
2021-02-05,180054.54717464285
2021-02-08,179975.1727346429
2021-02-09,180910.75264535716
2021-02-10,180470.13930357143
2021-02-11,181263.68738357144
2021-02-12,180616.84395357143
2021-02-15,178485.97705357143
2021-02-16,180025.0770535714
2021-02-17,181431.16672928573
2021-02-18,183105.15077357145
2021-02-19,184228.39897357146
2021-02-22,180949.12852357145
2021-02-23,182133.12852357145
2021-02-24,191336.86067785718
2021-02-25,196282.96004928573
2021-02-26,197980.31004928573
2021-03-01,204129.874335
2021-03-02,201791.42352785717
2021-03-03,201682.22352785716
2021-03-04,202232.14300500002
2021-03-05,203427.82013357145
2021-03-08,203123.48258357143
2021-03-09,211212.29754428574
2021-03-10,209833.38894428575
2021-03-12,208770.81894428574
2021-03-15,207396.54894428572
2021-03-16,206914.86894428576
2021-03-17,204715.0127767857
2021-03-18,203039.3558339285
2021-03-19,202992.33583392855
2021-03-22,206707.44247678568
2021-03-23,211540.11590321426
2021-03-24,208824.06077749998
2021-03-25,204072.11122749996
2021-03-26,203343.47871249996
2021-03-30,208489.63549107139
2021-03-31,214809.86011678568
2021-04-01,216853.41583107138
2021-04-05,213764.66813892854
2021-04-06,209642.96813892853
2021-04-07,210818.92813892855
2021-04-08,209735.95813892852
2021-04-09,209462.61813892855
2021-04-12,206614.31598178568
2021-04-13,206964.3259817857
2021-04-15,211619.80688
2021-04-16,208657.41687999998
2021-04-19,203122.32711714282
2021-04-20,203559.8903671428
2021-04-22,207165.5139171428
2021-04-23,216883.4733921428
2021-04-26,220225.0233921428
2021-04-27,218303.04937714283
2021-04-28,217030.15937714285
2021-04-29,211826.02010928566
2021-04-30,218220.86904499994
2021-05-03,217206.9951449999
2021-05-04,218848.9054414285
2021-05-05,218897.90544142848
2021-05-06,222029.24378428562
2021-05-07,224928.74378428562
2021-05-10,234913.34378428565
2021-05-11,252754.0437842856
2021-05-12,251716.44378428563
2021-05-14,244940.84378428565
2021-05-17,244004.44297714278
2021-05-18,243357.3929771428
2021-05-19,244455.3929771428
2021-05-20,244464.3341271428
2021-05-21,244761.5841271428
2021-05-24,248186.28169857134
2021-05-25,247598.13169857132
2021-05-26,246235.31796999992
2021-05-27,245398.72403071422
2021-05-28,244693.5240307142
2021-05-31,244986.02403071424
2021-06-01,242926.52403071424
2021-06-02,241808.62403071424
2021-06-03,247352.98206285707
2021-06-04,248241.23206285707
2021-06-07,252883.7499414285
2021-06-08,252721.5022271428
2021-06-09,253314.73164857138
2021-06-10,256274.4507914285
2021-06-11,254643.35079142847
2021-06-14,253609.2680771428
2021-06-15,258542.37560571422
2021-06-16,256090.42810571424
2021-06-17,251625.66903428565
2021-06-18,245131.2295771428
2021-06-21,246633.4795771428
2021-06-22,248764.26217714278
2021-06-23,246651.06372714278
2021-06-24,244747.11372714277
2021-06-25,245552.61372714277
2021-06-28,246276.7637271428
2021-06-29,242976.57231999998
2021-06-30,246871.74429142853
2021-07-01,242825.69429142855
2021-07-02,242111.36669142853
2021-07-05,247971.8327092857
2021-07-06,241133.64183071424
2021-07-07,250865.0746878571
2021-07-08,254350.90205928567
2021-07-09,260289.4520592857
2021-07-12,262293.3020592857
2021-07-13,269124.15205928567
2021-07-14,270497.6020592857
2021-07-15,274726.83974499995
2021-07-16,272976.48974499997
2021-07-19,271380.9071807142
2021-07-20,266453.7208164285
2021-07-22,262769.6041592856
2021-07-23,264080.8041592856
2021-07-26,263702.5041592856
2021-07-27,263043.3541592856
2021-07-28,257490.33804857134
2021-07-29,252447.50211642848
2021-07-30,258445.23617357135
2021-08-02,258747.33617357136
2021-08-03,259490.7414949999
2021-08-04,258774.31026642848
2021-08-05,258214.8733949999
2021-08-06,256191.42339499993
2021-08-09,255372.87339499994
2021-08-10,249702.6275357142
2021-08-11,243739.8975357142
2021-08-12,249606.31753571422
2021-08-13,246105.7175357142
2021-08-16,242426.03753571422
2021-08-17,238594.34753571422
2021-08-18,236388.14560714277
2021-08-20,226472.94478892852
2021-08-23,225071.8947889285
2021-08-24,227622.9447889285
2021-08-25,227520.19478892852
2021-08-26,226855.34478892852
2021-08-27,226966.6447889285
2021-08-30,229189.54478892853
2021-08-31,226943.7947889285
2021-09-01,227240.54478892853
2021-09-02,226672.69478892852
2021-09-03,228878.49478892854
2021-09-06,229670.18678892855
2021-09-07,230000.98678892854
2021-09-08,229581.73678892854
2021-09-09,229889.5244289285
2021-09-13,228379.56442892854
2021-09-14,241072.28722892853
2021-09-15,240793.28722892853
2021-09-16,239628.88335321425
2021-09-17,240279.24335321423
2021-09-20,240633.38335321425
2021-09-21,237802.44277321428
2021-09-22,237601.04277321429
2021-09-23,236118.74277321427
2021-09-24,234636.44277321428
2021-09-27,235039.24277321427
2021-09-28,232232.74277321427
2021-09-29,240335.04277321426
2021-09-30,241520.90977321425
2021-10-01,242620.50977321426
2021-10-04,251562.56854321426
2021-10-05,257399.34259321424
2021-10-06,253252.84259321424
2021-10-07,255652.69864321424
2021-10-08,259843.99864321426
2021-10-11,261003.22111821425
2021-10-12,270361.13010392856
2021-10-13,272047.46238964284
2021-10-14,272523.2222339285
2021-10-18,283036.6928067857
2021-10-19,283397.08716821426
2021-10-20,285001.5471682142
2021-10-21,291463.9271682142
2021-10-22,295199.1071682143
2021-10-25,301599.83193964284
2021-10-26,306582.01193964283
2021-10-27,310012.51193964283
2021-10-28,313595.3088896428
2021-10-29,308989.97888964287
2021-11-01,307977.9870682143
2021-11-02,309722.4455425
2021-11-03,310324.2455425
2021-11-04,312783.6955425
2021-11-08,317446.39554249996
2021-11-09,317944.32839964284
2021-11-10,316218.4396389285
2021-11-11,310589.7896389286
2021-11-12,313215.23963892856
2021-11-15,307849.83963892853
2021-11-16,305897.2896389286
2021-11-17,304734.48963892856
2021-11-18,299202.31998892856
2021-11-22,292077.1517310714
2021-11-23,297656.7551614286
2021-11-24,293654.35516142857
2021-11-25,297705.35516142857
2021-11-26,290008.4551614286
2021-11-29,297443.5958528571
2021-11-30,297663.96756285714
2021-12-01,297954.29756285716
2021-12-02,303220.5975628571
2021-12-03,306110.27756285714
2021-12-06,301846.35492285714
2021-12-07,301918.55227285717
2021-12-08,304280.35227285716
2021-12-09,319118.09265999997
2021-12-10,325846.8114328572
2021-12-13,323709.6287828571
2021-12-14,321140.61370285717
2021-12-15,315463.82370285713
2021-12-16,314181.3837028571
2021-12-17,310291.89370285714
2021-12-20,307557.7949096429
2021-12-21,310695.2806667858
2021-12-22,311922.73066678573
2021-12-23,313797.93066678575
2021-12-24,313625.4581667857
2021-12-27,313749.8229239286
2021-12-28,314706.1229239286
2021-12-29,314842.3229239286
2021-12-30,311491.16401535715
2021-12-31,318946.9040153572
2022-01-03,323966.45411250007
2022-01-04,327357.3542439287
2022-01-05,322274.00033535715
2022-01-06,320577.26033535716
2022-01-07,320968.8003353572
2022-01-10,321958.4416925001
2022-01-11,319169.24169250013
2022-01-12,319119.9016925001
2022-01-13,319435.6416925001
2022-01-14,321226.1416925001
2022-01-17,321932.5416925001
2022-01-18,319550.3416925001
2022-01-19,319234.6016925001
2022-01-20,319528.1416925001
2022-01-21,315623.06169250014
2022-01-24,312227.50281464297
2022-01-25,321297.974354643
2022-01-27,326212.04295464297
2022-01-28,326298.4208653572
2022-01-31,322148.37604535726
2022-02-01,317422.0760453573
2022-02-02,324916.17604535725
2022-02-03,325457.1587882144
2022-02-04,324610.36188821436
2022-02-07,321855.2618882143
2022-02-08,324119.6618882144
2022-02-09,326318.16188821435
2022-02-10,325329.67824535724
2022-02-11,325867.5782453572
2022-02-14,322789.13249535725
2022-02-15,320026.7824953572
2022-02-16,334289.6473203572
2022-02-17,335298.18899892864
2022-02-18,335078.9212632144
2022-02-21,332683.4203275001
2022-02-22,328383.7182114286
2022-02-23,323331.66821142856
2022-02-24,304777.74071857147
2022-02-25,317093.7199828572
2022-02-28,315880.6889650001
2022-03-02,319031.4889650001
2022-03-03,317625.08896500006
2022-03-04,316617.6889650001
2022-03-07,312117.7695950001
2022-03-08,315964.8295950001
2022-03-09,321404.32844785723
2022-03-10,326420.5537407143
2022-03-11,325428.93374071433
2022-03-14,323039.02814642864
2022-03-15,320128.98769642867
2022-03-16,321211.3876964287
2022-03-17,320796.48769642867
2022-03-21,325351.6419464287
2022-03-22,324369.34194642864
2022-03-23,322919.74194642866
2022-03-24,320036.7928664286
2022-03-25,319029.99286642857
2022-03-28,314357.3928664286
2022-03-29,310118.7799789286
2022-03-30,312367.29997892864
2022-03-31,308857.4999789286
2022-04-01,321297.28138607147
2022-04-04,324849.61099964293
2022-04-05,328913.4086639286
2022-04-06,334925.50404250005
2022-04-07,334161.96401392866
2022-04-08,333578.0797996429
2022-04-11,333578.0797996429
2022-04-12,333248.9617996429
2022-04-13,356046.48349107144
2022-04-18,377734.70929107146
2022-04-19,373886.3133982143
2022-04-20,372301.0431582143
2022-04-21,371982.9649582143
2022-04-22,365217.16495821427
2022-04-25,360026.7444403571
2022-04-26,356542.39444035717
2022-04-27,357591.5944403571
2022-04-28,354456.29444035713
2022-04-29,353552.04444035713
2022-05-02,351027.3070089286
2022-05-04,359402.56947321433
2022-05-05,360507.4094732143
2022-05-06,336360.31947321433
2022-05-09,329789.2780071429
2022-05-10,339424.55800714286
2022-05-11,316199.9625407143
2022-05-12,309657.0225407143
2022-05-13,313866.2025407143
2022-05-16,318621.8625407143
2022-05-17,325761.85099214286
2022-05-18,325822.6809921428
2022-05-19,318392.5309921428
2022-05-20,322777.3709921428
2022-05-23,326345.35099214286
2022-05-24,323586.8109921429
2022-05-25,305618.1602921428
2022-05-26,309657.9408921429
2022-05-27,312125.188035
2022-05-30,323689.7884207142
2022-05-31,322356.0384207143
2022-06-01,327061.83842071425
2022-06-02,329544.1284207143
2022-06-03,323247.57842071424
2022-06-06,320814.03842071426
2022-06-07,321060.40842071426
2022-06-08,317778.4821135715
2022-06-09,319744.68211357144
2022-06-10,317754.4821135714
2022-06-13,314293.73937642854
2022-06-14,313963.3493764285
2022-06-15,312438.14937642857
2022-06-16,303195.07124392857
2022-06-17,302164.3212439285
2022-06-20,296500.78592428565
2022-06-21,313164.30421714287
2022-06-22,310346.45569928567
2022-06-23,312393.48377428565
2022-06-24,314417.48377428565
2022-06-27,315487.0837742856
2022-06-28,318116.8482028571
2022-06-29,332346.8366671428
2022-06-30,327802.9646492857
2022-07-01,329083.2676421429
2022-07-04,343905.0676421429
2022-07-05,354967.8735171429
2022-07-06,347023.05680285714
2022-07-07,353470.6646707143
2022-07-08,363507.6243921429
2022-07-11,366756.6201350001
2022-07-12,369561.14525285724
2022-07-13,366031.14525285724
2022-07-14,363038.94075285725
2022-07-15,363038.94075285725
2022-07-18,362712.22995285725
2022-07-19,365007.88640285726
2022-07-20,365691.9364028573
2022-07-21,368830.7864028573
2022-07-22,398207.68290285725
2022-07-25,386889.6084457144
2022-07-26,382827.04319571436
2022-07-27,383811.59319571435
2022-07-28,384381.35716000013
2022-07-29,388966.7571600001
2022-08-01,394035.0372242858
2022-08-02,395975.50945714297
2022-08-03,406651.4089142858
2022-08-04,409140.21891428577
2022-08-05,413762.5071392858
2022-08-08,416338.9141692858
2022-08-10,413286.9262907144
2022-08-11,418447.2062907143
2022-08-12,421380.9762907144
2022-08-13,407641.0762907144
2022-08-16,416542.5014057144
2022-08-17,424829.23933428584
2022-08-18,428555.05586285726
2022-08-19,428989.17309142865
2022-08-22,426957.67265928583
2022-08-23,426086.57265928574
2022-08-24,429504.57265928586
2022-08-25,428385.35935928585
2022-08-26,427605.6593592858
2022-08-29,423757.7593592858
2022-08-30,429124.33782714297
2022-09-01,428337.9199664287
2022-09-02,439375.87442714296
2022-09-05,441166.87460571434
2022-09-06,445249.7246057143
2022-09-07,453711.41894857155
2022-09-08,461992.16894857155
2022-09-09,470174.16894857155
2022-09-12,467240.91894857155
2022-09-13,464320.331027143
2022-09-14,463910.131027143
2022-09-15,465450.05970214296
2022-09-16,448058.98433964304
2022-09-19,443506.4699592859
2022-09-20,447717.019959286
2022-09-21,444774.938852143
2022-09-22,443261.2222235717
2022-09-23,436916.15797607164
2022-09-26,413215.9034907145
2022-09-27,416302.6934907145
2022-09-28,401405.7934907145
2022-09-29,399806.105187143
2022-09-30,403167.01518714306
2022-10-03,413097.1440971431
2022-10-04,419751.2740971431
2022-10-06,424077.1349150002
2022-10-07,421408.7349150002
2022-10-10,416802.97491500014
2022-10-11,409255.0489950002
2022-10-12,404720.38899500016
2022-10-13,402304.4189950002
2022-10-14,398960.9289950002
2022-10-17,397426.1717250002
2022-10-18,400855.5717250002
2022-10-19,398942.0217250002
2022-10-20,380807.3999125002
2022-10-21,390349.0492125002
2022-10-24,392740.2992125002
2022-10-25,403223.60271250026
2022-10-27,412291.0027125002
2022-10-28,421046.10271250026
2022-10-31,419880.4201125003
2022-11-01,415315.0255525003
2022-11-02,418359.50462107174
2022-11-03,430051.9697139289
2022-11-04,427760.1197139289
2022-11-07,432916.0593925003
2022-11-09,424776.60136392893
2022-11-10,416475.2964085717
2022-11-11,417096.84640857176
2022-11-14,409031.2337085717
2022-11-15,409253.98370857164
2022-11-16,407749.1837085717
2022-11-17,405797.7181407145
2022-11-18,406769.56814071455
2022-11-21,409750.6639121432
2022-11-22,407104.66176214314
2022-11-23,407204.9617621432
2022-11-24,418238.5100514288
2022-11-25,416659.1814014288
2022-11-28,421743.96665142884
2022-11-29,426829.96608714317
2022-11-30,433074.1668728574
2022-12-01,443213.71165142884
2022-12-02,441842.1433800002
2022-12-05,452022.83975500014
2022-12-06,450550.17010500014
2022-12-07,441428.77599071444
2022-12-08,429837.8259907145
2022-12-09,431725.5759907145
2022-12-12,425314.22599071445
2022-12-13,422176.63367071445
2022-12-14,423250.3036707145
2022-12-15,419799.7336707144
2022-12-16,415567.353042143
2022-12-19,418897.75694500015
2022-12-20,411484.3692782144
2022-12-21,404390.2513553573
2022-12-22,397714.4651553574
2022-12-23,382008.73824357166
2022-12-26,403182.65723642876
2022-12-27,407855.22723642876
2022-12-28,410497.0272364288
2022-12-29,405797.2767964288
2022-12-30,403757.7222250002
2023-01-02,411623.81222500023
2023-01-03,413424.69222500024
2023-01-04,406087.5122250002
2023-01-05,408597.37222500023
2023-01-06,407309.4922250002
2023-01-09,415148.4729092859
2023-01-10,421681.32607500016
2023-01-11,417210.98574285733
2023-01-12,412104.6657428574
2023-01-13,415149.23574285733
2023-01-16,416893.42574285745
2023-01-17,414764.9957428574
2023-01-18,414264.37574285746
2023-01-19,418162.75704285735
2023-01-20,421227.0570428574
2023-01-23,447669.362074286
2023-01-24,440337.95207428595
2023-01-25,441032.6416442859
2023-01-27,432920.3416442858
2023-01-30,436105.49164428597
2023-01-31,452995.94910142873
2023-02-01,443525.8060442859
2023-02-02,442658.40604428586
2023-02-03,446177.83242642874
2023-02-06,441498.2719264288
2023-02-07,433764.0742800002
2023-02-08,439363.1242800002
2023-02-09,436870.4742800002
2023-02-10,449059.0719514288
2023-02-13,443461.1546407145
2023-02-14,440911.8990978573
2023-02-15,445339.9862692859
2023-02-16,441251.1862692859
2023-02-17,432544.0595407144
2023-02-20,413812.2095407144
2023-02-21,395712.3095407144
2023-02-22,386666.5369692858
2023-02-23,402876.6369692858
2023-02-24,416909.4567321429
2023-02-27,425205.5444464286
2023-02-28,441191.6844464286
2023-03-01,450143.130575
2023-03-02,460693.4469450001
2023-03-03,484460.24163785717
2023-03-06,497189.8916378572
2023-03-08,507683.2451164287
2023-03-09,518216.54511642864
2023-03-10,501317.8451164287
2023-03-13,505585.30465928564
2023-03-14,489599.28149500006
2023-03-15,475052.68311642855
2023-03-16,479753.534995
2023-03-17,490492.53663785715
2023-03-20,478481.825395
2023-03-21,497282.525395
2023-03-22,516983.21759142855
2023-03-23,530492.9958342857
2023-03-24,528724.3958342858
2023-03-27,511169.2051342857
2023-03-28,510037.75513428566
2023-03-29,518116.8051342856
2023-03-31,527401.428487857
2023-04-03,560183.9594628571
2023-04-05,574397.4591842856
2023-04-06,578356.2091842856
2023-04-10,572923.1591842857
2023-04-11,576144.7591842856
2023-04-12,573660.3091842856
2023-04-13,575407.6091842856
2023-04-17,567069.3070164286
2023-04-18,559925.5973021428
2023-04-19,556421.9973021427
2023-04-20,564057.9973021427
2023-04-21,555585.3973021428
2023-04-24,558654.4373021428
2023-04-25,573506.7720807141
2023-04-26,577481.6320807142
2023-04-27,578835.4720807142
2023-04-28,581579.0730221428
2023-05-02,580130.3730221428
2023-05-03,586121.5830221428
2023-05-04,599093.6063307142
2023-05-05,593891.5596807143
2023-05-08,596223.3488707143
2023-05-09,591135.0788707143
2023-05-10,599962.0088707142
2023-05-11,602563.9514049999
2023-05-12,600307.406855
2023-05-15,603060.4232449998
2023-05-16,600803.173245
2023-05-17,595366.026965
2023-05-18,590130.4569649999
2023-05-19,587393.9169649999
2023-05-22,588748.8463721428
2023-05-23,590597.2580921428
2023-05-24,604840.5485064286
2023-05-25,605861.3014007143
2023-05-26,611730.6514007144
2023-05-29,607174.9214007144
2023-05-30,595383.7367007143
2023-05-31,592956.8867007144
2023-06-01,612001.9098721428
2023-06-02,650352.4309207143
2023-06-05,660448.7375678571
2023-06-06,655589.4675678572
2023-06-07,661853.2475678571
2023-06-08,640400.9660521429
2023-06-09,638177.4070821428
2023-06-12,644356.588825
2023-06-13,652431.0554521427
2023-06-14,645365.6885421427
2023-06-15,642369.1685421427
2023-06-16,644143.6685421427
2023-06-19,646277.1285421428
2023-06-20,652222.2623849999
2023-06-21,653416.3223849998
2023-06-22,650902.9023849999
2023-06-23,645142.1795849998
2023-06-26,635131.8295849998
2023-06-27,632819.7295849998
2023-06-28,630292.1695849999
2023-06-30,646889.8740249998
2023-07-03,653947.5240249999
2023-07-04,652481.7578749999
2023-07-05,678982.6406499998
2023-07-06,682530.2482214284
2023-07-07,689791.7918385712
2023-07-10,684230.2318385714
2023-07-11,676908.6118385713
2023-07-12,687204.9918385711
2023-07-13,683403.4918385711
2023-07-14,687036.5661871429
2023-07-17,703340.234372857
2023-07-18,699430.020022857
2023-07-19,699885.320022857
2023-07-20,709532.5503921425
2023-07-21,737142.9030278568
2023-07-24,744496.395570714
2023-07-25,744098.707895714
2023-07-26,767563.8078957141
2023-07-27,792149.4489064283
2023-07-28,787035.8654349997
2023-07-31,750320.4226849996
2023-08-01,765243.6226849997
2023-08-02,747965.3581457138
2023-08-03,761625.9226457139
2023-08-04,776714.5620028568
2023-08-07,797506.590113571
2023-08-08,793023.4423849996
2023-08-09,793082.5889707139
2023-08-10,774011.7889707139
2023-08-11,770180.9098707138
2023-08-14,752330.9098707138
2023-08-16,749615.4053207139
2023-08-17,747621.2053207138
2023-08-18,769156.1376778567
2023-08-21,777585.2706921424
2023-08-22,783123.3206921425
2023-08-23,790104.0206921424
2023-08-24,780294.5989778567
2023-08-25,779064.2325278567
2023-08-28,779878.6325278567
2023-08-29,774892.0938278567
2023-08-30,774302.3120278567
2023-08-31,789467.2276742853
2023-09-01,813465.9275028568
2023-09-04,870419.6799921425
2023-09-05,876058.516530714
2023-09-06,890253.1682257141
2023-09-07,869148.7428257142
2023-09-08,895030.1793099998
2023-09-11,928414.4793099997
2023-09-12,890411.7569671427
2023-09-13,888403.7537885713
2023-09-14,886310.1237885712
2023-09-15,886342.5037885713
2023-09-18,891480.5190364284
2023-09-20,891690.7590364284
2023-09-21,883544.3698664284
2023-09-22,881957.6098664284
2023-09-25,884812.2398664285
2023-09-26,887347.9798664285
2023-09-27,912130.2973164284
2023-09-28,905858.8973164285
2023-09-29,907053.6591021428
2023-10-03,907053.6591021428
2023-10-04,890407.6391021428
2023-10-05,892668.6391021428
2023-10-06,912570.5791021427
2023-10-09,879075.0995371428
2023-10-10,902297.5845657141
2023-10-11,909345.3603657141
2023-10-12,902082.5903657142
2023-10-13,932821.8584614284
2023-10-16,959524.7784614284
2023-10-17,970042.7761614283
2023-10-18,946998.5084614285
2023-10-19,983879.1517471427
2023-10-20,961556.7219371428
2023-10-23,915890.3691728569
2023-10-25,891925.1691728568
2023-10-26,920079.7474514283
2023-10-27,937106.6182514284
2023-10-30,922659.1910514283
2023-10-31,934791.8910514283
2023-11-01,985147.2016299997
2023-11-02,982753.6396710712
2023-11-03,1002695.589671071
2023-11-06,1024667.1511639282
2023-11-07,1058099.9091996425
2023-11-08,1068077.6756567853
2023-11-09,1090373.2625903566
2023-11-10,1119888.7825903567
2023-11-12,1142330.3825903567
2023-11-13,1162750.8625903567
2023-11-15,1197155.8625903567
2023-11-16,1217071.062590357
2023-11-17,1241459.7825903567
2023-11-20,1194333.4625903568
2023-11-21,1190683.7605617854
2023-11-22,1179136.547823214
2023-11-23,1188104.1362374998
2023-11-24,1188104.1362374998
2023-11-28,1181785.6362374998
2023-11-29,1193254.0862375
2023-11-30,1193714.4862374999
2023-12-01,1192418.8242374999
2023-12-04,1199974.1687989284
2023-12-05,1212517.2587989285
2023-12-06,1219062.6662275
2023-12-07,1223872.4762275
2023-12-08,1217492.5462274998
2023-12-11,1227227.8108917854
2023-12-12,1270777.6410789283
2023-12-13,1282423.5733425
2023-12-14,1283915.0733425
2023-12-15,1280922.888006786
2023-12-18,1294735.8095746427
2023-12-19,1286590.131824643
2023-12-20,1241105.849264643
2023-12-21,1295378.529225357
2023-12-22,1293108.9699110715
2023-12-26,1280081.6699110714
2023-12-27,1285940.8299110713
2023-12-28,1264850.1025610713
2023-12-29,1412704.3539396427
2024-01-01,1453330.153939643
2024-01-02,1417106.603939643
2024-01-03,1428901.579793929
2024-01-04,1492582.6305060715
2024-01-05,1536761.8264489288
2024-01-08,1571001.726448929
2024-01-09,1573638.752051786
2024-01-10,1608390.5420517859
2024-01-11,1570889.732051786
2024-01-12,1602458.6001375003
2024-01-15,1605451.2801375003
2024-01-16,1601758.9861875002
2024-01-17,1570089.8461875003
2024-01-18,1557913.5612382144
2024-01-19,1571111.5612382144
2024-01-20,1562165.461238214
2024-01-23,1460761.408488214
2024-01-24,1429190.443365
2024-01-25,1436027.6433649997
2024-01-29,1478574.193365
2024-01-30,1488597.4512578568
2024-01-31,1497584.0553542855
2024-02-01,1490768.5053542852
2024-02-02,1496881.3553542853
2024-02-05,1579291.722532857
2024-02-06,1616198.1732614283
2024-02-07,1595023.3232614286
2024-02-08,1584744.984425714
2024-02-09,1645627.5079328567
2024-02-12,1559274.975612857
2024-02-13,1509231.0783199996
2024-02-14,1584871.3598449996
2024-02-15,1643511.5498449998
2024-02-16,1676383.2581349995
2024-02-19,1671537.3056078567
2024-02-20,1676814.755607857
2024-02-21,1645705.9607142853
2024-02-22,1603036.8407142852
2024-02-23,1612561.1207142852
2024-02-26,1654315.8407142852
2024-02-27,1651267.8407142852
2024-02-28,1703973.8941542848
2024-02-29,1709258.114154285
2024-03-01,1761291.5941542848
2024-03-02,1797726.5358542851
2024-03-04,1825557.975854285
2024-03-05,1780298.5358542851
2024-03-06,1761107.1323285706
2024-03-07,1808671.8323285703
2024-03-11,1764336.794399999
2024-03-12,1769089.032149999
2024-03-13,1676847.9987885705
2024-03-14,1747782.6633242848
2024-03-15,1750317.8516046419
2024-03-18,1767369.1516046417
2024-03-19,1735984.0139260704
2024-03-20,1739085.2139260701
2024-03-21,1740455.122847499
2024-03-22,1820483.351604642
2024-03-26,1813562.351604642
2024-03-27,1811869.051604642
2024-03-28,1810101.851604642
2024-04-01,1905862.7779474992
2024-04-02,1923383.7779474992
2024-04-03,1956766.427947499
2024-04-04,1972917.9779474994
2024-04-05,1971648.4779474994
2024-04-08,1952733.530704642
2024-04-09,1939746.730704642
2024-04-10,1907916.5085046422
2024-04-12,1901056.7085046421
2024-04-15,1844603.4585046421
2024-04-16,1836974.7818974992
2024-04-18,1872804.6428974993
2024-04-19,1841416.9483974993
2024-04-22,1881468.4983974993
2024-04-23,1858839.5983974992
2024-04-24,1872950.448397499
2024-04-25,1858710.748397499
2024-04-26,1863034.1983974993
2024-04-29,1908807.398397499
2024-04-30,1902112.9850760708
2024-05-02,1854586.5836260705
2024-05-03,1895119.8433832133
2024-05-06,1917687.738354642
2024-05-07,1929003.4383546421
2024-05-08,1956956.6383546419
2024-05-09,1976704.8321332135
2024-05-10,1896545.8321332135
2024-05-13,1989685.9321332136
2024-05-14,2011051.9706939277
2024-05-15,2031512.022793928
2024-05-16,2021914.9555939278
2024-05-17,2031138.5555939279
2024-05-18,2029600.2555939276
2024-05-21,2012771.1555939275
2024-05-22,2037994.8555939277
2024-05-23,2021371.4555939278
2024-05-24,2023738.755593928
2024-05-27,1995895.9555939278
2024-05-28,1969923.0555939279
2024-05-29,1944435.3694117847
2024-05-30,1992503.7489510707
2024-05-31,1985320.7681289278
2024-06-03,1999224.510164642
2024-06-04,1913802.8685021421
2024-06-05,1950477.268502142
2024-06-06,2034263.0157521423
2024-06-07,2128209.1198807135
2024-06-10,2153725.8798807138
2024-06-11,2143821.953423571
2024-06-12,2135358.123027142
2024-06-13,2166640.423027142
2024-06-14,2173566.313027142
2024-06-18,2131890.033027142
2024-06-19,2091870.9090899993
2024-06-20,2089120.3290899992
2024-06-21,2112000.439089999
2024-06-24,2200161.719089999
2024-06-25,2190825.4137064274
2024-06-26,2171970.7837064276
2024-06-27,2143973.563056428
2024-06-28,2130034.023056428
2024-07-01,2127372.613056428
2024-07-02,2096974.7389671416
2024-07-03,2098588.4427957134
2024-07-04,2110501.3360314276
2024-07-05,2102451.780911427
2024-07-08,2089236.8402014268
2024-07-09,2108640.63085857
2024-07-10,2110859.20085857
2024-07-11,2136065.3633985696
2024-07-12,2113943.1725699985
2024-07-15,2191336.3371728556
2024-07-16,2175096.711200713
2024-07-18,2164336.716000713
2024-07-19,2164499.206000713
2024-07-22,2152660.526000713
2024-07-23,2126044.7931235703
2024-07-24,2175766.7754164273
2024-07-25,2197034.2221664274
2024-07-26,2190226.2353264275
2024-07-29,2247354.051060713
2024-07-30,2210206.28638357
2024-07-31,2206134.88638357
2024-08-01,2212411.5263835704
2024-08-02,2189681.63638357
2024-08-05,2171107.522864285
2024-08-06,2177282.4656985705
2024-08-07,2215713.9056985704
2024-08-08,2194578.10569857
2024-08-09,2176330.9720899984
2024-08-12,2182261.115449999
2024-08-13,2140483.0254499987
2024-08-14,2072787.3554499988
2024-08-16,2109826.555449999
2024-08-19,2147565.915449999
2024-08-20,2175735.5254499987
2024-08-21,2225289.7780199987
2024-08-22,2221943.0780199985
2024-08-23,2212683.578019999
2024-08-26,2212014.978019999
2024-08-27,2218178.178019999
2024-08-28,2259754.678019999
2024-08-29,2255561.926069999
2024-08-30,2280765.212944999
2024-09-02,2273925.8352649994
2024-09-03,2307859.685264999
2024-09-04,2315619.498679285
2024-09-05,2330389.998679285
2024-09-06,2320217.7986792848
2024-09-09,2275746.0335792843
2024-09-10,2328038.3735792846
2024-09-11,2272531.653579285
2024-09-12,2332283.4812935703
2024-09-13,2323984.0780935707
2024-09-16,2294850.018093571
2024-09-17,2272697.762879285
2024-09-18,2234191.052879285
2024-09-19,2125876.230850356
2024-09-20,2215064.2109253565
2024-09-23,2217603.5520646423
2024-09-24,2293848.1143646417
2024-09-25,2301952.381664642
2024-09-26,2334893.2168646418
2024-09-27,2322533.5768646416
2024-09-30,2361707.982634642
2024-10-01,2324044.4226346426
2024-10-03,2282524.1826346423
2024-10-04,2266435.9626346417
2024-10-07,2196922.5635296423
2024-10-08,2293927.113508214
2024-10-09,2328901.550039642
2024-10-10,2278411.271868214
2024-10-11,2332799.317753928
2024-10-14,2386913.808393928
2024-10-15,2391467.538393928
2024-10-16,2444372.028393928
2024-10-17,2453364.708393928
2024-10-18,2438305.188393928
2024-10-21,2381145.9552482143
2024-10-22,2268248.205248214
2024-10-23,2372700.4552482143
2024-10-24,2393031.955248214
2024-10-25,2342325.646900714
2024-10-28,2385571.266900714
2024-10-29,2487010.9027064284
2024-10-30,2532418.902706428
2024-10-31,2486313.0021635713
2024-11-01,2527027.7121635713
2024-11-04,2426283.2121635713
2024-11-05,2502723.5721635707
2024-11-06,2494077.692163571
2024-11-07,2442731.522163572
2024-11-08,2386018.682163571
2024-11-11,2441850.209153571
2024-11-12,2407174.6991535714
2024-11-13,2340637.0028407145
2024-11-14,2378259.1728407145
2024-11-18,2359538.7882899996
2024-11-19,2231561.430459643
2024-11-21,2239785.5704596434
2024-11-22,2292465.5304596433
2024-11-25,2321211.8162953574
2024-11-26,2264366.1243953574
2024-11-27,2299545.754395357
2024-11-28,2269775.2143953573
2024-11-29,2257758.764395357
2024-12-02,2355558.024395357
2024-12-03,2368298.1516203573
2024-12-04,2365836.3316203575
2024-12-05,2384792.5916203572
2024-12-06,2375216.561620357
2024-12-09,2513648.815770357
2024-12-10,2516778.775770357
2024-12-11,2486077.405770357
2024-12-12,2467730.1229525004
2024-12-13,2433392.5229525
2024-12-16,2451682.1629525004
2024-12-17,2450914.2629525
2024-12-18,2429843.8729525004
2024-12-19,2459006.1229525004
2024-12-20,2423050.9846225004
2024-12-23,2340903.0946225002
2024-12-24,2436742.5346225
2024-12-26,2399180.5846225
2024-12-27,2408217.0646225
2024-12-30,2396776.3246225
2024-12-31,2441777.1646225
2025-01-01,2480288.7506725
2025-01-02,2491469.4789725
2025-01-03,2432959.1810925
2025-01-06,2339751.7465425
2025-01-07,2322304.3917617863
2025-01-08,2338687.0717617865
2025-01-09,2304820.481761786
2025-01-10,2239989.211761786
2025-01-13,2193533.608907858
2025-01-14,2255517.4376278576
2025-01-15,2298734.6476278575
2025-01-16,2330434.203697858
2025-01-17,2330756.924347858
2025-01-20,2323966.304347858
2025-01-21,2258369.414347858
2025-01-22,2237140.724347858
2025-01-23,2219617.5843478576
2025-01-24,2178282.244347858
2025-01-27,2101217.2131425007
2025-01-28,2020545.1154032147
2025-01-29,2071631.0475175004
2025-01-30,2042047.3475175002
2025-01-31,2069101.7475175005
2025-02-01,2125094.4475175003
2025-02-03,2079963.563226072
2025-02-04,2111917.483811786
2025-02-05,2146156.6678117863
2025-02-06,2131916.140726072
2025-02-07,2155911.5626475
2025-02-10,2071152.7126475004
2025-02-11,1984406.686287501
2025-02-12,1954026.426287501
2025-02-13,1919902.0362875008
2025-02-14,1870994.6452946437
2025-02-17,1817687.380126072
2025-02-18,1861733.8774075005
2025-02-19,1846856.9974075006
2025-02-20,1825781.4174075008
2025-02-21,1787349.4774075006
2025-02-24,1774952.0774075007
2025-02-25,1753876.4974075006
2025-02-27,1692842.8387475004
2025-02-28,1709346.0987475007
2025-03-03,1610472.6499214289
2025-03-04,1610472.6499214289
2025-03-05,1610472.6499214289
2025-03-06,1609024.2559214288
2025-03-07,1603251.0559214288
2025-03-10,1642988.2000142857
2025-03-11,1654495.202757143
2025-03-12,1654495.202757143
2025-03-13,1654495.202757143
2025-03-17,1654495.202757143
2025-03-18,1654495.202757143
2025-03-19,1654495.202757143
2025-03-20,1654495.202757143
2025-03-21,1654495.202757143
2025-03-24,1654495.202757143
2025-03-25,1654495.202757143
2025-03-26,1653006.5973171429
2025-03-27,1669791.8296114285
2025-03-28,1657901.8444914287
2025-04-01,1657901.8444914287
2025-04-02,1657901.8444914287
2025-04-03,1657901.8444914287
2025-04-04,1657901.8444914287
2025-04-07,1657901.8444914287
2025-04-08,1657901.8444914287
2025-04-09,1657901.8444914287
2025-04-11,1657901.8444914287
2025-04-15,1657901.8444914287
2025-04-16,1656413.1854914287
2025-04-17,1628699.1854914287
2025-04-21,1650900.1854914287
2025-04-22,1737406.5776735714
2025-04-23,1751618.5776735714
2025-04-24,1786015.8887235713
2025-04-25,1790315.8912235713
2025-04-28,1804184.8912235713
2025-04-29,1797433.8912235713
2025-04-30,1770486.3912235713
2025-05-02,1766132.8912235713
2025-05-05,1905223.2012092858
2025-05-06,1863443.401209286
2025-05-07,1841979.0624521428
2025-05-08,1800639.5624521426
2025-05-09,1798739.7624521425
2025-05-12,1846198.280187857
2025-05-13,1838786.5712592856
2025-05-14,1840174.2712592855
2025-05-15,1853849.5212592855
2025-05-16,1894544.8212592856
2025-05-19,1862185.4712592855
2025-05-20,1828096.4712592855
2025-05-21,1843900.9712592855
2025-05-22,1862674.0712592856
2025-05-23,1853688.5275092856
2025-05-26,1863795.0500092856
2025-05-27,1909167.5486199998
2025-05-28,1922187.240362857
2025-05-29,1926763.4403628567
2025-05-30,1897185.9758271426
2025-06-02,1905669.2758271426
2025-06-03,1914148.3638671427
2025-06-04,1906825.8838671427
2025-06-05,1907143.4038671427
2025-06-06,1916726.4851171428
2025-06-09,1967836.5037657141
2025-06-10,1965148.683765714
2025-06-11,1956728.683765714
2025-06-12,1935503.740765714
2025-06-13,1928920.873035714
2025-06-16,1940904.6330357143
2025-06-17,1951309.2837357142
2025-06-18,1961287.6437357143
2025-06-19,1922292.0269871426
2025-06-20,1937618.3369871427
2025-06-23,1917296.1369871427
2025-06-24,1975114.702901428
2025-06-25,2013303.4864371426
2025-06-26,1998324.8764371427
2025-06-27,1984234.9429057138
2025-06-30,2009967.472905714
2025-07-01,2001919.312905714
2025-07-02,1981156.1055814284
2025-07-03,1984420.4155814282
2025-07-04,1986935.695581428
2025-07-07,1947545.5655814281
2025-07-08,1952833.5311514284
2025-07-09,2021650.891558571
2025-07-10,2029448.4115585713
2025-07-11,2007241.421558571
2025-07-14,2016622.0715585714
2025-07-15,2018788.991558571
2025-07-16,2005799.481558571
2025-07-17,2026404.8515585712
2025-07-18,1990177.0138271428
2025-07-21,1976989.8238271426
2025-07-22,1963977.572963214
2025-07-23,1988346.0329346429
2025-07-24,1957411.396145357
2025-07-25,1942505.651740357
2025-07-28,1906167.2728314288
2025-07-29,1892079.3628314286
2025-07-30,1876008.3714567856
2025-07-31,1858215.9707553573
2025-08-01,1836877.3107553574
2025-08-04,1853747.3807553572
2025-08-05,1837382.642379286
2025-08-06,1815106.170039286
2025-08-07,1796085.680039286
2025-08-08,1782136.6000392858
2025-08-11,1769359.5592907146
2025-08-12,1745263.6066907148
2025-08-13,1744763.2218907145
2025-08-14,1739611.1418907149
2025-08-18,1737919.5318907145
2025-08-19,1740064.5318907145
2025-08-20,1772934.5490950006
2025-08-21,1774882.0689521434
2025-08-22,1769355.9024521434
2025-08-25,1769355.9024521434
2025-08-26,1769355.9024521434
2025-08-28,1767607.0984521434
2025-08-29,1762742.4984521433
2025-09-01,1723545.7713092866
2025-09-02,1734338.4213092865
2025-09-03,1743069.2713092866
2025-09-04,1708997.7713092866
2025-09-05,1691570.6213092867
2025-09-08,1680142.9213092865
2025-09-09,1689542.9213092865
2025-09-10,1695273.5713092866
2025-09-11,1677987.9713092865
2025-09-12,1689266.1460664296
2025-09-15,1686302.7460664294
2025-09-16,1686958.0960664295
2025-09-17,1698089.1159664295
2025-09-18,1724357.6561092865
2025-09-19,1738341.3699092865
