date,symbol,trade_id,entry_date,entry_price,shares,total_trade_pnl,RSI_14,VOL_20,NORM_ATR,volume_ratio,volume_percentile,ema_50_200_diff,ema_flag
2021-02-10,NSE:ALLCARGO-EQ,1,2021-02-08,33.44,5452,-5195.084235714283,51.57480314960627,0.0081215040086901,0.0183484278879015,1.6108418987436848,0.753968253968254,0.1092909801040446,1
2021-02-12,NSE:ALLCARGO-EQ,2,2021-02-10,33.13,3699,949.1657300000012,44.24242424242429,0.0089675310614418,0.0214307274373679,1.3660268041893484,0.7142857142857143,0.1086052496476085,1
2025-02-07,NSE:ALLCARGO-EQ,4,2025-01-27,41.48,31033,-81205.89091357138,27.547434996486288,0.0252682804898946,0.0414313266290122,1.1345313347773536,0.5277777777777778,-0.2475917847148818,-1
2021-04-19,NSE:ALOKINDS-EQ,1,2021-04-12,20.75,5006,1490.1129857142819,59.77011494252875,0.0215675873868209,0.0368330464716006,1.4043249773080893,0.7777777777777778,-0.0662350992509148,-1
2022-10-17,NSE:ALOKINDS-EQ,3,2022-10-13,17.0,13785,-12038.243571428578,11.475409836065596,0.0133627685624601,0.0336134453781512,1.6675347532369655,0.365079365079365,-0.146900226000153,-1
2022-12-15,NSE:ALOKINDS-EQ,4,2022-12-13,16.35,12102,2345.244299999995,73.33333333333334,0.0190175882203302,0.0310179117518566,1.1834490066320156,0.4325396825396825,-0.1991744332539263,-1
2023-02-02,NSE:ALOKINDS-EQ,6,2023-01-27,13.1,4096,856.8472142857133,17.14285714285714,0.0189157527577101,0.0406215921483097,1.3473361096577885,0.5079365079365079,-0.2364208873965589,-1
2023-02-17,NSE:ALOKINDS-EQ,7,2023-02-02,12.95,5507,-5346.85447321429,22.89156626506025,0.0207786182857068,0.049365692222835,0.7805951821710622,0.2539682539682539,-0.2490905398622334,-1
2023-10-23,NSE:ALOKINDS-EQ,8,2023-10-20,19.4,16185,-20582.753517857167,53.23741007194244,0.0267729776932492,0.0430780559646539,1.162821573433893,0.8174603174603174,0.0873471198257678,1
2020-02-25,NSE:APARINDS-EQ,1,2020-02-20,390.95,233,-3586.337248214284,57.28715728715729,0.0095667706760583,0.0256061242760309,1.101370800732991,0.8849206349206349,-0.2141429391478171,-1
2020-02-28,NSE:APARINDS-EQ,2,2020-02-25,378.7,232,-3854.9161428571438,41.25950054288815,0.0097267657951894,0.0286129239126334,1.0337148333991093,0.8611111111111112,-0.221084171895551,-1
2021-06-17,NSE:ARE&M-EQ,1,2021-06-14,769.3,135,539.58635,75.8321273516642,0.0170581448551358,0.0154361107500325,0.8175272115634568,0.9761904761904762,-0.0321551780876074,-1
2021-07-19,NSE:ARE&M-EQ,3,2021-07-13,737.95,195,-2663.1463392857295,36.22857142857148,0.0074458216771614,0.0116829440631866,0.4299960342616635,0.0198412698412698,-0.0495631956034434,-1
2021-07-29,NSE:ARE&M-EQ,4,2021-07-27,718.3,41,-608.7275857142844,24.2544731610338,0.005636253219819,0.0131262305841172,0.9122249252442448,0.2698412698412698,-0.058946376842555,-1
2019-12-09,NSE:ARVIND-EQ,1,2019-12-03,40.25,1734,-5118.111557142864,11.985018726591775,0.0209326017356325,0.0482697426796805,1.4372373135305772,0.3452380952380952,-0.9316990926372029,-1
2020-10-12,NSE:ARVINDFASN-EQ,1,2020-10-06,134.75,854,-7711.122849999997,45.19774011299434,0.0271241382299427,0.0440498277232971,3.3730241982233657,0.9563492063492064,-0.633478714679628,-1
2020-10-26,NSE:ARVINDFASN-EQ,2,2020-10-12,127.65,608,1525.2093750000015,51.92604006163329,0.0252043072472219,0.0491578535056795,0.6210165411419999,0.7142857142857143,-0.6485295131377022,-1
2020-11-14,NSE:ARVINDFASN-EQ,3,2020-11-12,126.85,626,915.4519285714321,42.27129337539425,0.013161484665566,0.0302944985641083,2.036888639939108,0.8849206349206349,-0.5530673736931755,-1
2023-03-21,NSE:ATGL-EQ,1,2023-03-15,919.85,313,-24200.093005357157,57.89330182677451,0.0492355926532476,0.0554244092592736,3.1727955985811254,0.996031746031746,-0.9021603960366577,-1
2023-02-27,NSE:ATUL-EQ,1,2023-02-17,7290.75,3,-851.4525535714263,63.271356783919614,0.0173088624875763,0.0253109370484125,0.8152215948642587,0.623015873015873,-0.0942691269564493,-1
2025-07-25,NSE:BAJAJHFL-EQ,1,2025-07-18,121.89,3726,-9973.877895000018,50.17825311942963,0.0078821293682633,0.0139880219870374,0.8672184704677842,0.0714285714285714,-0.052510405440474,-1
2022-09-22,NSE:BAJAJHIND-EQ,1,2022-09-16,11.15,2055,435.09217857142806,69.35483870967744,0.0294840212053196,0.0477258167841127,0.7825946271403202,0.6309523809523809,-0.162319446678134,-1
2022-09-26,NSE:BAJAJHIND-EQ,2,2022-09-22,11.15,2968,-2431.5923000000016,57.57575757575757,0.0320375827535681,0.0483664317745035,1.1582073805789053,0.7698412698412699,-0.1574587962054614,-1
2022-10-28,NSE:BAJAJHIND-EQ,4,2022-10-12,10.95,4737,-3423.6075375000014,44.44444444444444,0.0254733297481141,0.0433789954337899,0.6330641075003138,0.2301587301587301,-0.157699295620515,-1
2020-05-19,NSE:BANCOINDIA-EQ,1,2020-05-14,32.55,1214,-2466.8202514285726,40.19607843137252,0.0276667406881287,0.040991880623217,0.2381771782599875,0.3888888888888889,-0.3658690343027781,-1
2019-08-01,NSE:BASF-EQ,1,2019-07-30,1064.05,58,-3271.5982321428573,25.65184049079751,0.0180620182089933,0.0347090295166043,0.5611311339062933,0.1706349206349206,-0.1753716501724622,-1
2019-08-05,NSE:BASF-EQ,2,2019-08-01,1031.15,33,503.6332999999987,24.62897526501763,0.0195145047679728,0.0382825001212238,0.681539854107875,0.2619047619047619,-0.1887284602679926,-1
2019-07-30,NSE:BBTC-EQ,1,2019-07-10,905.3,58,-3217.692617857141,33.84494293585203,0.0224522955251141,0.0402273910779378,0.2954371675304138,0.0793650793650793,-0.1805810423928314,-1
2019-08-21,NSE:BBTC-EQ,2,2019-08-01,801.95,54,-2584.1619000000014,13.53726000650829,0.0168999780372291,0.039154560758152,1.3096941424346993,0.4484126984126984,-0.2509067113167723,-1
2021-03-12,NSE:BECTORFOOD-EQ,1,2021-02-19,403.5,472,-11120.639442857137,62.39782016348774,0.0268604541843273,0.0382988139493715,1.062634155753322,0.525,-0.2166840925967842,-1
2020-09-04,NSE:BORORENEW-EQ,1,2020-08-31,77.45,375,584.0356250000008,47.2885032537961,0.0302729943731401,0.0502167296873559,1.0920369259464489,0.7461538461538462,-0.389703607322239,-1
2020-09-22,NSE:BORORENEW-EQ,2,2020-09-18,74.5,670,-3162.2995000000037,43.02600472813239,0.0227642320917863,0.0416107382550335,0.8600702297796586,0.3888888888888889,-0.3778374779605923,-1
2022-06-30,NSE:CANBK-EQ,2,2022-06-16,36.21,447,260.5219692857137,35.973597359735976,0.0290105811685494,0.0410502229060638,1.0292783988893588,0.4166666666666667,0.0247777220970663,1
2019-07-24,NSE:CEATLTD-EQ,1,2019-07-22,855.9,37,292.18512857142844,20.57956777996074,0.014331410003239,0.0246732762505633,0.3477330724440031,0.0079365079365079,-0.1845648933032914,-1
2019-09-18,NSE:CEMPRO-EQ,1,2019-09-12,70.5,986,-4845.071946428578,53.90835579514825,0.0250356179842914,0.0458459979736575,4.975646731459739,0.98015873015873,-0.3500736877965086,-1
2022-03-07,NSE:CENTRALBK-EQ,2,2022-02-24,17.65,1014,270.1967499999999,13.888888888888872,0.0227287953289958,0.0386483205180088,1.2202195138111618,0.4365079365079365,0.0048825059476145,1
2023-06-15,NSE:CENTRALBK-EQ,4,2023-06-05,27.55,9878,-8941.988942857155,54.09836065573769,0.013219246816388,0.0212600466683951,0.6290710546770588,0.3293650793650793,0.0522512364487572,1
2025-08-05,NSE:CENTRALBK-EQ,6,2025-07-28,36.73,4609,-5142.030849999992,17.307692307692207,0.0088902086658132,0.0196025047644976,0.740990157583025,0.5753968253968254,-0.1603407640690607,-1
2023-06-23,NSE:CESC-EQ,2,2023-06-15,71.65,2401,796.8968000000054,70.70707070707087,0.0076569388200458,0.0141561160402751,0.8494521680268865,0.6111111111111112,-0.0391159360830064,-1
2023-06-28,NSE:CESC-EQ,3,2023-06-23,71.9,1673,605.837685714288,61.61616161616176,0.0074236195608553,0.0151003377707132,0.7601618673980071,0.5,-0.0319188301563128,-1
2024-11-14,NSE:CHENNPETRO-EQ,2,2024-10-31,639.7,1569,-110541.92534464283,13.706199460916435,0.0330172952946559,0.0728298979432323,0.9918941826036028,0.7103174603174603,0.0121505147439954,1
2019-01-24,NSE:CIPLA-EQ,1,2019-01-18,509.4,59,-692.8250946428583,36.0881542699724,0.0065504809171612,0.0147161927197262,0.9636509694622782,0.3055555555555556,-0.0847376745169084,-1
2019-01-28,NSE:CIPLA-EQ,2,2019-01-24,500.7,46,120.65708571428529,32.61494252873568,0.0069343968967504,0.0153642043995549,1.0411734205894447,0.3888888888888889,-0.08847841862167,-1
2022-06-10,NSE:DBREALTY-EQ,1,2022-06-03,80.4,318,494.3384571428573,71.62673392181591,0.0442164278692393,0.0485963041933191,1.8322287862921989,0.3968253968253968,0.1548228609766359,1
2024-05-31,NSE:DCAL-EQ,2,2024-05-30,187.6,2599,-31046.284883928565,38.08016877637129,0.0224077462435559,0.0418253122144379,0.8034917756756671,0.2738095238095238,0.103424009160085,1
2021-10-28,NSE:DCBBANK-EQ,2,2021-10-22,94.3,1075,876.5649107142851,66.1710037174721,0.0137393942323033,0.0235191637630662,0.8010515198904833,0.4246031746031746,-0.061542668734474,-1
2025-07-28,NSE:DEEPAKNTR-EQ,1,2025-07-25,1902.6,280,-11055.195000000029,17.53355704697978,0.0077171421445844,0.0131812106741151,0.6696697488835739,0.0476190476190476,-0.1023638117249708,-1
2022-06-24,NSE:DHANI-EQ,1,2022-06-21,33.2,6492,-21791.429764285702,4.953560371517057,0.0214071970954564,0.0668029259896729,2.2029132563853,0.8333333333333334,-1.7478592125645098,-1
2022-11-01,NSE:DHANI-EQ,3,2022-10-28,57.4,2071,1829.3236571428552,72.34042553191487,0.0297186066261461,0.0392608262817322,1.170052019694909,0.2658730158730158,-0.4195768412855941,-1
2022-12-13,NSE:DHANI-EQ,4,2022-12-06,46.15,639,-1941.1530589285712,39.2156862745098,0.0268233429413859,0.0432595573440643,1.0886643085524284,0.3928571428571428,-0.4116704087623208,-1
2023-01-27,NSE:DHANI-EQ,5,2023-01-24,36.55,1788,-3825.9655928571456,32.1637426900585,0.0221508802440883,0.0384014070744577,0.3997124807774814,0.0753968253968253,-0.5033440204669615,-1
2022-08-22,NSE:DISHTV-EQ,1,2022-08-17,11.35,7602,1434.365528571426,56.60377358490567,0.0212145222147531,0.0421648835745752,0.853467712386632,0.5079365079365079,-0.1789632581570382,-1
2024-05-07,NSE:DISHTV-EQ,5,2024-04-24,17.95,41752,-43874.865528571434,47.36842105263159,0.0265447057007104,0.038400318344608,0.7419479317339731,0.4722222222222222,0.0053080798018645,1
2024-05-09,NSE:DISHTV-EQ,6,2024-05-07,16.65,64746,-59291.149499999905,30.35714285714282,0.0153922410289212,0.036036036036036,1.5068458397276192,0.6111111111111112,-0.0106378068237829,-1
2025-09-04,NSE:DISHTV-EQ,8,2025-08-21,5.21,196898,-51395.370770714275,39.08045977011492,0.0164764140310177,0.0327666575267342,0.8124381122741298,0.1468253968253968,-0.416122086475486,-1
2024-03-12,NSE:EASEMYTRIP-EQ,1,2024-02-29,24.18,16038,-27922.68496285716,37.61301989150088,0.0248133661060326,0.0473827248020796,0.6283342636045438,0.7976190476190477,0.050641478816016,1
2022-06-16,NSE:ELECTCAST-EQ,1,2022-06-14,32.7,6476,-9985.367528571433,43.51851851851856,0.0216162325118423,0.0307994757536041,1.3498724576409562,0.4682539682539682,0.0048931337830499,1
2025-01-06,NSE:ELECTCAST-EQ,2,2024-12-23,138.57,1849,4873.529035714278,21.701149425287355,0.0293536086994831,0.0477891524654893,1.2257319386042458,0.5674603174603174,-0.0414455412786428,-1
2025-01-13,NSE:ELECTCAST-EQ,3,2025-01-06,132.02,10736,-100461.34930857144,25.27935905545016,0.0261038289034222,0.0466325448525115,1.5387467589513406,0.5357142857142857,-0.0806605168169357,-1
2025-01-27,NSE:ELECTCAST-EQ,5,2025-01-21,125.61,1527,-15843.159449999986,32.87485470747774,0.0307932172051556,0.0544542631956054,1.2523933470906314,0.3055555555555556,-0.134546146067723,-1
2024-08-12,NSE:EQUITASBNK-EQ,1,2024-08-02,81.59,8512,-29193.326719999994,17.92573623559538,0.0146069826891634,0.0273843083010873,1.5243832274189928,0.9206349206349206,-0.0258649792501314,-1
2022-01-28,NSE:ESCORTS-EQ,1,2022-01-17,1865.45,54,-1924.8797571428559,43.9880188275567,0.005445845366196,0.0120844070561297,0.5015566061450697,0.0119047619047619,0.1517907641050274,1
2022-02-04,NSE:ESCORTS-EQ,2,2022-02-01,1847.85,72,504.0406714285716,46.8680586406041,0.0049102825748357,0.0121337925542812,0.7576550923991829,0.0595238095238095,0.1463399769458016,1
2022-02-14,NSE:ESCORTS-EQ,3,2022-02-04,1835.5,11,69.94135714285702,36.608557844690935,0.0057722427540823,0.0132894890454138,1.1959940495697696,0.242063492063492,0.1444708960010877,1
2019-01-21,NSE:FINCABLES-EQ,1,2019-01-17,447.95,160,-1614.6988571428542,24.396135265700494,0.005039498054905,0.0143670371374355,0.5596890288062194,0.242063492063492,-0.16022836443119,-1
2019-01-23,NSE:FINCABLES-EQ,2,2019-01-21,439.05,151,-1530.6093428571426,18.71227364185104,0.0060844400670192,0.0147396163795207,0.8511074413406092,0.2976190476190476,-0.1632276591391341,-1
2019-01-28,NSE:FINCABLES-EQ,3,2019-01-23,424.7,106,257.615964285715,13.517441860465055,0.0075529277982834,0.0165074506374247,1.035239561762155,0.5674603174603174,-0.1699467040683666,-1
2019-02-04,NSE:FINCABLES-EQ,4,2019-01-28,422.9,120,-1622.8885714285698,10.942249240121484,0.0069270156918792,0.0206735803803668,0.6879185491489339,0.3015873015873015,-0.1730700519673005,-1
2019-02-12,NSE:FINCABLES-EQ,5,2019-02-05,397.55,124,-2202.747735714284,2.6387625113739688,0.0092697116949965,0.0291517688700433,0.6533712320442139,0.3492063492063492,-0.1908004411991655,-1
2019-07-10,NSE:GABRIEL-EQ,1,2019-07-02,109.8,275,-2348.1871875,33.13953488372093,0.0219333597034961,0.0512295081967213,0.6933814197619607,0.119047619047619,-0.1032240358808393,-1
2019-07-22,NSE:GABRIEL-EQ,2,2019-07-15,104.5,464,-3231.9870285714305,43.41085271317828,0.0215924361028979,0.0438140806561859,1.4711288358316668,0.6309523809523809,-0.1448553360671693,-1
2023-06-22,NSE:GAIL-EQ,1,2023-06-19,108.0,1639,-3913.703710714288,62.89308176100632,0.0072361102025882,0.0140873015873016,0.5621157943570346,0.0079365079365079,0.049034072243349,1
2019-05-13,NSE:GANESHHOU-EQ,1,2019-05-02,59.1,848,-5677.626514285716,46.51162790697675,0.0453139080742413,0.0749335267101764,0.665425881804242,0.6468253968253969,-0.1976028657038411,-1
2022-12-22,NSE:GATEWAY-EQ,1,2022-12-20,68.3,2553,-6008.517412499986,59.80392156862741,0.0078321437060591,0.0223279648609077,1.202331562752004,0.6737967914438503,-0.0141036046623708,-1
2023-01-25,NSE:GATEWAY-EQ,2,2023-01-12,67.55,3530,-9079.815571428555,59.90990990990991,0.0134941771830985,0.0247435761869514,1.1209904781139006,0.5245098039215687,-0.0225518250310079,-1
2020-08-19,NSE:GILLETTE-EQ,2,2020-08-17,5074.65,14,378.8190642857137,50.75140889167177,0.0051342277803733,0.015790673811424,2.211230697880565,0.9761904761904762,-0.1109081193086554,-1
2023-01-12,NSE:GLAND-EQ,1,2022-12-29,1578.3,172,-11573.454299999978,22.14084507042249,0.0136382642863776,0.0277830577203319,1.018175066071973,0.75,-0.3523265062342193,-1
2022-04-25,NSE:GMRAIRPORT-EQ,2,2022-04-20,36.8,1803,982.204814285715,50.549450549450526,0.0212230968346188,0.0379464285714285,0.7925258047826254,0.2142857142857142,0.0489057507127879,1
2022-12-13,NSE:GMRP&UI-EQ,1,2022-12-06,23.7,12563,-14484.219208928573,43.47826086956522,0.0160825213866142,0.031796262808921,1.4678473678016182,0.5738636363636364,-0.1838658024968745,-1
2024-11-18,NSE:GMRP&UI-EQ,2,2024-11-11,108.7,4813,-45414.46758357149,34.87287147189177,0.0302180384174925,0.0572611381259035,1.905726802658115,0.5595238095238095,0.2676002915976235,1
2021-03-17,NSE:GODFRYPHLP-EQ,1,2021-03-10,301.13,161,-1253.39581,31.797497155858807,0.0051021935744737,0.0165851483222718,0.7825312396610083,0.1746031746031746,-0.0289843198876295,-1
2021-03-26,NSE:GODFRYPHLP-EQ,3,2021-03-24,299.2,152,-1330.4378685714275,42.328618063112025,0.0061720301328116,0.0188550420168067,0.6819863701539668,0.1944444444444444,-0.0347737189098004,-1
2021-04-15,NSE:GODFRYPHLP-EQ,5,2021-04-05,305.0,149,-1946.644397499997,57.08453410182516,0.0105716249029228,0.0279180327868852,0.5183063302786516,0.2142857142857142,-0.0337658707649677,-1
2024-12-23,NSE:GOPAL-EQ,1,2024-12-16,387.2,723,6247.297042857146,30.127659574468083,0.027433506251092,0.0554346221959858,4.833475068564608,0.9679144385026738,0.1199144749353799,1
2020-12-21,NSE:GPIL-EQ,1,2020-12-15,23.92,1968,-3128.829719999998,86.30363036303633,0.0179155497998498,0.0436872909698996,0.5227838588773508,0.503968253968254,0.2328677214840038,1
2019-01-30,NSE:HAL-EQ,1,2019-01-28,366.4,125,-1372.2400892857167,14.817572598659751,0.0115291633239529,0.0193270430442919,0.2580193837146912,0.1256038647342995,-0.1281965619842903,-1
2021-07-28,NSE:HATHWAY-EQ,2,2021-07-19,26.75,8791,-13690.758039285723,54.86725663716816,0.0170326522012442,0.0381842456608811,0.8359544758150425,0.876984126984127,-0.0503180720029281,-1
2021-08-11,NSE:HATHWAY-EQ,3,2021-08-09,26.3,6796,-9816.979764285717,46.15384615384615,0.0179519816112898,0.03598587724063,1.1000203311478514,0.8492063492063492,-0.048089105138696,-1
2021-08-20,NSE:HATHWAY-EQ,4,2021-08-11,24.65,6407,-10101.710960714276,41.53846153846152,0.0193081136029528,0.042016806722689,1.2634950316434113,0.8650793650793651,-0.0531074425891832,-1
2022-11-10,NSE:HATHWAY-EQ,8,2022-11-07,16.05,11932,1186.093414285709,54.54545454545463,0.0088248619448679,0.0178015131286159,0.9879124480678358,0.2857142857142857,-0.1127385469630913,-1
2022-11-18,NSE:HATHWAY-EQ,9,2022-11-10,16.05,17905,-8144.920553571441,54.16666666666676,0.0074573461069899,0.0182465509568313,0.9311011470296358,0.2936507936507936,-0.1116061414817484,-1
2023-05-25,NSE:HATHWAY-EQ,11,2023-05-05,13.65,14127,2208.903824999994,53.48837209302327,0.0153236452264641,0.0300889586603872,0.6210367555266921,0.5357142857142857,-0.1469478569412759,-1
2023-06-30,NSE:HATHWAY-EQ,13,2023-06-22,15.6,11117,-9633.257683928576,68.42105263157893,0.0183656201399051,0.0364010989010989,1.5295983113672729,0.9603174603174603,-0.0775436650542731,-1
2023-08-25,NSE:HATHWAY-EQ,17,2023-08-11,16.5,19115,4693.542385714297,66.17647058823529,0.0224336851948722,0.0380952380952381,1.007627361799397,0.8928571428571429,-0.0091150632761575,-1
2023-08-30,NSE:HATHWAY-EQ,18,2023-08-25,16.65,17412,4431.297599999989,60.60606060606059,0.0185693176528993,0.039039039039039,0.8101979637160044,0.8492063492063492,0.0080823329165657,1
2024-03-12,NSE:HATHWAY-EQ,21,2024-03-06,21.55,24059,7573.454049999997,11.904761904761898,0.0211646396125371,0.0374544249254226,0.7960480944123631,0.5555555555555556,0.1377827074265451,1
2024-03-13,NSE:HATHWAY-EQ,22,2024-03-12,20.5,52230,-64243.086535714276,17.272727272727224,0.0194311468408732,0.0393728222996515,1.2530769845254268,0.6706349206349206,0.1328895572410694,1
2024-03-21,NSE:HATHWAY-EQ,23,2024-03-13,19.15,33496,11529.284546428586,13.235294117647044,0.022489724854592,0.0453189108541589,1.6059928147148987,0.7579365079365079,0.1350471266135415,1
2020-08-31,NSE:HCG-EQ,1,2020-08-27,128.65,888,-3816.3496714285798,50.62499999999996,0.0053205085151764,0.0216256731997112,0.2632201834413986,0.5357142857142857,0.0506626379796546,1
2025-07-28,NSE:HEMIPROP-EQ,1,2025-07-22,134.66,10060,-39031.18680714278,34.64223385689358,0.0081889796233825,0.0185599711442575,0.6409030379894807,0.0079365079365079,-0.0858710756406263,-1
2021-03-31,NSE:HFCL-EQ,1,2021-03-23,27.4,6766,-14741.88162142857,39.25925925925923,0.0189466244230607,0.0523983315954118,1.0732923541104478,0.6904761904761905,0.2031873119561031,1
2019-08-01,NSE:HSCL-EQ,1,2019-07-24,79.85,401,627.4435071428574,2.7450980392156907,0.0175171109009741,0.0490652115573843,1.5005281901470449,0.5674603174603174,-0.1650670192349834,-1
2019-11-13,NSE:HSCL-EQ,2,2019-11-06,73.6,733,-2619.498539285718,39.639639639639576,0.0244720075464685,0.0317352484472049,0.686713279321844,0.4603174603174603,-0.2396145208198118,-1
2022-03-29,NSE:HUDCO-EQ,1,2022-03-16,34.3,3637,1618.3966392857196,52.77777777777777,0.0258372854625834,0.0336318200749687,1.0464859625940903,0.3809523809523809,-0.1122446301708647,-1
2022-05-11,NSE:HUDCO-EQ,2,2022-05-06,33.9,765,-1127.2507232142839,24.44444444444436,0.0146635754401938,0.0283396544458491,0.7937065234346761,0.3571428571428571,-0.1038649156552204,-1
2022-05-12,NSE:HUDCO-EQ,3,2022-05-11,32.2,776,-1150.4463285714298,16.814159292035356,0.0121639300510642,0.0300576752440106,1.1650715466654695,0.4603174603174603,-0.1137311386270724,-1
2024-09-19,NSE:HUDCO-EQ,5,2024-09-17,245.1,4007,-60834.00925178568,18.482080112438496,0.0206736609875502,0.0406685317946027,0.8367886452210569,0.2222222222222222,0.2093681251599597,1
2019-04-30,NSE:IDEA-EQ,1,2019-04-22,17.15,2959,-4627.331755357138,44.02173913043477,0.0433504676779838,0.0601832569762598,0.646935073024822,0.8055555555555556,-0.3791621134113175,-1
2022-02-24,NSE:IDEA-EQ,3,2022-02-21,11.25,16343,-16189.813558928568,56.96202531645571,0.0378460792750467,0.0580952380952381,1.7407109335870072,0.8253968253968254,0.0793143218163071,1
2022-04-19,NSE:IDEA-EQ,4,2022-04-12,10.6,17715,-12986.708330357156,60.71428571428572,0.0221656569474785,0.0454851752021563,0.900897252916753,0.3412698412698413,-0.0024796841885876,-1
2022-05-04,NSE:IDEA-EQ,5,2022-04-19,9.9,20407,-15819.615723214298,49.20634920634922,0.0225428364309634,0.0515873015873015,0.6745861349467258,0.2142857142857142,-0.0073694477905239,-1
2023-03-31,NSE:IDEA-EQ,7,2023-03-27,6.05,4888,-1651.4631714285722,19.999999999999982,0.0171955733419333,0.0365997638724911,1.0699627702334713,0.3412698412698413,-0.18634269960926,-1
2023-12-28,NSE:IDEA-EQ,12,2023-12-20,13.1,3746,955.5549642857143,50.72463768115941,0.0238562946194999,0.0488004362050163,1.8021704682918127,0.9642857142857144,0.1943004991568446,1
2024-04-12,NSE:IDEA-EQ,17,2024-04-05,13.3,62513,-58709.642101785685,53.70370370370372,0.0331064142768885,0.0464554242749731,1.8385807136277343,0.9563492063492064,0.1153564451983623,1
2024-09-19,NSE:IDEA-EQ,19,2024-09-09,13.2,32658,-30877.520830714282,22.92490118577072,0.0312486292184621,0.0471320346320346,0.9573674100427962,0.6944444444444444,0.0902971123215432,1
2020-01-22,NSE:IFCI-EQ,1,2020-01-20,6.55,11436,977.1288571428577,48.00000000000001,0.0236100854115907,0.0338058887677208,0.6315802531672778,0.2023809523809523,-0.2690839953704034,-1
2020-02-01,NSE:IFCI-EQ,2,2020-01-22,6.5,16584,-5521.79087142857,33.33333333333336,0.0169985151649655,0.0335164835164835,0.9135252879208688,0.3214285714285714,-0.2688028507613941,-1
2020-02-11,NSE:IFCI-EQ,3,2020-02-07,6.1,8540,-2428.7149999999992,21.428571428571445,0.0095572764780818,0.0304449648711943,0.542120429739008,0.0436507936507936,-0.2777881008540125,-1
2023-06-14,NSE:IFCI-EQ,5,2023-06-09,11.95,5244,824.8124857142844,60.0,0.0228093647549396,0.0340705319784817,0.8736926554720169,0.5555555555555556,-0.0155103016447724,-1
2024-10-08,NSE:IFCI-EQ,11,2024-10-04,61.5,8583,10610.101542857139,31.025530073561256,0.024965784338481,0.0502903600464575,0.6422403887007847,0.123015873015873,0.2140062783793865,1
2024-10-23,NSE:IFCI-EQ,12,2024-10-21,56.98,9505,-41613.00202321429,26.274713839750262,0.0230591591396916,0.0506067291781577,0.959215852747284,0.0992063492063492,0.1674815216043557,1
2019-06-06,NSE:IGARASHI-EQ,1,2019-05-30,257.6,111,-2591.3175964285724,44.130127298444165,0.0264236366238502,0.0598103371783495,0.8315340104028595,0.8174603174603174,-0.6081634576265761,-1
2020-02-07,NSE:IGL-EQ,1,2020-02-01,252.45,143,452.63984142857265,85.53682342502218,0.0165215260635376,0.0327702798291033,1.069086539969078,0.8571428571428571,0.1374489669018417,1
2019-08-29,NSE:IIFL-EQ,1,2019-08-27,117.63,294,865.8792000000001,70.08324661810613,0.0398000339051136,0.0618161061925407,2.4923851337516605,0.5,-0.4752441647023743,-1
2019-05-02,NSE:IMAGICAA-EQ,2,2019-04-22,8.9,6341,-5995.1777125,59.18367346938775,0.0450970680905371,0.0702247191011235,0.184348342260782,0.6547619047619048,-1.0840775916370613,-1
2022-06-16,NSE:IMAGICAA-EQ,3,2022-06-10,14.55,2537,-2793.141862500001,58.10810810810813,0.0287848547264105,0.049828178694158,0.98259400241726,0.6071428571428571,0.1370135603631142,1
2022-06-21,NSE:IMAGICAA-EQ,4,2022-06-16,13.5,12098,3596.042732142855,45.454545454545446,0.0283797181218625,0.0547619047619047,1.5367159741266765,0.7817460317460317,0.1367430534443163,1
2020-09-21,NSE:INDIANB-EQ,1,2020-09-14,63.35,1603,-6063.894237499998,43.902439024390254,0.0224132116901798,0.0391814184237231,0.9905802914196568,0.7261904761904762,-0.3127599089310945,-1
2021-04-29,NSE:INDIGOPNTS-EQ,1,2021-04-27,2321.5,33,716.4631000000005,49.57584471603166,0.0159207524294398,0.0254269099412325,1.0832101868603865,0.2857142857142857,-0.1551055391190282,-1
2021-08-09,NSE:INDIGOPNTS-EQ,3,2021-07-28,2583.55,78,-8159.16200357143,58.954920806822784,0.0118015957260667,0.0263521676983773,1.457973141184364,0.4166666666666667,-0.0544797269191343,-1
2025-05-22,NSE:INDUSINDBK-EQ,1,2025-05-16,780.2,1121,-49229.379592857156,33.78222393228165,0.0211092198665056,0.0368953015710257,2.088902943818009,0.9761904761904762,-0.26648100077714,-1
2021-09-27,NSE:INFY-EQ,1,2021-09-23,1742.55,17,148.63814999999988,63.85792066372825,0.0102575802945903,0.0156298036129317,0.6944895771882276,0.0396825396825396,0.1283191842360702,1
2022-02-14,NSE:IOB-EQ,1,2022-02-04,21.05,13799,-16537.312985714263,51.51515151515154,0.0191643740184001,0.0373260943332202,0.6559797020692156,0.1746031746031746,0.0488746283070235,1
2023-07-24,NSE:IOB-EQ,2,2023-07-17,26.55,3918,1265.1416357142837,77.77777777777776,0.0150712238841718,0.0317460317460317,0.9286598962763046,0.5595238095238095,0.0406054423400189,1
2024-01-23,NSE:IOB-EQ,3,2024-01-18,44.2,6700,3520.6391750000003,57.75862068965522,0.0125614104534006,0.0311085972850678,1.5104624070995964,0.7380952380952381,0.1581633602213034,1
2025-08-28,NSE:IRCTC-EQ,1,2025-08-26,717.25,971,-15938.030412499978,42.06349206349207,0.0076045550339088,0.0146043917741373,1.971958141229024,0.753968253968254,-0.0456176003708626,-1
2021-04-06,NSE:IRFC-EQ,1,2021-03-31,22.9,7434,-5103.600300000002,4.4444444444444855,0.0067811179071851,0.0193387398627573,0.6552909583780575,0.0952380952380952,-0.0108387436796449,-1
2021-04-12,NSE:IRFC-EQ,2,2021-04-06,22.0,6970,-5338.310553571428,3.5087719298246043,0.0079315939347107,0.0225649350649351,1.5032163742655016,0.6444444444444445,-0.0188620684160644,-1
2021-06-23,NSE:IRFC-EQ,4,2021-06-17,24.7,5579,1236.3064000000031,66.66666666666666,0.0144639851259923,0.0242914979757085,1.1463201265049583,0.7021276595744681,-0.0188626663266527,-1
2021-07-06,NSE:IRFC-EQ,6,2021-06-30,24.85,7627,-7781.691903571445,55.55555555555558,0.0142897265171332,0.0267318194883587,1.209887596440913,0.8543689320388349,-0.0057241039605614,-1
2021-08-10,NSE:IRFC-EQ,7,2021-08-05,23.65,2018,-1224.915189285716,60.97560975609754,0.0075927369195112,0.0164602839021443,0.937253872054921,0.1640625,-0.0132761502545205,-1
2021-08-20,NSE:IRFC-EQ,9,2021-08-17,23.35,2109,394.09582142856976,55.737704918032826,0.0126963820543258,0.0220250841235851,0.8333962304409482,0.0661764705882353,-0.0134675972506839,-1
2022-02-22,NSE:IRFC-EQ,12,2022-02-18,22.25,4782,-2537.6622321428645,27.99999999999997,0.0117275737963309,0.0152487961476725,0.5935149410836709,0.0396825396825396,-0.018295693525138,-1
2022-05-06,NSE:J&KBANK-EQ,1,2022-05-04,30.25,4099,1194.9556642857165,19.35483870967744,0.0222868850683117,0.0258559622195985,0.4629084536084811,0.2182539682539682,-0.0483409418347753,-1
2022-02-21,NSE:JAIBALAJI-EQ,1,2022-02-14,9.8,19669,3953.461021428572,61.2244897959184,0.0314136788474609,0.0512390670553935,0.5399813508168079,0.753968253968254,0.0515714368338982,1
2025-02-03,NSE:JIOFIN-EQ,1,2025-01-27,233.3,382,1580.0233714285725,16.35155850792033,0.0257199000294397,0.0446696466842202,1.7771847779551968,0.8134920634920635,-0.078816475207379,-1
2020-01-08,NSE:JISLJALEQS-EQ,1,2020-01-06,9.45,9818,-7081.1097750000035,72.41379310344827,0.0399262338322597,0.0502645502645502,2.216450707549994,0.8253968253968254,-1.7661135229488176,-1
2023-05-10,NSE:JPPOWER-EQ,4,2023-05-08,5.95,15331,-5096.16128392857,48.00000000000001,0.0215258920463102,0.0366146458583433,0.8512248079452708,0.369047619047619,-0.1097974425695871,-1
2024-06-27,NSE:JPPOWER-EQ,5,2024-06-12,19.35,42335,16450.65278999998,47.03557312252965,0.0312588580073867,0.0502399409376153,0.8628050055496078,0.365079365079365,0.1621739074864168,1
2022-04-13,NSE:KPIGREEN-EQ,1,2022-04-11,58.78,1896,2190.3059442857166,78.14113597246131,0.0274182092557475,0.0492149905215573,0.5129107861343702,0.1807909604519774,0.2758588962039451,1
2025-07-31,NSE:KTKBANK-EQ,1,2025-07-28,184.8,9241,-39778.85150464279,21.94630872483228,0.0062265692546636,0.0148770871985157,1.1840147681140147,0.5793650793650794,-0.0213586534254848,-1
2020-07-13,NSE:LLOYDSENGG-EQ,1,2020-07-09,0.98,81875,-5688.9089285714235,57.62711864406779,0.0433745886114329,0.0466472303206997,0.1306718039211157,0.1587301587301587,0.2339467157124621,1
2021-12-01,NSE:LLOYDSENGG-EQ,3,2021-11-29,9.7,3311,-2335.685824999999,90.56224899598392,0.0383134992635791,0.0478645066273932,2.3331956005816936,0.992063492063492,0.2598496667639195,1
2022-02-04,NSE:MAHABANK-EQ,1,2022-01-28,21.0,3623,1275.6535714285706,55.03875968992247,0.0244248761177562,0.0425170068027211,1.0742699693600852,0.6309523809523809,0.0064410463776322,1
2025-08-01,NSE:MAHABANK-EQ,3,2025-07-31,56.08,27067,-41788.10329214284,51.42231947483584,0.0081237483838485,0.0177042999796209,0.4986106244901209,0.0476190476190476,0.0313233738349055,1
2024-10-22,NSE:MANAPPURAM-EQ,1,2024-10-18,153.27,6706,-80299.61747999996,12.63811109429392,0.0331891705566591,0.0514684636822041,8.380335321000658,1.0,0.0576190748783549,1
2019-07-10,NSE:MARATHON-EQ,1,2019-07-03,95.45,794,-6190.555696428572,42.36111111111112,0.0348291924440352,0.0538426999925166,0.73456436268464,0.6706349206349206,-0.1964659646745345,-1
2019-02-04,NSE:MARICO-EQ,1,2019-01-30,365.9,85,226.48364285714223,9.230769230769312,0.0090095924312468,0.0205754890094873,1.2622350125732793,0.6626984126984127,0.0581011771596186,1
2024-12-19,NSE:MARUTI-EQ,1,2024-12-10,11198.2,102,-32510.241974999964,58.35782255807452,0.011107125150055,0.0183266060616884,0.8744479311174365,0.3333333333333333,-0.021353641901091,-1
2024-09-09,NSE:MOIL-EQ,1,2024-09-02,382.8,781,4406.313985714279,21.583937534857768,0.0234332127743627,0.0377295118674428,1.5855976211793412,0.5277777777777778,0.1522495456619665,1
2022-09-16,NSE:MOTHERSON-EQ,1,2022-09-14,56.98,5999,-12195.122855000023,59.65379494007987,0.0159273706771745,0.0231409517123802,0.9062009302405544,0.5436507936507936,-0.1670786452963203,-1
2022-09-28,NSE:MOTHERSON-EQ,2,2022-09-26,50.13,6297,-15514.456393928567,30.000000000000057,0.0193371787312761,0.0321307457752699,1.3844465057017776,0.8095238095238095,-0.182836834428848,-1
2022-12-20,NSE:MOTHERSON-EQ,4,2022-12-13,48.0,583,-1099.4232739285708,52.55878284923927,0.0137994601549891,0.0255505952380952,0.9272783428481212,0.4682539682539682,-0.1851453412652568,-1
2022-12-23,NSE:MOTHERSON-EQ,5,2022-12-22,46.0,3593,-6930.028263928572,27.530364372469634,0.013177483755629,0.0273136645962732,1.929200768872304,0.9007936507936508,-0.1859921384290643,-1
2023-02-07,NSE:MSUMI-EQ,1,2023-02-06,35.33,5968,-9409.413097142868,60.447761194029766,0.0101729485352905,0.0291132586632162,0.4588156467230304,0.2314814814814814,0.0036963705897396,1
2023-10-26,NSE:MSUMI-EQ,3,2023-10-23,40.97,7205,-11616.292128571396,38.90374331550801,0.014999797529471,0.0255936399456047,1.0280325891030175,0.3452380952380952,0.0659809547218144,1
2022-10-03,NSE:NATIONALUM-EQ,1,2022-09-26,68.9,318,322.4510285714285,23.43387470997681,0.0230976914318163,0.0377876840140991,1.2685640367359317,0.373015873015873,-0.1384584403758654,-1
2023-04-18,NSE:NBCC-EQ,2,2023-04-13,25.43,4930,2087.0844821428605,69.41015089163238,0.0358360601862151,0.0422167293972248,0.468540832608732,0.4523809523809524,-0.0121599874242066,-1
2023-06-05,NSE:NBCC-EQ,4,2023-05-25,28.47,6355,2542.491381428568,60.03236245954691,0.0219378217843449,0.0361533443725224,1.1663144049121787,0.8968253968253969,0.0422890905228872,1
2022-09-26,NSE:NYKAA-EQ,1,2022-09-16,225.88,1459,-13077.316616071446,47.07761098690513,0.0126005984189609,0.0258133269245364,1.672230492949925,0.4131455399061033,-0.1546348152988762,-1
2025-08-07,NSE:ONGC-EQ,1,2025-08-01,236.79,6245,-32193.481291071483,32.0270924044509,0.0081695745175892,0.0138609859248399,1.6435189066669056,0.5714285714285714,-0.0234625641426016,-1
2019-07-15,NSE:OPTIEMUS-EQ,3,2019-07-10,61.25,547,741.9190357142857,75.37796976241901,0.0373115150603953,0.0549271137026238,2.150155511710288,0.9246031746031746,-0.5967862523481074,-1
2019-12-24,NSE:OPTIEMUS-EQ,4,2019-12-17,27.6,1932,1920.853542857143,10.979228486646877,0.0319522000505435,0.0874741200828157,0.324138495539003,0.0833333333333333,-1.0509839167424306,-1
2020-05-19,NSE:PAISALO-EQ,1,2020-05-11,8.0,7657,-4773.797669642859,37.2093023255814,0.0231330142952006,0.0513392857142857,0.004941469259248,0.0158730158730158,-0.6402112405078497,-1
2021-03-23,NSE:PAISALO-EQ,2,2021-03-12,40.46,2880,2477.8306300000036,38.54014598540145,0.017897558649259,0.0530153237765694,3.107659903246912,0.9484126984126984,0.2612943669827557,1
2024-10-31,NSE:PAISALO-EQ,4,2024-10-23,44.42,12594,15063.706034999988,10.51788574479444,0.0231805855608265,0.066234643339551,2.5556224627269377,0.8690476190476191,-0.0559264419077536,-1
2025-07-22,NSE:PATELENG-EQ,1,2025-07-17,39.92,37324,-34728.38239999994,14.569536423841,0.0064492426220084,0.0148869166905239,0.8003520688486215,0.0476190476190476,-0.1173296795644829,-1
2019-09-19,NSE:PCJEWELLER-EQ,1,2019-09-17,4.12,5168,456.39473999999944,77.96610169491527,0.0587467124384657,0.0533980582524271,4.975860327135373,0.8928571428571429,-0.8226731302641269,-1
2020-09-08,NSE:PCJEWELLER-EQ,2,2020-08-31,1.63,74823,-8290.869404999978,41.66666666666666,0.02948217342215,0.0446976336546888,1.1438126950396146,0.4523809523809524,-0.3857549540416917,-1
2020-09-14,NSE:PCJEWELLER-EQ,3,2020-09-08,1.56,47779,1237.8064371428552,41.17647058823528,0.0167348599652426,0.042124542124542,0.5823259387784899,0.1746031746031746,-0.3788221973466894,-1
2023-02-22,NSE:PCJEWELLER-EQ,6,2023-02-17,2.6,105437,-30857.907885357134,0.0,0.0010308198136499,0.0744505494505494,0.6978050383675157,0.0634920634920634,-0.0807616610591917,-1
2023-03-15,NSE:PCJEWELLER-EQ,8,2023-03-13,3.26,102256,-26601.46016,69.69696969696969,0.0507656383990353,0.0525854513584575,0.1541167961375089,0.115079365079365,-0.3370832836569079,-1
2023-03-21,NSE:PCJEWELLER-EQ,9,2023-03-16,2.8,17860,-4733.569750000002,60.76555023923444,0.0506671528764955,0.0625,1.589053248969148,0.8809523809523809,-0.4295898655001475,-1
2023-03-31,NSE:PCJEWELLER-EQ,11,2023-03-27,2.64,79125,5896.072628571427,34.61538461538463,0.0501872447475197,0.0692640692640692,0.4326543059306384,0.6031746031746031,-0.5369566537524906,-1
2023-07-06,NSE:PCJEWELLER-EQ,12,2023-07-04,2.7,49900,1470.9156042857142,50.0,0.0266513430990583,0.0288359788359788,0.5522030595483013,0.4484126984126984,-0.5012575749485425,-1
2023-10-04,NSE:PCJEWELLER-EQ,14,2023-09-20,2.71,183033,-24005.30090142857,53.06122448979589,0.0174247592545456,0.0316288877174485,1.0428993761364689,0.7063492063492064,-0.2881602540416947,-1
2024-02-09,NSE:PCJEWELLER-EQ,17,2024-02-05,5.26,42756,4895.836860000003,39.622641509433954,0.035709541381901,0.0541825095057034,0.4191880622376846,0.5277777777777778,0.1764300263895622,1
2024-02-13,NSE:PCJEWELLER-EQ,18,2024-02-09,5.24,127141,-54284.212175,36.75675675675674,0.0306905115020369,0.0537077426390403,0.3764316629431469,0.3055555555555556,0.182050681776561,1
2024-10-01,NSE:PCJEWELLER-EQ,21,2024-09-27,16.97,23024,6968.464856428564,79.1907514450867,0.0322504043043809,0.0449953699806381,1.2265882954595997,0.873015873015873,0.2395357912637108,1
2025-03-03,NSE:PCJEWELLER-EQ,22,2025-02-17,12.04,43890,-63713.811974999975,36.81747269890795,0.0376988268023025,0.0797935453251067,1.760409758133198,0.5317460317460317,0.1881583848346504,1
2025-04-01,NSE:PCJEWELLER-EQ,24,2025-03-25,13.02,74075,26146.5064135714,63.46863468634686,0.0409339805811667,0.0666556945358788,1.089060194841826,0.5952380952380952,0.0841359895112568,1
2022-10-11,NSE:PEL-EQ,2,2022-09-28,853.2,320,-16211.926285714288,20.635507112506943,0.0222144847924454,0.0389583751925524,0.9861814484855228,0.8412698412698413,-0.558802182924912,-1
2022-12-23,NSE:PEL-EQ,4,2022-12-21,838.45,161,-7557.1358750000045,44.82472516075504,0.0238919723238654,0.0366918548682517,0.5925922363411354,0.623015873015873,-0.5934224931976572,-1
2023-02-06,NSE:PEL-EQ,8,2023-02-01,844.8,186,1733.0377714285755,54.76271765107544,0.0181358673942037,0.0289967194264069,1.3632408874974418,0.7063492063492064,-0.4766463707063738,-1
2021-07-27,NSE:PETRONET-EQ,1,2021-07-19,222.05,135,-548.7253392857128,29.78723404255329,0.0055925243596394,0.0115482355968732,1.13371314385249,0.3611111111111111,-0.0360684262346293,-1
2019-04-22,NSE:PGEL-EQ,1,2019-04-08,7.59,7013,1647.9662228571444,45.96100278551532,0.0399565448872942,0.0756634669678148,0.1728580055112064,0.5793650793650794,-0.629387224196201,-1
2022-05-02,NSE:PNB-EQ,2,2022-04-25,34.9,1917,586.9498964285701,35.643564356435604,0.0139314967106666,0.0238436348751534,1.0284008650570684,0.2658730158730158,-0.0437714881201137,-1
2022-05-06,NSE:PNB-EQ,3,2022-05-02,35.05,2739,-3115.6614107142836,20.652173913043494,0.014007068638447,0.0209904218463419,0.6236401261467747,0.0198412698412698,-0.0467712760642322,-1
2022-05-11,NSE:PNB-EQ,4,2022-05-06,33.85,7729,-9320.332091071441,20.212765957446862,0.0109854885273145,0.023106140535978,1.1808614652940808,0.246031746031746,-0.0526623574569531,-1
2022-05-12,NSE:PNB-EQ,5,2022-05-11,33.1,7612,-9051.320457142865,21.111111111111143,0.0091951925629457,0.0233059991368148,1.2567218966523577,0.2579365079365079,-0.059542910100914,-1
2023-06-09,NSE:PNB-EQ,7,2023-05-30,51.45,1352,469.6718142857166,72.51908396946568,0.0163882611392072,0.0190892683604054,0.8031873570443802,0.3253968253968254,0.0541564035450941,1
2019-09-30,NSE:POONAWALLA-EQ,1,2019-09-26,55.85,885,-4823.648249999999,46.798029556650256,0.0307120530914574,0.0644583706356311,0.6585616983448614,0.3888888888888889,-0.5126892079010924,-1
2023-03-16,NSE:PPLPHARMA-EQ,1,2023-03-13,68.26,338,338.27309142857104,5.466860183841305,0.0210491254619135,0.037545519233184,2.39834898535975,0.9,-0.6319145452254147,-1
2023-03-27,NSE:PPLPHARMA-EQ,2,2023-03-23,68.21,1620,-6893.824371428575,22.755610972568533,0.0167784684766227,0.0409659245607053,1.1326400265858168,0.7592592592592593,-0.66323589418718,-1
2024-05-17,NSE:PRSMJOHNSN-EQ,1,2024-05-10,150.4,857,1841.557725000002,14.408602150537632,0.0103122973309435,0.0367353723404255,0.8161525483089634,0.4563492063492063,0.0618531885359705,1
2025-01-06,NSE:PTC-EQ,1,2024-12-20,147.44,5472,11235.086495000014,16.85687113647171,0.0184194153257497,0.0358644678707077,1.9389899473583108,0.7936507936507936,-0.0894634027801459,-1
2025-01-13,NSE:PTC-EQ,2,2025-01-06,141.85,990,-9009.731892857155,30.208134428107694,0.0264333824285601,0.0421471373180925,1.4508274109985089,0.7896825396825397,-0.1336444653908515,-1
2021-02-15,NSE:RAJESHEXPO-EQ,4,2021-02-08,478.0,59,171.15086428571382,41.13029827315549,0.0060689799062029,0.0170576808129109,0.9199057497829533,0.8253968253968254,-0.0417513965873536,-1
2025-02-12,NSE:RALLIS-EQ,1,2025-02-03,237.46,542,-9977.630962142865,23.93809680605861,0.0274182423335519,0.0510672474161061,1.1924799237676005,0.6507936507936508,-0.066235142584947,-1
2022-07-13,NSE:RENUKA-EQ,1,2022-07-11,49.0,1333,1055.7109857142846,65.56016597510376,0.0433429131269952,0.0411078717201166,1.0474972622555896,0.7777777777777778,0.1645898592802545,1
2019-03-14,NSE:RPOWER-EQ,1,2019-03-05,12.75,6095,-8917.496544642856,64.92537313432835,0.1016391287877378,0.0759103641456582,1.1786161710666485,0.98015873015873,-0.7293637394403107,-1
2019-03-22,NSE:RPOWER-EQ,2,2019-03-14,10.75,4533,1504.0256392857164,45.79439252336449,0.0526363998273919,0.0754152823920266,0.9519195689055676,0.9523809523809524,-0.9211818853080356,-1
2019-04-03,NSE:RPOWER-EQ,3,2019-03-22,10.65,4661,1503.7196678571433,48.9795918367347,0.0439554302132828,0.0741113346747149,0.486359205208475,0.873015873015873,-0.961173549598258,-1
2020-02-13,NSE:RPOWER-EQ,4,2020-02-07,1.7,32292,1155.9666749999985,22.22222222222221,0.0300037511060881,0.0525210084033613,0.0461660072664211,0.0158730158730158,-2.072150908352951,-1
2020-03-04,NSE:RPOWER-EQ,5,2020-02-28,1.75,44219,-5283.696725000002,53.846153846153854,0.027840758857591,0.0448979591836734,0.0853988771386533,0.0119047619047619,-1.8827569906373312,-1
2020-03-12,NSE:RPOWER-EQ,6,2020-03-04,1.6,43741,-4985.927237500002,38.46153846153846,0.0286739546369247,0.046875,0.4133480421239426,0.0714285714285714,-2.029020351090727,-1
2020-03-16,NSE:RPOWER-EQ,7,2020-03-12,1.45,45127,-4171.104726785709,28.571428571428555,0.0271564721534276,0.0418719211822659,0.2181301615351119,0.0436507936507936,-2.186709861572913,-1
2020-03-18,NSE:RPOWER-EQ,8,2020-03-16,1.35,49720,-4590.665357142852,14.28571428571425,0.026317460838496,0.0449735449735449,1.4112617116312132,0.2579365079365079,-2.330989348936892,-1
2020-03-20,NSE:RPOWER-EQ,9,2020-03-18,1.25,48559,-3958.859187499997,7.142857142857125,0.0269438356923143,0.0428571428571428,0.4425654851799439,0.0634920634920634,-2.5009074743101265,-1
2023-03-02,NSE:RPOWER-EQ,10,2023-02-27,9.9,11031,2053.8024428571457,5.128205128205039,0.0171065107284758,0.0472582972582972,1.2266818308070515,0.7301587301587301,-0.1426487829560456,-1
2019-12-10,NSE:RTNINDIA-EQ,2,2019-12-05,1.85,23672,-2957.605042857143,69.23076923076923,0.0285911251971314,0.0444015444015443,1.5013167724520704,0.4642857142857143,-0.2715785533687324,-1
2020-03-16,NSE:RTNINDIA-EQ,4,2020-03-02,2.85,18037,-3140.3705357142826,80.0,0.0268795793005603,0.0401002506265664,1.9497301086097155e-05,0.0039682539682539,0.0280751741745101,1
2020-03-25,NSE:RTNINDIA-EQ,5,2020-03-16,2.65,16826,-2746.063292857141,63.63636363636362,0.0306415044310161,0.0404312668463612,0.0151508201502484,0.0119047619047619,0.0387897426870765,1
2020-03-27,NSE:RTNINDIA-EQ,6,2020-03-25,2.45,24705,-4027.003232142854,52.17391304347828,0.0325989910637016,0.0437317784256559,0.0015517763766099,0.0079365079365079,0.0456438536380742,1
2020-03-31,NSE:RTNINDIA-EQ,7,2020-03-27,2.25,25856,-4209.449142857139,41.66666666666666,0.034694307757007,0.0476190476190476,0.0032257591530915,0.0158730158730158,0.0481832908790858,1
2020-08-27,NSE:RTNINDIA-EQ,9,2020-08-25,11.35,11592,-9499.292100000006,91.8918918918919,0.0211491307743859,0.0475141598489616,0.3917239855383205,0.9642857142857144,0.2338402222484668,1
2019-12-03,NSE:RTNPOWER-EQ,2,2019-11-27,1.8,12993,423.50425714285797,66.66666666666666,0.0221538506227157,0.0456349206349206,0.805291040872652,0.1944444444444444,-0.2655115380206043,-1
2021-11-22,NSE:RTNPOWER-EQ,3,2021-11-02,4.0,46460,-13115.326142857139,41.3793103448276,0.0298387326323238,0.0464285714285713,0.8986343128300641,0.6706349206349206,0.0480034787849363,1
2021-11-24,NSE:RTNPOWER-EQ,4,2021-11-22,3.7,31579,1426.5653928571433,44.44444444444446,0.0230069912527189,0.0318532818532818,1.0118847631392485,0.5753968253968254,-0.0028254655062133,-1
2021-11-29,NSE:RTNPOWER-EQ,5,2021-11-24,3.75,44814,-8802.10979999999,35.2941176470588,0.021944698098499,0.0342857142857142,2.6370033163027045,0.8611111111111112,-0.0109227370281985,-1
2023-12-28,NSE:RTNPOWER-EQ,7,2023-12-20,8.9,55650,10014.217499999984,50.0,0.0284781497793374,0.0505617977528089,0.7442717711538347,0.7222222222222222,0.2508432850679128,1
2024-02-29,NSE:RTNPOWER-EQ,10,2024-02-26,10.2,10654,-8262.234075000008,32.051282051282044,0.0348782157421472,0.0500700280112045,0.1933870803113257,0.3095238095238095,0.2340140748660171,1
2024-03-14,NSE:RTNPOWER-EQ,11,2024-03-12,8.8,12058,-8172.58941785715,23.52941176470587,0.0230096421305491,0.0507305194805194,0.9643239888802062,0.3333333333333333,0.2253586220949565,1
2024-03-27,NSE:RTNPOWER-EQ,12,2024-03-14,8.4,36443,7029.54184285713,16.071428571428555,0.0202857456790623,0.0569727891156462,1.805894464521472,0.4603174603174603,0.2206411681896866,1
2024-04-16,NSE:RTNPOWER-EQ,13,2024-04-08,9.1,47317,-33857.00339285715,57.14285714285713,0.0349129078239551,0.0518053375196232,0.8145652520015657,0.2301587301587301,0.1385417577459962,1
2024-05-02,NSE:RTNPOWER-EQ,14,2024-04-16,8.75,34417,6463.780714285722,47.692307692307686,0.0330773839558584,0.053469387755102,0.7462563249052305,0.1746031746031746,0.1282870825428675,1
2022-04-20,NSE:RVNL-EQ,1,2022-04-13,34.85,2386,863.0242535714247,49.55752212389383,0.0197657646222746,0.0275671244107398,0.9702486051625884,0.5317460317460317,0.0302048429354428,1
2025-01-27,NSE:RVNL-EQ,2,2025-01-17,426.4,3119,-96725.97685892863,54.76315789473683,0.0413767837797246,0.0478675288126507,4.175802869733669,0.753968253968254,0.0302808282546185,1
2023-10-26,NSE:SAFARI-EQ,1,2023-10-25,1940.57,133,-16341.646159999995,35.955017301038055,0.0266808446613535,0.0415857196596876,1.2839596887178684,0.876984126984127,0.2351723179083936,1
2024-07-02,NSE:SBICARD-EQ,1,2024-06-26,732.0,691,-11426.253841071435,77.29957805907169,0.0142330124767114,0.0144076893052302,0.6880631517518299,0.238095238095238,-0.0354591844914213,-1
2025-06-19,NSE:SHAREINDIA-EQ,1,2025-06-13,182.55,2889,-29331.805483928576,46.16635687732344,0.0235724696446664,0.0364479398990491,0.5751917245103831,0.5238095238095238,-0.2728202133577108,-1
2025-07-08,NSE:SHAREINDIA-EQ,2,2025-06-19,175.07,657,1860.356781428568,50.57643040136635,0.0264395416455368,0.0410529665684746,0.6010804326799207,0.5753968253968254,-0.2722876169045187,-1
2020-09-22,NSE:SHOPERSTOP-EQ,1,2020-09-21,159.91,568,-4811.052502857145,40.15769439912995,0.0213516326696491,0.0346802219105389,0.4140712687054071,0.7063492063492064,-0.3728322550698386,-1
2020-09-24,NSE:SHOPERSTOP-EQ,2,2020-09-22,153.47,160,393.50771714285764,34.436931685707634,0.0215447399564489,0.0405197851604315,0.7005237609516258,0.753968253968254,-0.3866654430159284,-1
2025-06-19,NSE:SIEMENS-EQ,2,2025-06-12,3267.5,274,6917.833100000022,49.04520654715509,0.0172650004812605,0.0212853863810252,0.5705559322328027,0.4761904761904761,-0.4396453352562813,-1
2025-07-11,NSE:SIEMENS-EQ,3,2025-07-08,3296.8,193,-28619.464064285687,45.30703149856826,0.0164744250736602,0.0293488057683641,0.7315747563734722,0.7301587301587301,-0.3920701753385071,-1
2021-01-18,NSE:SJVN-EQ,1,2021-01-11,26.8,2177,-2842.893762499997,77.14285714285714,0.0182657788446894,0.0318496801705756,1.2496226469428062,0.9087301587301588,0.0442440435969675,1
2021-10-22,NSE:SOUTHBANK-EQ,1,2021-10-19,9.73,15694,-8551.795120000013,73.109243697479,0.0101647795719896,0.0367053296138599,4.492989735937259,0.9404761904761904,0.0385722083706358,1
2021-12-17,NSE:SOUTHBANK-EQ,2,2021-12-14,8.54,16557,-6326.341001785713,55.75757575757572,0.0165705154502587,0.0291903646704583,0.4685276718914334,0.0119047619047619,-0.0287858629012262,-1
2022-01-21,NSE:SOUTHBANK-EQ,4,2022-01-04,8.49,25933,-10240.654584642867,50.0,0.0172001940105637,0.030371866060912,2.6232626073585723,0.7301587301587301,-0.042566605721918,-1
2022-02-01,NSE:SOUTHBANK-EQ,5,2022-01-21,8.12,17179,1250.6414285714313,34.28571428571421,0.0137143016069996,0.0242786769880365,1.397373422024845,0.503968253968254,-0.0426447686308128,-1
2023-09-13,NSE:SOUTHBANK-EQ,6,2023-09-06,21.89,13170,-19487.865364285695,70.06369426751596,0.0251288068017637,0.0444429941917378,0.3823701312079325,0.4087301587301587,0.1472856616595279,1
2023-09-22,NSE:SOUTHBANK-EQ,8,2023-09-20,23.68,1453,522.531760000001,70.9507042253521,0.0248334996787818,0.0388513513513513,1.5220143649143725,0.8690476190476191,0.1489177039848668,1
2024-05-07,NSE:SOUTHBANK-EQ,11,2024-05-02,29.2,16002,-26501.59800000002,52.05479452054795,0.0258066816175459,0.0371819960861056,1.8887914834038904,0.9047619047619048,0.1274751890205327,1
2019-05-08,NSE:STLTECH-EQ,1,2019-04-30,190.9,170,784.9791000000004,30.60648801128349,0.0261265580500957,0.0597171293871136,0.7320404711296985,0.8888888888888888,-0.2517068904071712,-1
2019-05-14,NSE:STLTECH-EQ,2,2019-05-08,183.85,258,-4210.426853571431,36.75344563552831,0.0270947051791383,0.0585687089630521,0.7941889351682747,0.9166666666666666,-0.273292103819073,-1
2019-11-21,NSE:STLTECH-EQ,4,2019-11-13,130.8,496,-5169.452828571429,34.830430797433564,0.0446491645612689,0.0525065530799475,0.4526066320494264,0.1746031746031746,-0.3194028130587388,-1
2021-11-15,NSE:SUZLON-EQ,2,2021-11-10,6.12,13031,1137.4531585714283,50.0,0.0249742514994822,0.0366479925303454,0.6310801197701975,0.3611111111111111,0.0865047119397366,1
2021-11-17,NSE:SUZLON-EQ,3,2021-11-15,6.07,13245,1051.6161814285701,51.47058823529412,0.0231140503627836,0.0338903271357966,0.96863855632906,0.4285714285714285,0.0870008838876437,1
2021-11-29,NSE:SUZLON-EQ,4,2021-11-17,6.07,19060,-6072.788285714275,50.0,0.0185922901937713,0.0343610261237938,1.0023597701072695,0.3968253968253968,0.086082575148913,1
2024-10-04,NSE:SWSOLAR-EQ,1,2024-10-01,599.1,1370,-73568.33946428577,29.51294586275576,0.0322222408901437,0.059148246178792,2.3215366373850976,0.984126984126984,0.1147289909610167,1
2024-09-27,NSE:TARIL-EQ,1,2024-09-19,309.45,288,1754.7139371428605,18.34677419354837,0.0269185718997035,0.049100939454793,1.472789587461404,0.365079365079365,0.2437155479191601,1
2020-07-09,NSE:TATACHEM-EQ,1,2020-07-07,311.7,179,461.68777499999976,46.3562753036437,0.0105051830807281,0.0225835281176955,3.387117192916178,0.992063492063492,-0.4346128936124844,-1
2019-02-15,NSE:TATAINVEST-EQ,1,2019-02-06,824.55,38,231.54081428571476,44.54756380510442,0.0157151681505638,0.0209464902934068,1.4215234102026555,0.5277777777777778,0.0344665278883623,1
2024-07-19,NSE:TATATECH-EQ,2,2024-07-15,1025.35,868,-20419.055200000024,65.26908635794729,0.008893087596061,0.0146430835463848,0.8589567413933717,0.6838709677419355,-0.0860792772986859,-1
2024-08-05,NSE:TATATECH-EQ,3,2024-07-23,996.65,718,-17619.113546428533,42.2128683102826,0.0076041991183224,0.015763522084698,0.9100826843749692,0.4375,-0.0885695046444487,-1
2024-07-10,NSE:TCS-EQ,1,2024-07-02,4017.4,130,-12928.557571428575,68.44866071428574,0.0102265050405809,0.0158524703255125,0.8895728824280761,0.6944444444444444,0.023049751277007,1
2020-02-07,NSE:TEJASNET-EQ,1,2020-02-01,78.0,696,1182.385392857144,28.11320754716984,0.0361522599918223,0.0542582417582417,0.282792736440512,0.4325396825396825,-0.3660732528064765,-1
2019-11-06,NSE:THOMASCOOK-EQ,1,2019-11-04,134.2,557,-5854.8010625000015,46.17117117117116,0.0349427245692445,0.051602086438152,1.6457931090220714,0.9285714285714286,-0.3360407172120969,-1
2020-09-28,NSE:THOMASCOOK-EQ,4,2020-09-24,29.45,1250,-2779.602678571426,38.70967741935482,0.031159765755553,0.0497210768857627,0.5260579162552428,0.6388888888888888,-0.7266614594926883,-1
2021-03-08,NSE:TRIDENT-EQ,2,2021-03-04,14.7,2203,465.68378571428553,60.3448275862069,0.0176605858424679,0.0369290573372206,2.786564285864664,0.9126984126984128,0.2350958427908793,1
2023-11-22,NSE:TRIDENT-EQ,3,2023-11-20,37.1,1137,467.2701285714278,64.28571428571432,0.0230042485070838,0.0291682710820177,0.7714165825502085,0.6388888888888888,0.0289996925845932,1
2024-05-10,NSE:TRIDENT-EQ,4,2024-05-07,38.55,2771,-4273.995348214286,47.77777777777775,0.0115233666971763,0.0260329812858995,0.6935510725677961,0.2777777777777778,0.0283873192276984,1
2021-01-15,NSE:UCOBANK-EQ,1,2021-01-06,13.0,8574,1466.2060857142865,47.91666666666668,0.0169841555578793,0.034065934065934,1.0283491451031468,0.8134920634920635,-0.0280608394866038,-1
2021-01-27,NSE:UCOBANK-EQ,2,2021-01-15,13.0,8099,1310.9057928571408,55.55555555555555,0.0181747571961708,0.0324175824175824,0.5971554572821438,0.6190476190476191,-0.0203562559966075,-1
2022-03-29,NSE:UCOBANK-EQ,7,2022-03-14,12.0,8730,-5197.358732142864,41.3793103448276,0.0245668414245868,0.0324404761904762,0.6185750775857527,0.0515873015873015,-0.0445244450349965,-1
2021-06-14,NSE:UJJIVANSFB-EQ,2,2021-06-10,33.3,4659,-6937.184442857136,83.01886792452831,0.0205012250657971,0.0291720291720291,3.237247895426622,0.9761904761904762,-0.0963871539670164,-1
2021-09-20,NSE:UJJIVANSFB-EQ,3,2021-09-16,20.6,6847,1756.6913535714334,61.25000000000002,0.0550622795118775,0.0324202496532593,0.6403119307116862,0.8968253968253969,-0.2872602759593398,-1
2021-12-20,NSE:UJJIVANSFB-EQ,6,2021-12-10,19.5,8577,-7649.320869642836,55.99999999999999,0.0192461216001437,0.0298534798534798,1.028411492950048,0.4166666666666667,-0.2724998163647997,-1
2021-12-27,NSE:UJJIVANSFB-EQ,7,2021-12-20,18.2,6041,1080.716407142855,50.0,0.0190845560102667,0.0262951334379905,0.9627896824455948,0.25,-0.2865069161239879,-1
2022-02-24,NSE:UJJIVANSFB-EQ,8,2022-02-22,16.95,6589,-5260.069296428579,19.44444444444443,0.0141667228100812,0.0307627475769068,1.5323883755222845,0.376984126984127,-0.2333826334688721,-1
2023-09-15,NSE:UJJIVANSFB-EQ,9,2023-09-12,48.45,3383,1602.3956142857085,39.23076923076921,0.0141519165036128,0.0261683620816747,1.481428843858472,0.876984126984127,0.2102671712664733,1
2023-09-20,NSE:UJJIVANSFB-EQ,10,2023-09-15,49.3,3865,1866.6451571428597,50.0,0.014225136436549,0.0262242828165748,0.8869665010762844,0.6706349206349206,0.2057741503972787,1
2020-08-31,NSE:UNIONBANK-EQ,2,2020-08-25,30.55,1026,344.53827142857165,61.22448979591838,0.0150556795565888,0.0289922843114332,1.2557411319184286,0.5357142857142857,-0.2773957949010445,-1
2020-09-09,NSE:UNIONBANK-EQ,3,2020-09-04,29.35,1431,-1964.2595946428587,50.0,0.0182553047583225,0.0305427111219274,0.4512343793107263,0.1825396825396825,-0.2666996466404426,-1
2020-09-18,NSE:UNIONBANK-EQ,4,2020-09-09,28.25,1649,-2305.8084785714263,35.65217391304347,0.0159155731865916,0.0323640960809102,0.4194325155655016,0.0753968253968253,-0.2732758199470235,-1
2022-09-16,NSE:WIPRO-EQ,1,2022-09-14,208.15,163,-1037.6440867857118,50.11908812521265,0.0139076619901041,0.0197419443395902,1.2590336241284037,0.7817460317460317,-0.1578861798745648,-1
2022-10-13,NSE:WIPRO-EQ,2,2022-10-11,202.2,1305,-9190.922512499996,49.49698189134809,0.0126422704538304,0.0225766567754697,1.641055442695576,0.8928571428571429,-0.1555267366438611,-1
2022-07-29,NSE:WOCKPHARMA-EQ,1,2022-07-25,217.6,371,854.7366785714291,73.20388349514562,0.0144888983787999,0.0280659138655462,0.3564375454280086,0.0793650793650793,-0.4025060828121702,-1
2022-08-02,NSE:WOCKPHARMA-EQ,2,2022-07-29,221.05,367,891.8826642857166,64.76868327402136,0.0115250675128383,0.0288880990079813,1.0018079317948394,0.626984126984127,-0.3885656732810149,-1
2019-06-24,NSE:ZYDUSLIFE-EQ,1,2019-06-06,245.7,106,-1729.0466357142855,41.48936170212766,0.0257341002305944,0.0436362579219722,0.5976120586485911,0.8611111111111112,-0.1854847715794312,-1
