date,symbol,trade_id,entry_date,entry_price,shares,total_trade_pnl,RSI_14,VOL_20,NORM_ATR,volume_ratio,volume_percentile,ema_50_200_diff,ema_flag,NORM_BB,BB_Squeeze
2020-07-21,NSE:AARTIDRUGS-EQ,1,2020-07-17,372.21,219,1137.4787485714312,84.48471121177805,0.0304146637929675,0.0358764445570281,1.3574749591604276,0.876984126984127,0.2198293664689755,1,1.005477541661016,1.0
2020-11-20,NSE:ABREL-EQ,1,2020-11-14,312.25,173,5623.561224999994,56.94682675814756,0.0108173742857391,0.0237790232185748,0.4250780913047456,0.0039682539682539,-0.1840841851411435,-1,0.522615430818544,1.0
2019-07-30,NSE:ACE-EQ,1,2019-07-24,76.65,594,782.861078571427,9.907834101382504,0.0184005009654933,0.0434255894138477,0.6943482610557101,0.0753968253968253,-0.1134399923769284,-1,0.1002114954360706,0.0
2023-03-20,NSE:ADANIENSOL-EQ,1,2023-03-15,928.35,107,11752.313046428579,63.21086110319947,0.0499303788775496,0.0486462156360362,1.996580540525147,0.98015873015873,-0.9110671150204326,-1,0.7405330139749704,1.0
2022-08-19,NSE:ALEMBICLTD-EQ,1,2022-08-16,72.8,916,5529.766742857144,57.35294117647058,0.0099201559943966,0.0245290423861852,1.908696442743378,0.6507936507936508,-0.1652217015972001,-1,0.9905350660420068,1.0
2020-02-27,NSE:ALKYLAMINE-EQ,1,2020-02-18,618.94,24,2026.6667314285717,80.91517857142858,0.0193503251997596,0.0405578200517936,0.5414811618703785,0.8650793650793651,0.1811041855758139,1,0.796385405281653,0.0
2021-02-12,NSE:ALLCARGO-EQ,2,2021-02-10,33.13,2416,619.7835200000009,44.24242424242429,0.0089675310614418,0.0214307274373679,1.3660268041893484,0.7142857142857143,0.1086052496476085,1,0.5811054305957755,0.0
2024-07-10,NSE:ALLCARGO-EQ,3,2024-06-26,59.97,2314,14789.274090000003,16.711229946524057,0.022384784299223,0.0440220110055027,0.8911160235257838,0.8492063492063492,-0.0842263828690725,-1,0.0906972869313732,0.0
2025-07-16,NSE:ALLCARGO-EQ,5,2025-07-03,34.13,11038,31499.582760000063,34.061696658097674,0.0241718144884215,0.0347201875183123,0.3525697829516558,0.3888888888888889,-0.2469124818122209,-1,0.2490760126833438,1.0
2021-04-19,NSE:ALOKINDS-EQ,1,2021-04-12,20.75,1540,458.2741428571416,59.77011494252875,0.0215675873868209,0.0368330464716006,1.4043249773080893,0.7777777777777778,-0.0662350992509148,-1,0.4744595678663368,1.0
2021-10-14,NSE:ALOKINDS-EQ,2,2021-09-27,23.95,943,3584.519135714285,47.18309859154928,0.0336996670094034,0.0463763793617655,1.3051596200363402,0.75,0.0120222617350991,1,0.6580496040446098,0.0
2022-10-25,NSE:ALOKINDS-EQ,6,2022-10-19,15.05,8000,16391.22504999999,9.589041095890437,0.0165984472951812,0.0398671096345514,2.464216543870498,0.4761904761904761,-0.183168593671941,-1,-0.102978587568798,0.0
2022-11-30,NSE:ALOKINDS-EQ,7,2022-11-25,15.05,6695,7699.144099999987,12.500000000000057,0.0150074672422987,0.0317987660180351,1.8625039415366589,0.4563492063492063,-0.2276806209585749,-1,0.1739297488615395,1.0
2022-12-02,NSE:ALOKINDS-EQ,8,2022-11-30,15.9,9351,2017.8467571428635,47.72727272727274,0.018275876732014,0.0350404312668463,1.3583250347938396,0.4206349206349206,-0.2139643648088711,-1,0.6080518688904688,0.0
2022-12-15,NSE:ALOKINDS-EQ,9,2022-12-13,16.35,13376,2592.110399999995,73.33333333333334,0.0190175882203302,0.0310179117518566,1.1834490066320156,0.4325396825396825,-0.1991744332539263,-1,0.862502468895633,0.0
2023-02-02,NSE:ALOKINDS-EQ,10,2023-01-27,13.1,17739,3709.8560607142813,17.14285714285714,0.0189157527577101,0.0406215921483097,1.3473361096577885,0.5079365079365079,-0.2364208873965589,-1,-0.0369553551802852,0.0
2023-12-12,NSE:ALOKINDS-EQ,12,2023-11-30,19.65,1494,6907.644760714287,58.65384615384614,0.0311486646818919,0.0434387495456197,0.4720735816492257,0.6547619047619048,0.0896288021870555,1,0.5117100261022915,0.0
2025-02-25,NSE:ALOKINDS-EQ,15,2025-02-18,16.14,3185,877.2114000000005,24.162679425837297,0.0189666167843483,0.0431934855726677,0.9973775422710094,0.2738095238095238,-0.1955013700798883,-1,-0.0184064311018672,0.0
2023-11-21,NSE:ANANDRATHI-EQ,1,2023-11-01,1012.18,246,49646.355965000024,61.17898002714757,0.0247921338523895,0.0451324298614306,1.813110545255582,0.9246031746031746,0.2292396483567205,1,1.1617860381193978,1.0
2025-05-07,NSE:APARINDS-EQ,1,2025-04-16,4995.5,75,67102.96757142853,14.667567899717326,0.0317898561719091,0.0523049315812802,0.4018509983258839,0.3134920634920635,-0.2977163039658786,-1,0.2162033822633159,0.0
2019-03-05,NSE:APOLLOHOSP-EQ,1,2019-02-13,1149.8,33,1349.9673000000046,29.287598944591025,0.0296183498852195,0.0466820316576796,0.9406173735420424,0.873015873015873,0.0724507830617639,1,0.0196582322417197,0.0
2025-07-16,NSE:ARE&M-EQ,1,2025-07-11,978.05,88,480.7682357142876,52.54612546125456,0.00682713880044,0.0162677923272984,1.1369671253746148,0.6587301587301587,-0.0819218802563676,-1,0.5865886339249279,1.0
2019-07-08,NSE:ARVIND-EQ,1,2019-07-01,65.3,659,1125.8988000000008,33.16326530612244,0.0416641843026202,0.0643185298621746,0.6899815719989884,0.4761904761904761,-1.1510964926136982,-1,0.3249625113307486,0.0
2019-12-17,NSE:ARVIND-EQ,3,2019-12-11,35.05,468,2790.649671428572,1.10294117647058,0.0189244359885811,0.0497248828204605,1.0947301222936492,0.3373015873015873,-1.0573193070219626,-1,0.0623088017029652,0.0
2020-10-08,NSE:ARVINDFASN-EQ,1,2020-09-30,123.15,146,2165.7751928571442,36.81948424068771,0.0269983161257995,0.049591091004002,1.1216326050456116,0.8492063492063492,-0.7089519170720053,-1,0.1872331552513755,0.0
2020-10-27,NSE:ARVINDFASN-EQ,2,2020-10-19,126.8,545,1187.7706785714265,49.39759036144577,0.0231730931449049,0.0434035601622352,0.4175087482350052,0.5317460317460317,-0.6323695349340054,-1,0.467438275311644,1.0
2020-11-20,NSE:ARVINDFASN-EQ,3,2020-10-29,123.65,293,6254.30363571429,36.11738148984199,0.0197248821134904,0.0391658483045462,0.3708819063508166,0.4761904761904761,-0.6119927356663245,-1,0.2009825149656304,1.0
2021-07-19,NSE:ARVINDFASN-EQ,4,2021-07-02,137.15,478,19112.413349999973,36.39455782312929,0.0094190928835633,0.0280714546117389,0.6692287070543663,0.5595238095238095,-0.1166276049638654,-1,0.3444783821102566,1.0
2024-06-04,NSE:ASIANPAINT-EQ,1,2024-05-30,2883.7,97,1894.717850000005,65.20622041920214,0.017868671362341,0.018972401527799,0.982755007986192,0.7976190476190477,-0.044687590542552,-1,0.6090204539687294,0.0
2024-07-05,NSE:ASIANPAINT-EQ,2,2024-07-02,2925.6,122,1584.26447142856,55.463771536464456,0.0115326547071906,0.0137737313957576,0.8120523076150691,0.6626984126984127,-0.0320956902905749,-1,0.6850914635163106,1.0
2025-06-13,NSE:ASIANPAINT-EQ,3,2025-06-11,2208.8,150,1407.948571428564,23.598130841121574,0.0090996952783302,0.013316862420448,1.199502303948149,0.7222222222222222,-0.0811637954103067,-1,0.0467299012292071,0.0
2023-03-28,NSE:ATGL-EQ,2,2023-03-16,888.4,106,13471.417892857145,58.98694323548476,0.0486701731776447,0.058540232842349,1.2084748915533414,0.9722222222222222,-0.9529656502508658,-1,0.5833035357844316,1.0
2023-05-05,NSE:BAJAJHIND-EQ,2,2023-04-17,13.95,1229,2109.738278571429,67.05882352941177,0.0298348968901192,0.0506912442396313,1.2615341564314753,0.6746031746031746,0.0014986920596328,1,0.8727404361171766,0.0
2023-07-18,NSE:BAJAJHIND-EQ,3,2023-07-14,17.0,5283,1454.9161999999985,61.90476190476189,0.0257111969407742,0.0411764705882352,0.707308062811357,0.7579365079365079,0.0797555868437699,1,0.7243901740495386,1.0
2022-05-19,NSE:BANKINDIA-EQ,2,2022-05-12,41.0,2579,12648.628996428568,6.280193236714979,0.0167557022214919,0.0351045296167247,1.9089828422465096,0.4880952380952381,-0.1461232755856405,-1,-0.1541645533906713,0.0
2024-05-31,NSE:BATAINDIA-EQ,1,2024-05-29,1373.95,169,8404.532285714278,76.10803324099733,0.0093597054442951,0.0155469371416094,2.103562253263808,0.9246031746031746,-0.0831252770531518,-1,0.8773713895499969,0.0
2019-01-28,NSE:BBL-EQ,2,2019-01-24,532.3,40,1564.0642207142896,20.52192922530388,0.0108955103182121,0.0217506239768122,2.6863044243633376,0.5158730158730159,-0.0718073218018072,-1,-0.1583071493610148,0.0
2020-10-09,NSE:BORORENEW-EQ,1,2020-09-29,72.85,957,8162.107682142853,51.785714285714285,0.0293470696898013,0.048289047945877,1.1916712071006073,0.4768211920529801,-0.379640103019677,-1,0.3632652834792603,0.0
2023-01-12,NSE:BPCL-EQ,1,2023-01-05,171.18,296,2571.832311428572,50.77239958805359,0.0127486162577457,0.0213726570193447,1.1100745041920563,0.5079365079365079,-0.0237661008126401,-1,0.6793888294794863,0.0
2019-11-21,NSE:BSOFT-EQ,2,2019-11-14,67.3,307,2365.2180749999998,43.06784660766959,0.0226435066096468,0.0471768202080238,0.8871502833267717,0.0674603174603174,-0.4623942159365413,-1,0.5701744701095718,1.0
2020-08-06,NSE:CANBK-EQ,2,2020-08-03,20.36,1738,339.6483842857141,53.750000000000014,0.0172020930684092,0.0257507718214987,0.8087501271704614,0.6507936507936508,-0.3745395726642309,-1,0.4222647282639544,0.0
2020-08-31,NSE:CANBK-EQ,3,2020-08-25,21.34,2990,6072.555767142859,60.79027355623104,0.0156614236343886,0.0280492703173115,2.086431138401762,0.9246031746031746,-0.2997688838443159,-1,1.069248832899813,0.0
2022-06-06,NSE:CANBK-EQ,5,2022-05-27,39.61,1078,4642.680585714279,47.52994011976047,0.0319701648167464,0.0449020810040754,0.8269999754696855,0.4126984126984127,0.046546883587649,1,0.417410928818635,0.0
2019-01-14,NSE:CAPLIPOINT-EQ,1,2019-01-02,382.75,64,2025.6114821428564,27.731092436974848,0.0107327888073316,0.0190445087244564,0.8458688247864526,0.1507936507936507,-0.1480419912293932,-1,0.2610697313297783,1.0
2020-11-26,NSE:CENTRALBK-EQ,1,2020-11-20,11.65,1922,2167.1427035714296,65.11627906976747,0.0145442237489427,0.0285101164929491,1.8806720590393824,0.9444444444444444,-0.2610584000082394,-1,0.7112426264504617,1.0
2022-03-07,NSE:CENTRALBK-EQ,2,2022-02-24,17.65,1310,349.9401214285713,13.888888888888872,0.0227287953289958,0.0386483205180088,1.2202195138111618,0.4365079365079365,0.0048825059476145,1,-0.1696479632871636,0.0
2025-08-21,NSE:CENTRALBK-EQ,5,2025-08-05,35.73,8842,13969.403370000036,9.06432748538016,0.0072224781378905,0.0187517492303387,0.5246373646734706,0.2301587301587301,-0.1654389449206799,-1,0.0775547430097612,0.0
2021-01-18,NSE:CESC-EQ,1,2021-01-04,62.51,1237,9317.208862857155,48.8970588235294,0.0166566689884175,0.0274470370455012,1.1809101781844795,0.5873015873015873,-0.0202667214904366,-1,0.7251046320692744,1.0
2022-07-01,NSE:CESC-EQ,3,2022-06-20,68.4,1468,7477.561992857134,21.25748502994017,0.0181008479294317,0.0310150375939849,1.0099343726928256,0.1071428571428571,-0.0271888268489705,-1,-0.2607562548635049,0.0
2023-06-23,NSE:CESC-EQ,4,2023-06-14,71.7,4630,1507.7921999999999,68.62745098039224,0.0105415541308114,0.0139470013947001,0.8109091012715746,0.7142857142857143,-0.0400695799964056,-1,0.7809507411073139,0.0
2023-06-30,NSE:CESC-EQ,5,2023-06-27,72.05,1767,678.0843071428574,56.17977528089892,0.0070337434538117,0.0157628630911073,0.622121121700604,0.369047619047619,-0.030174539816853,-1,0.6224830762921367,0.0
2020-12-24,NSE:CGCL-EQ,1,2020-12-22,69.97,890,5057.729494999989,60.34912718204493,0.0128857445335188,0.0186508503644418,0.8712587811814947,0.3571428571428571,0.1684691080545602,1,0.8006995080073502,1.0
2021-01-04,NSE:CGCL-EQ,2,2020-12-24,72.36,981,4077.298890000005,75.86750788643545,0.0119968833760831,0.0241155334438916,0.7116310185577871,0.3015873015873015,0.1666075698665844,1,1.1173931096566474,1.0
2019-04-30,NSE:CGPOWER-EQ,1,2019-04-25,39.25,1066,812.5454821428566,46.896551724137936,0.0327713245299177,0.048680618744313,2.098852751839636,0.9087301587301588,-0.1819428520334509,-1,0.5024559070390265,0.0
2020-07-09,NSE:CGPOWER-EQ,2,2020-07-01,8.95,3520,6805.246392857143,90.9090909090909,0.0282827969919462,0.0399042298483639,0.083951021467274,0.0634920634920634,-0.52144661473361,-1,1.1258457166728617,0.0
2024-01-17,NSE:CHOICEIN-EQ,1,2023-12-20,219.9,790,43643.75023714276,57.19518576661436,0.007620472442666,0.0242123042941596,1.052587271268934,0.6309523809523809,0.1306988498201924,1,0.3957198001306609,1.0
2024-08-07,NSE:CIGNITITEC-EQ,1,2024-07-26,1364.6,255,1181.3736892857073,47.72151898734166,0.0058486271563346,0.0112932099411653,1.3603943606976394,0.9404761904761904,0.1189170907294557,1,0.569903351673737,0.0
2021-05-14,NSE:COALINDIA-EQ,1,2021-05-03,132.2,370,7561.869649999984,56.026785714285694,0.0167758988861784,0.0242327642100713,1.1464253783795506,0.369047619047619,-0.0314663112950265,-1,0.8427159949053236,1.0
2021-01-06,NSE:DABUR-EQ,1,2020-12-21,503.6,48,1938.4293892857172,46.01328903654488,0.008099625958618,0.0185450470895268,1.2229879274290731,0.8809523809523809,0.0355914001145286,1,0.3479911642297491,0.0
2022-11-09,NSE:DBL-EQ,1,2022-11-04,222.55,559,1075.047632142856,61.33333333333336,0.0094024986857262,0.0235741566903103,0.9189862379888192,0.123015873015873,-0.2266419473925548,-1,0.8080707371830352,1.0
2022-11-16,NSE:DBL-EQ,2,2022-11-09,221.55,394,7084.325164285718,53.47091932457791,0.0100250490882046,0.0239868459232034,0.6426438651732082,0.0396825396825396,-0.2233309052615923,-1,0.7226250249465791,1.0
2021-09-03,NSE:DCBBANK-EQ,1,2021-08-20,85.75,160,1669.938764285715,8.602150537634415,0.0167740861365517,0.0357767596834652,0.788221533727243,0.1666666666666666,-0.0440627345604189,-1,0.0769474724257802,0.0
2023-01-05,NSE:DHANI-EQ,2,2022-12-23,34.65,2214,16452.83346428572,11.3149847094801,0.0296246707783416,0.0624613481756339,1.0092363519623204,0.5634920634920635,-0.5494727050485033,-1,-0.1296705061090566,0.0
2020-07-01,NSE:DISHTV-EQ,1,2020-06-09,5.8,7835,17174.44495714284,82.92682926829269,0.0317682849190959,0.0363300492610837,0.2126413887843113,0.0238095238095238,-1.2990896776538388,-1,1.1587345370975946,0.0
2022-08-29,NSE:DISHTV-EQ,2,2022-08-08,11.45,6539,11260.79184285715,53.12499999999999,0.0213041209779525,0.0439800374298191,1.2819900428615827,0.6825396825396826,-0.176351316111224,-1,0.4742288943319926,1.0
2022-09-13,NSE:DISHTV-EQ,3,2022-08-29,12.05,11549,61626.83367500002,70.00000000000006,0.0218113704008178,0.0388263189093064,0.6500056681796095,0.503968253968254,-0.1581356901714018,-1,0.7926787030890794,0.0
2023-11-30,NSE:DISHTV-EQ,4,2023-11-21,19.0,2185,719.6201392857128,72.44897959183669,0.0264995925149402,0.0437969924812029,0.9045597512797248,0.7936507936507936,0.04705380462745,1,0.8495576275575897,0.0
2024-02-21,NSE:DISHTV-EQ,6,2024-02-13,19.5,7370,40370.42464285712,54.86111111111112,0.039624054103503,0.0633699633699633,0.8554206335254166,0.8214285714285714,0.0811402438077527,1,0.3077613093617571,1.0
2024-05-16,NSE:DISHTV-EQ,8,2024-05-09,15.7,15349,23173.27445,22.97297297297294,0.0190533621791095,0.0398089171974521,1.7143950813551443,0.6468253968253969,-0.0195066796913567,-1,-0.2015597141140091,0.0
2024-11-21,NSE:DISHTV-EQ,9,2024-11-18,10.67,48877,7924.745935714292,21.385542168674704,0.0219369350266596,0.038827152229214,1.6842995416508977,0.2896825396825397,-0.2009754977077389,-1,-0.230438050572392,0.0
2025-01-06,NSE:DISHTV-EQ,10,2024-12-30,10.11,53955,8576.586090000028,21.090909090909136,0.0242282027916199,0.0400593471810089,1.0237067512263929,0.365079365079365,-0.260004318293403,-1,0.0662510211565461,0.0
2025-01-22,NSE:DISHTV-EQ,11,2025-01-13,8.27,52483,57098.907677857234,13.931888544891663,0.0271824272868513,0.0541544308170668,1.689379868462369,0.5555555555555556,-0.3439346448534818,-1,-0.2014240757594391,0.0
2024-02-28,NSE:EASEMYTRIP-EQ,3,2024-02-12,24.45,12835,7143.324132857145,58.17245817245816,0.0276696234691316,0.0565001460706982,1.973178936314808,0.9603174603174603,0.0348040424869426,1,0.5884376703588612,1.0
2024-07-24,NSE:EASEMYTRIP-EQ,7,2024-07-19,20.04,10191,16776.634585714288,37.03703703703696,0.0082778992400359,0.0188551468491588,1.1824889100380147,0.1507936507936507,-0.031978327033763,-1,-0.0161785109623049,0.0
2025-01-07,NSE:EASEMYTRIP-EQ,8,2025-01-03,15.51,13134,38875.26411000005,39.92322456813822,0.0242698021758619,0.0431979368149581,0.8026458772330806,0.5158730158730159,-0.1420862591371133,-1,0.0243331561501548,0.0
2019-05-14,NSE:EDELWEISS-EQ,1,2019-05-08,146.5,194,3462.533357142859,22.499999999999982,0.0288084511643196,0.0502194051682106,2.4031191166485875,0.8373015873015873,-0.1664311476568772,-1,0.2216098483086887,0.0
2019-09-11,NSE:EICHERMOT-EQ,1,2019-08-22,1552.33,12,3056.2621528571435,42.46753009517197,0.0294737919565246,0.0468760784479736,0.8564782086946303,0.8174603174603174,-0.1844003940635683,-1,-0.0425825184651953,1.0
2025-01-03,NSE:ELECTCAST-EQ,3,2024-12-20,141.71,650,1723.6760800000018,39.47935016637306,0.0289618790099179,0.0471385223343447,1.1687183196457134,0.5238095238095238,-0.0353379416515701,-1,0.0580430845870944,0.0
2020-05-26,NSE:ELGIEQUIP-EQ,1,2020-05-14,64.78,793,624.1203314285722,57.3903002309469,0.0156419265118282,0.0317007012746438,0.1496658721931124,0.3055555555555556,-0.4784939685808049,-1,0.6176830370268451,1.0
2020-06-09,NSE:ELGIEQUIP-EQ,2,2020-05-26,64.95,401,6368.585614285709,54.34782608695652,0.0160589895768027,0.0291432970416804,0.108564380604877,0.1428571428571428,-0.4689369891157408,-1,0.5568650321887644,1.0
2019-09-19,NSE:EMAMILTD-EQ,1,2019-09-17,313.3,140,537.1681428571435,69.00473933649292,0.0188462385030116,0.0319410879576854,1.199437949922809,0.8214285714285714,-0.1853118238101875,-1,1.0700959337232774,0.0
2025-06-13,NSE:EMIL-EQ,1,2025-05-27,119.93,2942,49921.584372142795,28.0165552371856,0.0217879285339911,0.0414110612142797,1.5142144037975094,0.873015873015873,-0.2141008945069413,-1,-0.0081291741981685,1.0
2022-01-10,NSE:ESCORTS-EQ,1,2021-12-20,1813.6,71,6468.7598285714375,38.083090379008695,0.0091592505053723,0.014985978952675,0.8305171080520678,0.3968253968253968,0.1463044997810383,1,0.1740140841347013,1.0
2021-03-25,NSE:FCL-EQ,1,2021-03-19,58.85,510,647.8212214285717,9.960159362549788,0.0172365660436671,0.0536472872921471,2.0967975533428715,0.8134920634920635,0.2684978157529635,1,0.024496520811415,0.0
2021-04-05,NSE:FCL-EQ,2,2021-03-25,58.75,396,4215.614553571428,22.72727272727276,0.0202181957048957,0.0528267477203647,1.479608045830819,0.7023809523809523,0.2525134884107123,1,0.1413965586230833,0.0
2019-01-28,NSE:FINCABLES-EQ,3,2019-01-24,423.45,80,205.86516428571346,7.7380952380951555,0.0075438632368731,0.0176694836631074,0.6607118891755268,0.3015873015873015,-0.1713665123585696,-1,-0.1327635675700997,0.0
2019-02-12,NSE:GABRIEL-EQ,1,2019-01-30,145.2,147,1508.564892857146,49.75369458128073,0.0052851198741627,0.0209809130263676,0.670450531464766,0.1547619047619047,-0.0130452563086383,-1,0.4580185325237119,1.0
2019-05-29,NSE:GANESHHOU-EQ,1,2019-05-21,56.6,633,4156.830978571425,44.26229508196722,0.0293734781536465,0.0478924785461887,1.288445455896451,0.4801587301587302,-0.223772700960109,-1,0.4885922786691288,0.0
2020-12-02,NSE:GICRE-EQ,1,2020-11-20,125.75,523,8882.160103571434,72.43243243243246,0.0103176796602405,0.0212155637602953,0.9915832973058164,0.4166666666666667,-0.1918539626887847,-1,0.7781055043174527,0.0
2020-07-03,NSE:GILLETTE-EQ,1,2020-06-12,4950.1,9,3683.6523285714243,61.03381642512085,0.0100299931688136,0.0238725335996098,1.2615505755023584,0.8174603174603174,-0.1703636373353289,-1,0.6926570753240131,1.0
2020-08-19,NSE:GILLETTE-EQ,2,2020-08-17,5074.65,15,373.7444142857137,50.75140889167177,0.0051342277803733,0.015790673811424,2.211230697880565,0.9761904761904762,-0.1109081193086554,-1,0.8307536776629268,0.0
2020-08-25,NSE:GILLETTE-EQ,3,2020-08-19,5087.9,10,3468.41111428572,61.33676092544995,0.0051672211012903,0.0159636448380331,1.5696231676430707,0.9603174603174603,-0.1078696154030159,-1,0.858872767159285,0.0
2023-03-10,NSE:GMRAIRPORT-EQ,2,2023-03-06,38.9,4520,1283.0512214285748,56.75675675675676,0.0121902420084015,0.0203819316929856,0.5649750861355496,0.0595238095238095,0.0182109817783404,1,0.6655185600537563,1.0
2023-03-16,NSE:GMRAIRPORT-EQ,3,2023-03-10,39.45,3132,8121.064907142866,48.64864864864866,0.0122574923365686,0.0195545898967952,1.42191226161454,0.5119047619047619,0.018421737655456,1,0.8028844439183688,0.0
2024-09-27,NSE:GMRP&UI-EQ,2,2024-09-16,142.32,2802,71493.62302285714,61.32075471698112,0.0323534792985615,0.052316710832731,0.8185989935105966,0.6746031746031746,0.261199690898356,1,0.724999808383841,1.0
2021-03-24,NSE:GODFRYPHLP-EQ,2,2021-03-17,293.18,341,6242.545097142842,24.41661923733608,0.0059170243169022,0.0144426144835449,1.3706172011461732,0.5198412698412699,-0.0327114731861839,-1,-0.14247136820223,0.0
2021-04-05,NSE:GODFRYPHLP-EQ,4,2021-03-26,295.78,305,5104.0540128571465,40.02196997436821,0.008189915201682,0.0237362711667938,4.617706866216025,0.9761904761904762,-0.0365129370038159,-1,0.2691855278400831,0.0
2021-05-10,NSE:GODFRYPHLP-EQ,6,2021-04-19,281.2,483,4229.618925000017,38.576853887667376,0.0137961115195449,0.0271159317211948,0.7287385242226507,0.373015873015873,-0.0406376386744299,-1,-0.1422865902620926,0.0
2024-10-07,NSE:GRANULES-EQ,1,2024-09-27,556.1,1013,11881.774149999983,27.21662209421929,0.0425267810133098,0.0526177203483443,1.5203644356979769,0.984126984126984,0.1729667113795197,1,0.3183205616669762,0.0
2019-06-03,NSE:GRAVITA-EQ,1,2019-05-29,69.25,502,761.9282142857135,57.035175879396974,0.0348589893505502,0.054564208354822,1.8062236211256832,0.7619047619047619,-0.1974653858409839,-1,0.498338769046428,1.0
2019-08-29,NSE:GRAVITA-EQ,2,2019-08-27,40.85,715,3775.4359749999967,66.66666666666666,0.0301173257958496,0.0532435740514075,0.7991677746651791,0.3373015873015873,-0.5690270866881763,-1,1.299509366323409,1.0
2019-11-08,NSE:GRAVITA-EQ,4,2019-11-04,42.05,1366,1074.2672714285711,50.59288537549406,0.0258510572376395,0.0470528282656701,2.157495907767312,0.8174603174603174,-0.414935398997007,-1,0.7555068612554842,1.0
2019-11-13,NSE:GRAVITA-EQ,5,2019-11-08,42.5,498,2441.0757999999983,55.03875968992247,0.0303786351606346,0.0476470588235294,2.449337362465506,0.8928571428571429,-0.3972780693051061,-1,0.78566218005221,1.0
2021-12-16,NSE:HCC-EQ,1,2021-12-01,10.75,9154,63056.073321428514,64.17910447761193,0.0295954940513235,0.0614617940199335,0.9239682513468708,0.7023809523809523,0.0310662507079878,1,0.8951972803317182,0.0
2024-10-10,NSE:HCC-EQ,2,2024-10-07,37.56,7095,32032.103528571482,28.545564272782173,0.0272900235542823,0.0495588011562452,1.6306273612274151,0.4761904761904761,0.1122012995651302,1,-0.2301423751988579,0.0
2020-01-06,NSE:HCG-EQ,1,2019-12-17,100.75,174,2078.5343392857158,36.87150837988828,0.0267390890361096,0.0487415809996455,2.9817746314725744,0.988095238095238,-0.3482736463028113,-1,0.45364042761836,0.0
2025-09-17,NSE:HDFCBANK-EQ,2,2025-08-28,957.8,55,716.2696428571456,33.13981615868404,0.0077317033015891,0.0136697192971989,1.6177434443858536,0.6547619047619048,0.0582350545995758,1,-0.1878114734307847,0.0
2019-04-02,NSE:HEG-EQ,1,2019-03-25,402.09,43,1686.7386621428561,43.003269891842045,0.0253288351623556,0.0400674333749018,0.5501524674619671,0.2777777777777778,-0.3054924343986236,-1,0.0579594478616802,1.0
2022-08-04,NSE:HEMIPROP-EQ,1,2022-07-29,105.55,662,518.245271428572,50.99009900990101,0.0072937116623692,0.0206401840698382,1.5403255546648371,0.5396825396825397,-0.1016159963354291,-1,0.7671305553630773,1.0
2019-11-27,NSE:HSCL-EQ,2,2019-11-21,65.1,333,3543.997285714284,23.857868020304565,0.0258357267558597,0.0477287689269256,2.7915179306642486,0.9642857142857144,-0.2886887520765034,-1,0.2316926621196821,0.0
2022-07-11,NSE:HSCL-EQ,3,2022-07-06,73.35,895,9551.451535714288,82.11764705882351,0.0454519370293283,0.0425552634141591,6.651549041110783,0.9722222222222222,0.0604102849721496,1,1.1775237570539347,0.0
2022-03-29,NSE:HUDCO-EQ,1,2022-03-14,34.25,1005,456.7355749999988,49.72677595628417,0.0269971095570391,0.0343065693430657,0.7563595842804117,0.2063492063492063,-0.1091583064156768,-1,0.4544680837312865,1.0
2022-05-25,NSE:HUDCO-EQ,2,2022-05-12,31.4,431,1426.6501250000022,0.0,0.0125247922881493,0.0310509554140127,1.2812818025511543,0.5476190476190477,-0.1193056973348368,-1,-0.0986529043347383,0.0
2023-03-06,NSE:ICIL-EQ,1,2023-02-22,131.65,983,1317.2312571428622,45.80419580419584,0.0138748927807248,0.0271282079105854,0.7394554089629499,0.1031746031746031,-0.0965502452959957,-1,0.6943317866211017,0.0
2024-07-16,NSE:IDBI-EQ,1,2024-07-12,86.01,3537,21464.11810714288,52.20588235294117,0.0079607912419077,0.0209444084574883,1.3256544240623982,0.3809523809523809,0.0807898943081007,1,0.687746252904399,1.0
2021-09-17,NSE:IDFCFIRSTB-EQ,1,2021-09-03,45.65,316,1644.194721428572,50.59288537549407,0.0271392163508474,0.0334845877014551,0.9580629211232676,0.4603174603174603,-0.0085136770239621,-1,0.6464270516209487,0.0
2023-08-30,NSE:IDFCFIRSTB-EQ,2,2023-08-10,87.55,1213,9458.771464285726,65.77181208053688,0.0145921720970634,0.0255364281634984,0.8129147686861339,0.4365079365079365,0.1626950933376745,1,0.7536881033643046,0.0
2023-05-05,NSE:IFCI-EQ,2,2023-04-20,10.45,16819,38041.54364285717,71.42857142857139,0.0230019420449748,0.0399863294600137,0.6712519347228006,0.246031746031746,-0.064813631841223,-1,0.7263114944941333,1.0
2023-06-08,NSE:IFCI-EQ,3,2023-06-05,11.4,12773,11068.748196428573,39.285714285714334,0.0151099086327523,0.031641604010025,0.6543420565441418,0.3015873015873015,-0.0220391390557203,-1,0.4503861200634151,1.0
2023-06-14,NSE:IFCI-EQ,4,2023-06-09,11.95,8835,1389.475249999998,60.0,0.0228093647549396,0.0340705319784817,0.8736926554720169,0.5555555555555556,-0.0155103016447724,-1,0.9156269759808134,1.0
2023-06-21,NSE:IFCI-EQ,5,2023-06-14,12.0,1919,2016.2164285714268,56.92307692307692,0.0250351853901063,0.0363095238095238,0.8159712641111498,0.5595238095238095,-0.009517869438671,-1,0.7914983529188377,0.0
2023-08-02,NSE:IFCI-EQ,7,2023-07-13,12.35,15963,30421.947492857133,56.06060606060607,0.0273531034882505,0.0451127819548872,0.991037935981587,0.7222222222222222,0.0166803426192052,1,0.5888017014904867,0.0
2023-08-09,NSE:IFCI-EQ,8,2023-08-02,13.25,11099,19758.953257142857,63.63636363636363,0.0273082408731749,0.0393530997304582,2.6537172913074283,0.9722222222222222,0.0390286016686694,1,0.7389984375799673,0.0
2023-09-12,NSE:IFCI-EQ,9,2023-08-25,14.65,14944,51262.93247499995,58.06451612903226,0.028234067353236,0.0529010238907849,1.117822035157477,0.876984126984127,0.0721897491448309,1,0.7811355174386582,0.0
2024-04-05,NSE:IFCI-EQ,10,2024-03-27,40.4,3652,29805.26230000001,36.89320388349514,0.0337202624018354,0.0588755304101838,1.3794353312568222,0.496031746031746,0.2927175292815165,1,0.4391367231188546,1.0
2019-04-08,NSE:IMAGICAA-EQ,1,2019-04-02,8.8,2747,5528.10394285714,42.42424242424243,0.0458898563541409,0.0665584415584415,1.0844190173040753,0.9087301587301588,-1.2165774834469172,-1,0.2914175292365727,0.0
2022-07-07,NSE:IMAGICAA-EQ,4,2022-07-01,21.0,5039,13678.527192857146,87.63440860215053,0.0407441819286972,0.0532312925170067,0.3197252178381687,0.2023809523809523,0.1071738476262063,1,1.0915687907750484,0.0
2025-06-11,NSE:INDUSINDBK-EQ,2,2025-05-22,785.0,49,4658.601014285714,24.300831443688523,0.015880338856436,0.0394222020018198,3.3498513449071865,0.984126984126984,-0.2590081380667579,-1,0.2869133404619672,1.0
2022-01-12,NSE:INFIBEAM-EQ,1,2022-01-10,18.57,3584,4107.931020000004,64.93506493506497,0.0198971188918198,0.0258481421647819,2.8265628061471264,0.8253968253968254,-0.0390631565232786,-1,1.0143789104334895,1.0
2022-01-19,NSE:INFIBEAM-EQ,2,2022-01-12,18.31,3730,9056.72635857144,57.52508361204012,0.0179847784395874,0.0301552625419364,1.3596855962014436,0.6071428571428571,-0.0387043252410065,-1,0.781054389990117,1.0
2022-01-31,NSE:INFIBEAM-EQ,3,2022-01-24,18.28,7429,21094.695390000008,54.24954792043402,0.0268357987789656,0.0454048140043763,0.7535186139757473,0.5476190476190477,-0.0312357579816867,-1,0.4547212586887316,0.0
2022-03-14,NSE:INFIBEAM-EQ,5,2022-03-07,17.57,1283,3595.5422685714307,42.99242424242426,0.0317980972611228,0.0361818033986502,1.5869691771223928,0.5277777777777778,-0.0374284508933439,-1,0.3472246769171668,0.0
2022-11-04,NSE:INFIBEAM-EQ,6,2022-10-17,12.7,1092,4723.062571428573,44.5833333333333,0.0198169440916767,0.0404949381327334,0.9287294018132553,0.246031746031746,-0.1216776957703535,-1,0.1897179986701806,1.0
2023-05-12,NSE:INFIBEAM-EQ,7,2023-05-05,12.47,23357,3205.338459999995,50.0,0.0100198729336371,0.029041127276893,0.9621138552234404,0.5634920634920635,-0.0961819652023625,-1,0.6312049050184535,1.0
2023-05-17,NSE:INFIBEAM-EQ,8,2023-05-12,12.47,21400,3054.82766,63.33333333333336,0.0105108997970808,0.0300721732157176,0.6652555252585092,0.4365079365079365,-0.0973915998330853,-1,0.6995264988823902,1.0
2023-05-23,NSE:INFIBEAM-EQ,9,2023-05-17,12.78,21013,3459.358902857134,74.86033519553072,0.0112863860134358,0.0334227587748714,1.0845230974538211,0.6309523809523809,-0.0931238548754791,-1,0.8835673263050094,0.0
2023-05-30,NSE:INFIBEAM-EQ,10,2023-05-23,12.92,20936,3506.1036571428563,59.67741935483871,0.0124449947038119,0.0336134453781512,0.7549867698481563,0.5158730158730159,-0.0885571619785315,-1,0.8332550434706549,0.0
2023-12-11,NSE:INFIBEAM-EQ,13,2023-11-21,19.13,21903,13568.316225000004,71.26213592233003,0.0235680247886265,0.0460383839892465,0.7226848253746592,0.7579365079365079,0.1093850086736003,1,0.7520850798208326,0.0
2023-12-13,NSE:INFIBEAM-EQ,14,2023-12-11,19.4,14802,25366.01534285713,49.48665297741272,0.0303890362827175,0.0366347569955817,1.6900893148982186,0.9007936507936508,0.1130526673015561,1,0.7427922209480662,0.0
2020-04-20,NSE:INGERRAND-EQ,1,2020-03-30,613.65,32,1294.4485285714318,36.92660550458717,0.0084106078896291,0.0197821000803156,0.2685901266856409,0.5198412698412699,0.0070557735745129,1,0.349775189451323,0.0
2020-05-22,NSE:IOB-EQ,1,2020-05-20,7.15,3314,1849.3699250000027,26.086956521739157,0.0170457991704282,0.0324675324675324,1.0579400102374692,0.6031746031746031,-0.2593521681994279,-1,0.1783986640994389,1.0
2020-06-12,NSE:IOB-EQ,2,2020-05-22,7.25,4759,12728.155307142886,41.66666666666666,0.01826072837766,0.0354679802955665,0.9440522759515462,0.503968253968254,-0.2538949708098905,-1,0.3252353141169132,1.0
2024-01-23,NSE:IOB-EQ,3,2024-01-17,43.6,3834,1771.8651250000023,53.33333333333335,0.0245140605430915,0.0280963302752293,0.9592947141380744,0.5992063492063492,0.160727164963616,1,0.5661439698880002,1.0
2025-03-13,NSE:IOB-EQ,4,2025-03-03,41.71,11776,8499.876895000014,19.595645412130622,0.021736778297352,0.0437544953248621,2.331657167051632,0.5833333333333334,-0.1030254906261435,-1,-0.0738720693223167,0.0
2022-11-25,NSE:IOC-EQ,2,2022-11-16,69.3,743,2644.6336714285712,65.55555555555551,0.0072043219178852,0.0119562976705833,0.6203557737195389,0.0079365079365079,-0.0569820335776613,-1,0.691435638802918,0.0
2024-07-12,NSE:IOC-EQ,3,2024-07-05,171.28,2328,2172.7903642857095,52.43128964059193,0.0089965999751947,0.0160597517848802,1.2543037931312997,0.6349206349206349,0.1178911207630025,1,0.9188216652429184,1.0
2021-06-07,NSE:IRB-EQ,1,2021-05-27,10.76,6921,16206.142697142832,64.28571428571426,0.0138310193779543,0.0339883165161975,1.6306645476811414,0.7023809523809523,0.0001078072158441,1,0.5751944250316432,0.0
2021-07-02,NSE:IRCON-EQ,1,2021-06-29,47.9,2800,1332.5885714285723,49.3827160493827,0.014739323001306,0.0265433939755443,0.8059949019173159,0.5714285714285714,0.0424265277296897,1,0.560202531301551,1.0
2022-07-26,NSE:IRCON-EQ,2,2022-07-19,37.25,417,457.0610000000015,77.77777777777777,0.0073662042927999,0.0127516778523489,0.9570010039142272,0.0317460317460317,-0.0928507594513044,-1,0.7387890448470821,1.0
2021-05-27,NSE:IRFC-EQ,2,2021-05-14,23.05,3267,3933.3559571428545,76.71232876712327,0.0202717817775514,0.0220018593120545,1.025337580721148,0.5571428571428572,-0.0605262714965664,-1,0.9886189536077056,0.0
2021-06-17,NSE:IRFC-EQ,3,2021-06-07,24.7,5527,1030.0529285714274,74.99999999999997,0.0197819905075411,0.020965876229034,2.061845259900866,0.8953488372093024,-0.0343689368723434,-1,1.148874338523913,1.0
2021-06-23,NSE:IRFC-EQ,4,2021-06-17,24.7,3868,857.3130000000024,66.66666666666666,0.0144639851259923,0.0242914979757085,1.1463201265049583,0.7021276595744681,-0.0188626663266527,-1,0.7491402259451155,1.0
2021-06-30,NSE:IRFC-EQ,5,2021-06-23,24.85,2693,4180.977399999994,66.66666666666669,0.0135102175307587,0.0261569416498994,0.5512970052103741,0.2244897959183673,-0.0124170078874752,-1,0.7186458413224265,0.0
2021-08-17,NSE:IRFC-EQ,9,2021-08-10,23.05,643,620.9101678571412,45.833333333333336,0.0087428201646203,0.0178184071893399,0.7004896621902618,0.0305343511450381,-0.0141805722873819,-1,0.2150995524059107,1.0
2021-08-20,NSE:IRFC-EQ,10,2021-08-17,23.35,876,163.45343571428504,55.737704918032826,0.0126963820543258,0.0220250841235851,0.8333962304409482,0.0661764705882353,-0.0134675972506839,-1,0.4816603312300577,1.0
2021-09-09,NSE:IRFC-EQ,11,2021-08-20,23.0,9534,256.9413000000068,50.0,0.0130593924020943,0.0245341614906832,0.945722865949196,0.144927536231884,-0.0143599504776654,-1,0.2178214501918157,0.0
2021-10-19,NSE:IRFC-EQ,13,2021-10-14,23.6,3102,3403.9243642857173,74.07407407407422,0.0121531471810099,0.0196731234866827,0.8257605112946407,0.3920454545454545,-0.0175976149483367,-1,0.7172710379010999,0.0
2021-10-25,NSE:IRFC-EQ,14,2021-10-20,23.55,3488,8954.501978571423,62.16216216216222,0.0147955898816771,0.0248710949347892,0.7542286711501723,0.3966480446927374,-0.0146819789909429,-1,0.6076983118733529,0.0
2021-11-10,NSE:IRFC-EQ,15,2021-10-29,24.2,3970,8198.100457142862,55.08474576271185,0.0238079934631146,0.0354191263282172,0.6110041601622203,0.5698924731182796,-0.0031038370271169,-1,0.5556408408072361,0.0
2022-02-14,NSE:IRFC-EQ,16,2022-01-24,22.85,1084,152.07840357142854,46.29629629629631,0.010667411201312,0.0176617693029071,1.6140270727869703,0.4816326530612245,-0.0124841196116364,-1,0.3081465615549899,0.0
2022-09-26,NSE:ITC-EQ,1,2022-09-16,331.3,50,847.6250999999999,74.33862433862438,0.0095596046041958,0.0153939028071234,1.0603176884802097,0.3174603174603174,0.1195034232809831,1,0.7374006726134328,0.0
2019-02-19,NSE:JAIBALAJI-EQ,3,2019-02-13,2.58,11657,1158.4412228571427,20.51282051282051,0.0366371224371977,0.0933001107419712,2.6186365723810656,0.9365079365079364,0.1395617916658448,1,-0.0072271138411947,0.0
2020-02-07,NSE:JAIBALAJI-EQ,4,2020-02-01,5.65,8651,1081.1480928571436,44.73684210526319,0.0251536732805437,0.0549936788874841,0.3459106028809228,0.2976190476190476,0.0969326101869301,1,0.7546147607525178,1.0
2022-02-21,NSE:JAIBALAJI-EQ,5,2022-02-14,9.8,3585,720.826177857143,61.2244897959184,0.0314136788474609,0.0512390670553935,0.5399813508168079,0.753968253968254,0.0515714368338982,1,0.2664100181362849,1.0
2023-04-17,NSE:JAIBALAJI-EQ,6,2023-04-11,9.75,2484,469.24646785714305,57.556270096463045,0.0267830196261161,0.0485714285714285,0.4735926690799444,0.4841269841269841,0.009770213040176,1,0.7819777004030175,0.0
2023-09-28,NSE:JAIBALAJI-EQ,7,2023-09-20,78.5,3831,38664.10414428568,84.93788819875775,0.0342943013478474,0.0529390354868061,0.504198398101059,0.5912698412698413,0.2859891002494211,1,0.9074077691680243,0.0
2023-10-23,NSE:JAIBALAJI-EQ,8,2023-10-03,91.07,599,20708.494961428576,81.4611154752553,0.0333302342551124,0.0511380570675618,0.9115895281547428,0.7936507936507936,0.3108032258074277,1,0.8825598677204486,0.0
2025-07-09,NSE:JAICORPLTD-EQ,1,2025-06-19,106.69,505,3995.592774285713,42.322004465393206,0.0270952522335799,0.053961410227227,0.6100620482652576,0.2896825396825397,-0.6815969780053387,-1,0.1281475423201981,1.0
2024-02-08,NSE:JAMNAAUTO-EQ,1,2024-01-24,110.4,1605,28608.191250000018,48.73563218390805,0.0181178414725557,0.0299236542443064,0.4437084844394185,0.5634920634920635,0.0070930181083688,1,0.4192703330747822,0.0
2025-02-10,NSE:JIOFIN-EQ,1,2025-01-24,244.45,260,1002.3702000000001,20.695457094784103,0.0248129485656842,0.0399731174940829,2.0028855391538647,0.8531746031746031,-0.067934548910442,-1,-0.0036284682546735,0.0
2019-12-09,NSE:JISLJALEQS-EQ,1,2019-12-04,9.05,6492,1811.8940071428567,7.920792079207928,0.0249610690032677,0.0753749013417521,0.904949881815618,0.3214285714285714,-1.98047089136248,-1,0.124578711168629,0.0
2020-05-20,NSE:JISLJALEQS-EQ,2,2020-04-20,4.9,6745,14545.316964285725,86.36363636363637,0.0396615965992965,0.0422740524781341,0.0781443832780181,0.0198412698412698,-2.321983231437159,-1,1.0587977089425271,0.0
2019-05-06,NSE:JKIL-EQ,1,2019-05-02,129.75,154,436.05422142857185,23.543123543123528,0.0236834699110568,0.0543077346545554,7.8864597579520765,1.0,-0.1808893462060644,-1,0.264408395950352,0.0
2019-05-29,NSE:JKIL-EQ,2,2019-05-06,132.85,107,5262.013857142861,30.414746543778776,0.0247593074826422,0.057610624227109,1.3974704999287877,0.9325396825396826,-0.1772499759032979,-1,0.3644120795061901,0.0
2019-09-24,NSE:JKTYRE-EQ,1,2019-09-04,61.4,548,7782.477214285707,67.10963455149505,0.029951579283496,0.0426942764076314,0.5509399178175687,0.4642857142857143,-0.3103242878449273,-1,1.0737321408187783,1.0
2020-01-22,NSE:JPPOWER-EQ,1,2020-01-06,1.75,15560,6624.4848642857105,83.33333333333334,0.0317215663617319,0.0448979591836734,0.1944816538069758,0.1984126984126984,-0.2018779182629977,-1,1.07322945771163,0.0
2020-08-17,NSE:JPPOWER-EQ,2,2020-08-06,2.6,9577,5254.389371428575,90.0,0.0327909654363865,0.0329670329670329,0.2027724525996838,0.3452380952380952,0.1064780753987588,1,1.083285328300845,0.0
2022-06-03,NSE:JPPOWER-EQ,5,2022-05-30,6.65,12267,11506.654342857133,48.14814814814815,0.0297765332129896,0.0580021482277121,1.6650096184902905,0.4642857142857143,0.1168469176853383,1,0.2766039077001013,0.0
2024-06-27,NSE:JPPOWER-EQ,9,2024-06-12,19.35,23699,9209.067344999989,47.03557312252965,0.0312588580073867,0.0502399409376153,0.8628050055496078,0.365079365079365,0.1621739074864168,1,0.5632600885708369,0.0
2019-05-21,NSE:JSL-EQ,1,2019-05-14,34.55,868,4151.712689285712,36.8421052631579,0.0350640378639519,0.0569567913996278,0.7466089970333182,0.1865079365079365,-0.2628841465077059,-1,0.2066223687095796,0.0
2025-03-25,NSE:JSWHL-EQ,1,2025-03-13,19381.8,16,80023.79931428572,71.58496629966328,0.0345582772478903,0.0578607987169111,1.9648746069483856,0.7579365079365079,0.2123411511981927,1,0.841344308000468,0.0
2025-04-08,NSE:JSWHL-EQ,3,2025-03-28,22985.85,15,54097.92330000001,68.76726813009998,0.0370075048457205,0.0628136440462284,0.8144792978367508,0.8015873015873016,0.214976806057104,1,0.8258602707364906,0.0
2024-07-26,NSE:KTKBANK-EQ,2,2024-07-24,227.77,1521,2654.323370000005,58.54601701469455,0.0101951592397197,0.0212275541116037,1.1681641584905176,0.6309523809523809,0.009003847564457,1,0.9572533543148738,1.0
2020-09-24,NSE:LAURUSLABS-EQ,1,2020-09-22,284.19,116,671.8190314285722,81.0379716700393,0.027756718291091,0.0506502189179271,1.7168682186997712,0.9285714285714286,0.2744271733544267,1,0.8643105518019191,0.0
2020-08-18,NSE:LEMONTREE-EQ,2,2020-07-27,23.55,2299,16554.04859999999,41.00719424460431,0.0248329351666836,0.0476190476190476,0.1902166727880756,0.4801587301587302,-0.557287321837203,-1,0.2771683590570656,1.0
2022-05-30,NSE:LEMONTREE-EQ,3,2022-05-26,59.8,2479,3011.92572142857,42.73318872017353,0.03408159999933,0.0507644529383659,1.036140743112826,0.5714285714285714,0.1358416124848959,1,0.2594641667389779,0.0
2024-09-02,NSE:LEMONTREE-EQ,4,2024-08-12,121.32,938,18654.382311428577,28.06980208555008,0.0296157243161976,0.0502449248740049,2.667340671034169,0.9444444444444444,0.0730874398002895,1,-0.0717476351502359,0.0
2021-10-18,NSE:LLOYDSENGG-EQ,1,2021-10-11,3.66,27168,15220.077762857152,93.7007874015748,0.0293383513826553,0.0347384855581577,0.5962889267665658,0.3373015873015873,0.2008858342241079,1,1.0867489926574694,0.0
2021-11-01,NSE:LLOYDSENGG-EQ,2,2021-10-19,4.17,16050,22949.08286999999,91.5,0.0275816520767061,0.040767386091127,0.3124913842123824,0.2023809523809523,0.2068402729838022,1,0.9297106473049036,0.0
2022-01-05,NSE:LLOYDSENGG-EQ,4,2021-12-30,15.99,4776,12968.650684285723,85.64535585042219,0.0347954296473603,0.0495845617796837,1.8392552944335376,0.9166666666666666,0.2830883388662834,1,0.9790249959467188,0.0
2022-12-21,NSE:LLOYDSENGG-EQ,5,2022-12-15,12.42,11307,27779.251705714254,71.29032258064515,0.0310351229033507,0.0365769496204278,1.13113445156139,0.6825396825396826,0.0291466309652028,1,0.8953806012344159,0.0
2019-09-24,NSE:LTF-EQ,1,2019-09-20,99.1,447,709.3873285714279,61.01083032490972,0.0347587306345712,0.0406515784921436,2.059688235999625,0.98015873015873,-0.2131007702240725,-1,1.0401672180807489,1.0
2019-03-14,NSE:LTTS-EQ,1,2019-02-19,1415.6,15,2396.027617857145,19.22034918723658,0.0167948741835886,0.0325530819844185,2.0322838508075503,0.8968253968253969,0.0671547606572849,1,-0.0134785417744764,0.0
2023-08-10,NSE:MAHABANK-EQ,2,2023-08-07,33.85,5538,22787.070178571397,66.20689655172416,0.0237437674044066,0.0356615319687697,0.3443167071924687,0.5357142857142857,0.1060752492403707,1,0.6783021826731646,1.0
2023-09-12,NSE:MAHABANK-EQ,3,2023-08-30,38.95,1823,11482.038857142856,62.043795620438,0.0225155624746547,0.0366770584999083,0.3242159719850096,0.4841269841269841,0.137996199687414,1,0.6765638161160417,0.0
2024-11-11,NSE:MANAPPURAM-EQ,1,2024-10-21,146.9,1555,19526.611018571442,11.735769501054094,0.0336775590555173,0.0566566177185646,2.818480525824852,0.9722222222222222,0.0496041102767426,1,-0.143463862083074,0.0
2022-07-26,NSE:METROPOLIS-EQ,1,2022-07-19,1492.55,111,1923.9496928571475,64.9462365591398,0.0162940949642992,0.0301976004632532,1.497459199959758,0.753968253968254,-0.3558339785587321,-1,1.1377878419710958,1.0
2023-06-09,NSE:MMTC-EQ,2,2023-06-01,30.0,4039,10766.29967142857,42.85714285714283,0.0092763097693228,0.0203571428571428,0.5763548521622692,0.1507936507936507,-0.128094790980147,-1,0.4104251779495901,1.0
2025-02-25,NSE:MMTC-EQ,3,2025-02-18,54.25,9560,9935.737575714293,18.46953235710916,0.024712264595268,0.0480842659644502,1.4496116838907,0.4126984126984127,-0.1264295528151099,-1,-0.099525896330604,0.0
2024-09-09,NSE:MOIL-EQ,1,2024-09-02,382.8,330,1854.1076142857112,21.583937534857768,0.0234332127743627,0.0377295118674428,1.5855976211793412,0.5277777777777778,0.1522495456619665,1,0.0647524465764043,1.0
2023-03-13,NSE:MOTHERSON-EQ,6,2023-02-27,52.3,1361,4751.124998571431,42.93059125964008,0.0190425573657084,0.0278748975689702,0.7484671174413138,0.4722222222222222,-0.0634597282451279,-1,0.4042424323290633,0.0
2021-03-02,NSE:NAVA-EQ,1,2021-02-19,30.03,671,4690.004447142852,57.71144278606966,0.0165163442401105,0.0363208220351077,1.5833845752303484,0.8492063492063492,0.0277341356435575,1,0.5809798475240286,0.0
2022-07-14,NSE:NAVA-EQ,2,2022-07-11,90.25,634,1074.2420485714288,55.112651646447134,0.0558085966197737,0.0471388998812821,1.7051377088687354,0.8928571428571429,0.162067967779845,1,0.6915366679223011,0.0
2021-03-04,NSE:NETWORK18-EQ,1,2021-02-19,37.05,2428,16235.226235714277,54.8076923076923,0.0115402931706489,0.0282436861384229,2.067135629118868,0.7619047619047619,0.0474253639073308,1,0.7069425803020519,1.0
2024-10-17,NSE:NETWORK18-EQ,2,2024-10-08,75.75,3325,36660.58865999995,16.003787878787918,0.0244103565929675,0.0425836869401225,1.3267284607829657,0.6388888888888888,-0.0017319572075033,-1,0.0895193860093296,0.0
2025-01-16,NSE:NETWORK18-EQ,3,2025-01-13,59.84,1027,1130.4238628571431,16.40100671140935,0.029017086339544,0.0463139801375095,1.4275008422526918,0.8849206349206349,-0.1181474307511068,-1,-0.1889681446550019,0.0
2020-12-14,NSE:NHPC-EQ,1,2020-12-08,22.25,4178,837.9545714285744,80.35714285714283,0.0113092685241781,0.024398073836276,1.338157478387409,0.7380952380952381,-0.0101508016103226,-1,0.9681731410907154,0.0
2020-12-17,NSE:NHPC-EQ,2,2020-12-14,22.3,2789,4369.083064285714,74.64788732394364,0.0117383337514099,0.0293081358103779,1.4051732231856588,0.8015873015873016,-0.0033793715183573,-1,0.821038997220147,0.0
2022-08-04,NSE:NIACL-EQ,1,2022-08-02,83.9,974,7317.456185714282,62.37623762376238,0.0098595484239123,0.0205176230206027,1.309648393437279,0.8174603174603174,-0.3084473643424714,-1,1.0203580647342654,1.0
2022-11-14,NSE:NIACL-EQ,2,2022-10-25,85.85,1485,17780.14452142857,40.94488188976376,0.0097235892222612,0.0167235210916049,1.3557762342523256,0.365079365079365,-0.1764296643083524,-1,0.4749196277293673,1.0
2021-05-18,NSE:NLCINDIA-EQ,1,2021-05-10,53.5,1667,16431.059714285682,97.2602739726027,0.0176535143693013,0.0249666221628838,7.903992976887404,1.0,-0.0243447393543144,-1,1.3326527980613876,0.0
2022-08-16,NSE:NMDC-EQ,1,2022-08-04,35.8,3506,13083.576492857166,75.30364372469637,0.0200086896637363,0.0238028731045491,1.8763915967146745,0.9365079365079364,-0.1845955066705149,-1,0.7307343604151324,0.0
2023-07-14,NSE:NMDC-EQ,2,2023-07-07,35.63,2644,5980.164774285723,49.34640522875818,0.0088441138754684,0.0146746321318311,0.6803359454191636,0.1309523809523809,-0.0683002412722579,-1,0.5429369829811348,0.0
2023-11-15,NSE:NMDC-EQ,3,2023-10-26,50.68,587,4970.412784285712,56.43564356435645,0.026051410524951,0.0378988612019393,0.5412557988931169,0.623015873015873,0.111332209389915,1,0.4844884934398205,0.0
2023-01-04,NSE:ONGC-EQ,1,2022-12-22,142.25,612,4431.662232142847,53.03370786516852,0.0115794852579846,0.0214662314838061,0.6791672187543091,0.1031746031746031,-0.0054195350206075,-1,0.4334091079925887,0.0
2019-04-11,NSE:OPTIEMUS-EQ,1,2019-04-03,105.95,146,2609.426114285714,63.63636363636363,0.0307317481643158,0.0492145890918897,1.969546527942756,0.9007936507936508,-0.2972330471519268,-1,0.9939661736217508,1.0
2019-07-15,NSE:OPTIEMUS-EQ,2,2019-06-25,50.05,662,14704.995050000005,8.347676419965566,0.0608781589475096,0.145283288140431,0.45650926740935,0.7023809523809523,-0.6673508461836414,-1,0.2810978784796327,0.0
2020-03-18,NSE:OPTIEMUS-EQ,4,2020-03-06,18.15,2524,2667.7294714285717,12.93103448275862,0.0367524748317829,0.1393152302243211,0.7632513071737801,0.4047619047619047,-1.2565532269946376,-1,0.109109472720966,0.0
2023-04-06,NSE:PAGEIND-EQ,1,2023-03-24,37115.2,4,1384.8139714285696,48.594520802953646,0.0142716428395828,0.0216772950935773,0.6138416980071759,0.2063492063492063,-0.0954767964713118,-1,0.3739458452360058,0.0
2024-06-26,NSE:PARKHOTELS-EQ,1,2024-06-04,151.35,197,8966.594325,26.3016157989228,0.0271847022294497,0.0553353154938883,1.0418060545829486,0.4935064935064935,-0.0692895712726756,-1,-0.2752090673059774,0.0
2023-04-20,NSE:PATELENG-EQ,1,2023-04-11,15.05,11370,34461.876714285696,51.61290322580648,0.0311176924074003,0.0455624110109159,0.2758386323567051,0.6626984126984127,-0.1669653072486071,-1,0.5893487172078564,1.0
2023-07-07,NSE:PATELENG-EQ,2,2023-06-30,33.75,4841,20340.926357142856,77.17391304347825,0.0283090496999254,0.0365079365079365,0.8120194932977388,0.5714285714285714,0.1477644661057261,1,1.1818449337882688,0.0
2024-08-12,NSE:PATELENG-EQ,3,2024-08-05,53.49,3684,3352.1840764285635,30.473575840768703,0.030235562105987,0.0430654594984376,1.2131937296317183,0.8253968253968254,0.0661861006914057,1,-0.255527852500517,1.0
2022-10-07,NSE:PEL-EQ,3,2022-09-29,843.25,225,3081.846578571434,19.111031131905705,0.0214855947205192,0.0414552539070772,1.0514411508780734,0.8452380952380952,-0.5772127406037577,-1,-0.0262610878413929,1.0
2022-12-07,NSE:PEL-EQ,5,2022-12-02,859.7,122,7168.9263071428595,62.94094332144278,0.0255747993152451,0.020368400937204,0.6403860590755073,0.503968253968254,-0.6412603886670611,-1,0.7331197690937569,0.0
2023-01-24,NSE:PEL-EQ,7,2023-01-04,815.95,221,8553.292328571428,27.087769103383025,0.0226493465032039,0.0350249052375408,0.6741366906204367,0.5158730158730159,-0.5735718451361722,-1,0.2507064578798806,0.0
2023-02-01,NSE:PEL-EQ,9,2023-01-27,809.8,20,900.4456571428568,55.170902716914966,0.0131592327259513,0.0240226863775888,0.9198145866219412,0.365079365079365,-0.5112002103814006,-1,0.1907311559358777,1.0
2023-02-06,NSE:PEL-EQ,10,2023-02-01,844.8,105,974.5169464285739,54.76271765107544,0.0181358673942037,0.0289967194264069,1.3632408874974418,0.7063492063492064,-0.4766463707063738,-1,0.7623838346006855,0.0
2023-02-13,NSE:PEL-EQ,11,2023-02-06,845.1,79,5543.200382142864,53.75160051216388,0.0192303065009687,0.0344971854556519,1.5700760857375435,0.7936507936507936,-0.4617654679109655,-1,0.6418507273877604,0.0
2021-05-03,NSE:PETRONET-EQ,1,2021-04-19,215.0,99,2942.605975000003,42.38410596026488,0.0145502665908339,0.0256976744186046,0.8729817838085379,0.4007936507936508,-0.0335509790547191,-1,-0.1582514350408791,1.0
2021-08-04,NSE:PETRONET-EQ,3,2021-07-27,216.9,268,1615.0060285714253,22.471910112359566,0.0051987187960412,0.0120858855298689,1.2264625772907245,0.3531746031746032,-0.0418693365059641,-1,-0.0497759636448887,1.0
2019-04-22,NSE:PGEL-EQ,1,2019-04-08,7.59,5667,1331.5302985714295,45.96100278551532,0.0399565448872942,0.0756634669678148,0.1728580055112064,0.5793650793650794,-0.629387224196201,-1,0.237381311960573,0.0
2020-08-31,NSE:PNB-EQ,1,2020-08-18,32.85,1516,6812.640900000005,50.76923076923078,0.0189860837661389,0.0310937160252228,0.9958440576235424,0.6388888888888888,-0.3018801813212706,-1,0.5106334993097411,1.0
2024-05-30,NSE:PRSMJOHNSN-EQ,2,2024-05-17,143.55,982,15268.718121428588,9.660107334526003,0.0129796525058505,0.0447330447330447,2.019715357750662,0.8373015873015873,0.0440892396624789,1,0.0122035887498248,0.0
2021-02-05,NSE:PTC-EQ,1,2021-01-27,59.55,720,4308.086475000001,45.32374100719421,0.0108162356855466,0.0295669905241693,1.1150366834420784,0.5674603174603174,0.0717105814700078,1,0.4986261815181356,1.0
2024-12-30,NSE:PTC-EQ,2,2024-12-23,142.39,3797,8317.7920357143,11.753031973539107,0.0182749866615766,0.0392533584822369,2.1531125614370654,0.8571428571428571,-0.0987985327223283,-1,-0.0930856471810187,0.0
2019-07-01,NSE:RADICO-EQ,1,2019-06-18,272.85,86,4789.923021428564,2.420382165605062,0.0217060790817541,0.0462184873949579,0.6329605610872266,0.365079365079365,-0.1175166301124378,-1,0.1267147719504785,0.0
2019-01-08,NSE:RAJESHEXPO-EQ,1,2019-01-02,572.45,39,741.4762714285745,56.98924731182792,0.0025714212666802,0.0146238598505172,1.2547004767138612,0.5158730158730159,-0.0843236091228839,-1,0.8555065604309839,1.0
2019-01-18,NSE:RAJESHEXPO-EQ,2,2019-01-08,571.25,39,1700.0524999999966,54.00843881856537,0.0034444707285414,0.0174804626445764,0.6700567759571312,0.2777777777777778,-0.0824908391455343,-1,0.4895963236104714,0.0
2020-09-21,NSE:RAJESHEXPO-EQ,3,2020-09-08,450.2,169,8081.8777642857185,39.30269413629162,0.0122766777372052,0.024195595608301,0.5907160250688568,0.1746031746031746,-0.1728531177929216,-1,0.2305375985801581,0.0
2020-12-08,NSE:RAJESHEXPO-EQ,4,2020-12-02,457.35,115,4238.13773571429,56.39913232104127,0.0089035163691282,0.0185384747536272,1.6973610446700569,0.6865079365079365,-0.1103846917399151,-1,0.678883967961699,0.0
2021-02-15,NSE:RAJESHEXPO-EQ,6,2021-02-05,478.6,188,542.2069142857158,45.98214285714288,0.0061679911929109,0.0175288042504924,0.8206613033993639,0.7738095238095238,-0.0421702617420367,-1,0.2942447662580074,0.0
2021-02-19,NSE:RAJESHEXPO-EQ,7,2021-02-15,477.5,95,3385.0475285714238,47.24409448818903,0.0068488388516782,0.0172326103216155,0.8907021414681984,0.8452380952380952,-0.0384393081222103,-1,0.2545959290017657,0.0
2024-11-05,NSE:RBLBANK-EQ,1,2024-10-22,167.2,2540,9461.847504999994,28.073595710978424,0.0372080832201765,0.0553528708133971,1.5767681143266672,0.9047619047619048,-0.1150895557733779,-1,-0.2342829267166891,0.0
2022-06-22,NSE:REFEX-EQ,1,2022-06-20,20.0,917,340.8875449999995,12.9593810444874,0.0224436680509815,0.0467499999999999,1.5988915041600908,0.2658730158730158,-0.0531300827280698,-1,-0.256385995285755,0.0
2024-06-12,NSE:REFEX-EQ,2,2024-06-04,130.55,2314,70863.25738214288,25.92190889370936,0.0298547524278132,0.0529900968430267,1.0634882353740325,0.5277777777777778,0.1200383737917693,1,0.0304195747135272,0.0
2022-07-14,NSE:RENUKA-EQ,1,2022-07-08,47.65,2624,2297.898989285715,72.60726072607264,0.0466804419301437,0.0462449407884874,1.2759522959326832,0.8690476190476191,0.169593784898368,1,0.6890793213215162,1.0
2025-02-03,NSE:REPCOHOME-EQ,1,2025-01-27,370.2,1028,39358.722535714296,24.959999999999997,0.0257402527767709,0.0427761055799953,1.490086685579246,0.6587301587301587,-0.0816755309814117,-1,-0.1051790150054538,0.0
2019-03-22,NSE:RPOWER-EQ,2,2019-03-14,10.75,2722,903.3507178571442,45.79439252336449,0.0526363998273919,0.0754152823920266,0.9519195689055676,0.9523809523809524,-0.9211818853080356,-1,0.2919120207953568,1.0
2019-04-03,NSE:RPOWER-EQ,3,2019-03-22,10.65,2790,900.5908285714289,48.9795918367347,0.0439554302132828,0.0741113346747149,0.486359205208475,0.873015873015873,-0.961173549598258,-1,0.2273530548250492,1.0
2020-02-13,NSE:RPOWER-EQ,4,2020-02-07,1.7,33172,1187.5443249999987,22.22222222222221,0.0300037511060881,0.0525210084033613,0.0461660072664211,0.0158730158730158,-2.072150908352951,-1,0.2670520641753418,0.0
2022-04-08,NSE:RPOWER-EQ,7,2022-03-29,12.95,9685,35462.377125,51.37614678899082,0.0298799388666608,0.0521235521235521,0.6053443387922341,0.2936507936507936,0.0908198780346494,1,0.3575342494689055,1.0
2024-12-19,NSE:RPOWER-EQ,9,2024-11-21,34.28,10986,144022.62057142853,28.22993739328402,0.0366120662336751,0.0594890815135856,0.8145949573239936,0.2261904761904762,0.2014661552825542,1,0.038668225798623,0.0
2019-12-05,NSE:RTNINDIA-EQ,1,2019-11-27,1.7,13685,3340.4168285714272,64.28571428571428,0.0306365289715274,0.042016806722689,0.1085154914925469,0.0277777777777777,-0.3355593970080222,-1,0.8441033229228233,0.0
2022-08-25,NSE:RTNPOWER-EQ,3,2022-08-19,3.95,24973,1691.8776928571458,61.11111111111112,0.0217642461136096,0.0433996383363472,1.688690310565948,0.8412698412698413,-0.1704904964493237,-1,0.7650938672518718,1.0
2022-08-29,NSE:RTNPOWER-EQ,4,2022-08-25,4.0,37929,2625.044374999997,64.28571428571432,0.0197968016061779,0.04375,0.7061394991435398,0.5476190476190477,-0.1591070632894927,-1,0.7935805104727367,1.0
2022-09-15,NSE:RTNPOWER-EQ,5,2022-08-29,3.95,4500,6898.43193214285,53.84615384615387,0.0204401738529176,0.0461121157323688,0.5333447888510213,0.4007936507936508,-0.156764459701068,-1,0.6063462449246686,0.0
2023-02-27,NSE:RTNPOWER-EQ,7,2023-02-20,3.4,28697,1571.9755249999994,9.999999999999972,0.0167817075056209,0.0409663865546218,1.8886011314495876,0.5833333333333334,-0.1143275463611748,-1,-0.0215928309970371,0.0
2024-01-12,NSE:RTNPOWER-EQ,9,2023-12-21,9.3,15114,38940.21584999997,58.49056603773586,0.0285659308549767,0.0510752688172043,0.8964464630951786,0.7817460317460317,0.2401064541065551,1,0.4907169177082289,1.0
2024-02-01,NSE:RTNPOWER-EQ,10,2024-01-23,9.95,17039,24724.827775,55.84415584415584,0.0306101521097615,0.0599425699928212,0.7011583361805693,0.6904761904761905,0.2458938284419954,1,0.4317651016373237,0.0
2024-02-09,NSE:RTNPOWER-EQ,11,2024-02-01,10.45,25427,38212.95932142861,44.11764705882352,0.0343045743783216,0.0591250854408749,0.8231961775834821,0.7420634920634921,0.2370052846170921,1,0.4079951734058538,1.0
2024-03-27,NSE:RTNPOWER-EQ,16,2024-03-13,8.4,24332,4358.717785714283,16.071428571428555,0.0204563036211292,0.0531462585034013,0.3686101475567727,0.1428571428571428,0.2282181247801358,1,-0.1202131089412837,0.0
2024-04-30,NSE:RTNPOWER-EQ,18,2024-04-10,8.8,33902,19911.74533214282,60.27397260273973,0.0354860722775493,0.0531655844155844,0.9457272152111348,0.2738095238095238,0.1376818929558504,1,0.5534770241195028,1.0
2024-05-03,NSE:RTNPOWER-EQ,19,2024-04-30,9.2,32128,4342.952625000002,52.5,0.0281048287526086,0.0376552795031055,1.4979806887144071,0.3253968253968254,0.1026321013626052,1,0.7156921659538634,1.0
2024-05-14,NSE:RTNPOWER-EQ,20,2024-05-06,9.95,11035,20891.503571428555,72.54901960784316,0.0254704704337296,0.0430725053840631,3.4166023413677853,0.7579365079365079,0.0954293815230927,1,1.1457396353750275,0.0
2022-07-29,NSE:SAMMAANCAP-EQ,1,2022-07-26,89.25,169,2591.6621892857133,61.93293885601578,0.0256182789651219,0.0388555422168867,0.4963156448176468,0.1309523809523809,-0.5015455049586766,-1,0.8009568987658572,1.0
2024-07-29,NSE:SANOFI-EQ,1,2024-07-23,6389.65,40,18873.018028571394,29.417752442996616,0.0091832481592747,0.0169761142740883,1.170041979518781,0.6111111111111112,-0.0701884780376113,-1,0.2892806881471157,1.0
2024-06-04,NSE:SEQUENT-EQ,1,2024-05-31,103.45,1706,2449.887650000002,23.61702127659575,0.0169966295076545,0.0357660705654905,0.6765061965954611,0.0317460317460317,0.0254850973243886,1,0.0839393964499528,0.0
2020-09-30,NSE:SHOPERSTOP-EQ,2,2020-09-24,156.17,155,2225.004974999998,35.27324343506031,0.0231883755570825,0.0382595889095216,0.5245106370832452,0.6706349206349206,-0.3746460120058353,-1,0.1419944577418086,1.0
2025-05-06,NSE:SIEMENS-EQ,1,2025-04-16,2811.5,28,3546.4491999999973,14.144687936725049,0.0993923947978431,0.1262607657325778,0.979121916116666,0.9007936507936508,-0.3625754243805452,-1,0.1369062593776104,0.0
2022-04-25,NSE:SJVN-EQ,1,2022-04-12,28.5,635,930.3064607142862,65.625,0.0102281596377296,0.0216791979949874,1.5349463986961889,0.9047619047619048,0.0109353216456833,1,0.7143211836404896,0.0
2021-10-20,NSE:SOUTHBANK-EQ,1,2021-10-18,9.82,13113,1620.6640828571415,75.65217391304343,0.0127800154262483,0.0327320337503637,2.3537389503093955,0.8531746031746031,0.0377941539019544,1,1.1651081675166894,0.0
2023-06-05,NSE:SOUTHBANK-EQ,4,2023-05-30,15.7,13245,28722.594285714273,62.16931216931217,0.0234778370751612,0.0313921747042766,0.4042866917899845,0.3492063492063492,0.0947244367199778,1,0.7211862225826623,1.0
2023-06-14,NSE:SOUTHBANK-EQ,5,2023-06-08,16.8,14810,2656.3725749999867,72.75449101796411,0.0312001834696505,0.0282738095238094,0.4743989092266782,0.4880952380952381,0.1008243035154203,1,0.7359145770189154,0.0
2023-07-05,NSE:SOUTHBANK-EQ,6,2023-06-23,16.48,9400,24814.338462142834,33.88429752066115,0.0250852544815612,0.0296896671289875,0.3810140382580636,0.2777777777777778,0.1068776505929424,1,0.4050106910944253,1.0
2023-09-20,NSE:SOUTHBANK-EQ,7,2023-09-12,20.98,1397,4801.18016,32.33404710920773,0.0281330328309412,0.0371442189840664,0.942682786991489,0.7619047619047619,0.1586219150958951,1,0.3858426072400361,1.0
2023-10-26,NSE:SOUTHBANK-EQ,9,2023-10-23,22.17,1898,660.1254171428574,25.0,0.0222548889200949,0.0399510277724079,1.0486010888933603,0.6746031746031746,0.1897599772672626,1,-0.3820236619984822,1.0
2025-07-03,NSE:SPANDANA-EQ,3,2025-06-13,262.09,3121,3484.690130000163,40.64912782384897,0.0230871393236225,0.0415206335882439,0.6560823106007897,0.3134920634920635,-0.3799994192956162,-1,0.3363623331512848,0.0
2019-11-04,NSE:SPARC-EQ,1,2019-10-22,132.6,225,3707.382439285715,49.886104783599095,0.0329684828999426,0.051255117431588,0.8376826220719611,0.5992063492063492,-0.2701827575559374,-1,0.564493902571322,0.0
2025-07-24,NSE:STARCEMENT-EQ,2,2025-07-16,211.53,194,4981.444152857137,43.99999999999999,0.0070359868203583,0.016552869907004,1.101624198496732,0.123015873015873,0.0109733429583881,1,0.3801499764001483,1.0
2019-04-25,NSE:STLTECH-EQ,1,2019-04-22,202.25,205,667.5846071428568,34.14872798434443,0.0179499249468478,0.0408793925481193,1.216291410322727,0.876984126984127,-0.2258872494677106,-1,0.2714047760027023,1.0
2019-05-08,NSE:STLTECH-EQ,2,2019-04-30,190.9,221,1021.5926000000005,30.60648801128349,0.0261265580500957,0.0597171293871136,0.7320404711296985,0.8888888888888888,-0.2517068904071712,-1,0.1685138122517906,0.0
2019-06-13,NSE:STLTECH-EQ,3,2019-05-29,174.65,155,3822.3220642857113,42.70833333333334,0.0430821835181395,0.058177579649094,0.9637686004255412,0.8809523809523809,-0.3347273667430584,-1,0.4950031704103632,0.0
2025-07-24,NSE:SULA-EQ,1,2025-07-22,294.85,1311,13802.06856428576,26.035502958580025,0.0060719455940658,0.015298335715497,0.7535483074243924,0.0595238095238095,-0.1459991071643105,-1,-0.0004219664835183,1.0
2020-04-24,NSE:SUZLON-EQ,1,2020-04-07,1.92,18026,9537.037388571416,62.31884057971013,0.040286073841136,0.0372023809523809,0.3255041157193085,0.0238095238095238,-0.4130071511474976,-1,0.7567950010258097,1.0
2021-11-15,NSE:SUZLON-EQ,2,2021-11-10,6.12,12269,1070.849751428571,50.0,0.0249742514994822,0.0366479925303454,0.6310801197701975,0.3611111111111111,0.0865047119397366,1,0.4249314313604126,1.0
2021-11-26,NSE:SUZLON-EQ,3,2021-11-22,5.99,12192,984.3680985714266,53.91304347826088,0.0177486601618828,0.0348199379918912,1.1602161243649958,0.5,0.0854483821546001,1,0.2208246149141957,1.0
2021-12-24,NSE:SUZLON-EQ,4,2021-12-20,6.21,2673,2712.743864999999,54.74137931034482,0.0308676201537066,0.0477340694731998,0.9705112458169486,0.7817460317460317,0.0805488080732126,1,0.506032138493096,0.0
2023-06-01,NSE:SUZLON-EQ,5,2023-05-30,10.65,1935,2293.412485714285,83.8235294117647,0.0317400048138337,0.0459423205902079,2.2651114734359887,0.9523809523809524,0.0250569955063439,1,1.0280677441588777,0.0
2023-08-25,NSE:SUZLON-EQ,6,2023-08-16,20.25,7830,22841.338307142832,67.74193548387099,0.03294860373531,0.0421516754850088,0.3830908499085799,0.376984126984127,0.2388393735358069,1,0.8598398676420216,0.0
2024-09-13,NSE:SUZLON-EQ,7,2024-09-10,78.05,1144,8013.347580000003,48.08429118773947,0.0248284660615605,0.037219730941704,1.9097520614935,0.8809523809523809,0.2339371044161754,1,0.5947021115211547,1.0
2024-12-20,NSE:SUZLON-EQ,10,2024-11-13,54.03,720,12129.263159999991,25.0,0.0318295604086561,0.0703312974273551,2.991755144027271,0.9761904761904762,0.2114278410199654,1,-0.2235630659727634,0.0
2022-06-30,NSE:TASTYBITE-EQ,1,2022-06-22,8501.1,4,5046.258632142864,23.12472861485017,0.0200648856478539,0.0317475721629302,0.7833405265429435,0.1428571428571428,-0.2764214694273575,-1,0.0894491463923989,0.0
2019-10-22,NSE:TATAMOTORS-EQ,1,2019-10-14,127.85,151,2416.167175,45.29616724738676,0.0380972943038851,0.0518185373484552,1.3935425079852126,0.9404761904761904,-0.2981487765542935,-1,0.7290227742476528,1.0
2024-07-15,NSE:TATATECH-EQ,1,2024-07-10,1011.5,90,3070.4063607143,50.74918566775244,0.0079649189428439,0.0144516630181484,0.756462187032836,0.5526315789473685,-0.0890054430990092,-1,0.4249101105482866,0.0
2020-09-09,NSE:TCS-EQ,1,2020-08-31,2257.25,11,1394.6697250000002,41.73055859802841,0.0069500288296771,0.0173108871414331,1.9555622161760335,0.8928571428571429,0.0469543687086647,1,0.4631410204679058,1.0
2025-08-22,NSE:TCS-EQ,2,2025-08-14,3022.3,58,5781.969957142857,30.83417764268825,0.008554651140265,0.0141259494897453,1.1949981526226028,0.8412698412698413,-0.1170228517595522,-1,0.2568339762980945,1.0
2019-07-11,NSE:TEJASNET-EQ,1,2019-07-08,133.25,290,4728.846314285724,11.126760563380316,0.0181979392148672,0.0504422406861431,0.6371688374927602,0.1825396825396825,-0.2845208115279912,-1,0.1432498203395534,0.0
2019-07-25,NSE:TEXRAIL-EQ,1,2019-07-19,53.48,947,895.2729600000001,7.592067988668546,0.0203574059235734,0.0446094668233785,1.1068756250516285,0.4206349206349206,-0.0329761707335508,-1,0.1372170956334971,0.0
2024-10-21,NSE:TEXRAIL-EQ,3,2024-10-10,188.8,1453,32366.654308571455,32.5123870591664,0.0267314509882937,0.0486682808716706,1.1669978909367744,0.4880952380952381,0.1075687672174242,1,0.0699844019614106,0.0
2020-09-24,NSE:THOMASCOOK-EQ,3,2020-09-22,29.15,2332,7814.427714285709,37.66233766233765,0.0308830181463492,0.0474148493016417,0.7259835733644219,0.7301587301587301,-0.7439866527936676,-1,0.1762099226724703,1.0
2024-08-27,NSE:THOMASCOOK-EQ,7,2024-08-07,205.0,1327,65040.01347142857,27.339927121291,0.0343432392053644,0.0694808362369337,1.7007833668445451,0.8373015873015873,0.2210676105945561,1,-0.0504009858712646,0.0
2019-10-22,NSE:TIMETECHNO-EQ,2,2019-10-14,58.8,703,835.5443250000004,36.43617021276594,0.027504966641072,0.050595238095238,0.529479082698681,0.7420634920634921,-0.3626763977912808,-1,0.3256654339828957,0.0
2019-11-08,NSE:TIMETECHNO-EQ,3,2019-10-22,60.4,328,2465.330835714286,44.21965317919076,0.0286866883922494,0.0512062440870387,0.6001594887982676,0.75,-0.3532161616687207,-1,0.5409018562148965,0.0
2020-01-20,NSE:TIPSMUSIC-EQ,1,2019-12-30,8.65,4678,11109.228294285711,86.9565217391304,0.0301489054113715,0.0506193228736581,0.1832356908872082,0.8055555555555556,0.0880480592257509,1,0.8936115022821531,1.0
2020-02-01,NSE:TIPSMUSIC-EQ,2,2020-01-22,10.76,1739,1953.0089128571408,80.89887640449435,0.0173475045931478,0.0431492299522039,2.9746541485585376,0.9007936507936508,0.125856949154283,1,0.9235596848940382,0.0
2020-02-18,NSE:TIPSMUSIC-EQ,3,2020-02-05,11.18,1914,3917.394462857143,61.01083032490972,0.0224907923091929,0.0534117045744952,0.2740464531200862,0.373015873015873,0.1603709939677794,1,0.7303120865209226,1.0
2020-02-27,NSE:TIPSMUSIC-EQ,4,2020-02-19,12.43,4530,1034.5243949999988,68.98954703832752,0.0244277759407395,0.0462590506838294,1.125233011354008,0.7936507936507936,0.1812847239237913,1,0.7818048988784794,0.0
2021-03-08,NSE:TRIDENT-EQ,1,2021-03-02,13.95,4665,5457.500421428572,51.06382978723403,0.0157450611755073,0.0348182283666154,1.4840334222569251,0.8174603174603174,0.2471568223341844,1,0.4706393179494542,1.0
2021-03-15,NSE:TRIDENT-EQ,2,2021-03-08,14.3,2657,3715.2402285714306,63.63636363636365,0.0171015790025972,0.0404595404595404,0.8938169700359828,0.6904761904761905,0.2418722096182455,1,0.7773814798468122,0.0
2021-03-17,NSE:TRIDENT-EQ,3,2021-03-15,15.35,3685,849.322607142856,72.46376811594203,0.0225526177491797,0.0383899488134015,1.5338730544718104,0.8531746031746031,0.2273672560110018,1,1.1149768106071156,0.0
2023-12-19,NSE:TRIDENT-EQ,5,2023-12-12,37.2,6994,2055.615803571421,48.68421052631587,0.0163335856694087,0.0217933947772657,1.242834412968656,0.8333333333333334,0.0287276611936221,1,0.615299651849508,1.0
2025-03-24,NSE:TRIDENT-EQ,7,2025-03-03,25.28,1925,1523.8849999999952,13.673805601317952,0.0141567973662284,0.0423259493670885,1.5804331235691875,0.5714285714285714,-0.1530827746906371,-1,0.0434314586830935,0.0
2023-04-11,NSE:TTML-EQ,1,2023-03-28,50.35,1947,29590.08909999999,10.606060606060597,0.0376380459257347,0.0556107249255213,0.90368653150765,0.5079365079365079,-0.4728388245939632,-1,0.0193824835179856,0.0
2020-12-10,NSE:UCOBANK-EQ,1,2020-11-26,12.2,4457,7368.468371428567,67.99999999999997,0.0084942095211064,0.025175644028103,0.7537497343649722,0.5238095238095238,-0.0717527604527285,-1,0.9386782602869228,1.0
2021-01-15,NSE:UCOBANK-EQ,2,2021-01-06,13.0,2080,355.5681285714287,47.91666666666668,0.0169841555578793,0.034065934065934,1.0283491451031468,0.8134920634920635,-0.0280608394866038,-1,0.5327973515299494,1.0
2021-01-27,NSE:UCOBANK-EQ,3,2021-01-18,12.9,4719,757.1033357142854,52.63157894736841,0.0179008359778843,0.0323920265780731,0.7561578286932004,0.6865079365079365,-0.0200096339485256,-1,0.529848316099113,1.0
2021-02-08,NSE:UCOBANK-EQ,4,2021-02-04,13.4,5557,4842.474885714284,56.4102564102564,0.0128914409878886,0.027185501066098,1.5165006981228717,0.9126984126984128,-0.0116217146268991,-1,1.0218687765882255,1.0
2021-02-19,NSE:UCOBANK-EQ,5,2021-02-12,12.9,4360,8819.259900000001,51.51515151515154,0.010701227620902,0.0290697674418604,0.4154229392972998,0.4880952380952381,-0.0093128914031857,-1,0.2929634293134721,0.0
2022-02-28,NSE:UCOBANK-EQ,7,2022-02-24,11.3,11222,9924.346807142883,12.280701754386016,0.0216564494280073,0.0325537294563843,1.2811850704413443,0.5634920634920635,-0.0223543822567616,-1,-0.1730001932505429,0.0
2022-03-21,NSE:UCOBANK-EQ,8,2022-02-28,11.8,21557,1899.1716999999926,26.56250000000003,0.0237450249120072,0.0338983050847457,0.7797931228906677,0.2936507936507936,-0.0270529645829066,-1,0.1371506753526685,0.0
2021-06-08,NSE:UJJIVANSFB-EQ,2,2021-05-19,29.6,2415,3700.1631964285684,63.63636363636365,0.0176030919823545,0.0375241312741312,2.102097114723738,0.9563492063492064,-0.1246876290759596,-1,0.7012447333491019,0.0
2021-06-10,NSE:UJJIVANSFB-EQ,3,2021-06-08,30.7,1372,2367.883699999995,67.1875,0.012911875042457,0.023615635179153,1.0627705482175398,0.8452380952380952,-0.1100478522310974,-1,0.9321052768763248,1.0
2021-06-16,NSE:UJJIVANSFB-EQ,5,2021-06-14,32.5,1818,782.7580428571425,73.68421052631581,0.0211306378459117,0.0342857142857142,1.2768706468832796,0.9126984126984128,-0.0930460781267208,-1,0.9505365918204476,0.0
2021-10-11,NSE:UJJIVANSFB-EQ,10,2021-09-20,20.15,6930,6441.010714285729,51.76470588235292,0.0354198828472874,0.0358029067706486,0.3053773400501464,0.5555555555555556,-0.2980435534161588,-1,0.6148565264460657,1.0
2023-09-15,NSE:UJJIVANSFB-EQ,13,2023-09-12,48.45,8716,4128.678171428556,39.23076923076921,0.0141519165036128,0.0261683620816747,1.481428843858472,0.876984126984127,0.2102671712664733,1,0.1780027018217364,1.0
2023-09-20,NSE:UJJIVANSFB-EQ,14,2023-09-15,49.3,8256,3988.1102428571485,50.0,0.014225136436549,0.0262242828165748,0.8869665010762844,0.6706349206349206,0.2057741503972787,1,0.4533828623416854,1.0
2024-01-24,NSE:UJJIVANSFB-EQ,15,2024-01-18,58.4,6233,3796.9815321428505,58.52272727272729,0.0144073692950656,0.0277030332681017,1.0062770685064706,0.4365079365079365,0.1585848193356591,1,0.6014716153105806,1.0
2020-10-13,NSE:UNIONBANK-EQ,3,2020-10-08,24.45,3101,1058.1403071428588,19.191919191919183,0.0139341651122949,0.0359333917616126,1.0815261092072492,0.4126984126984127,-0.3266768685658134,-1,0.2888138692591535,0.0
2020-11-13,NSE:UNIONBANK-EQ,4,2020-11-02,23.95,1880,2840.20809642857,46.590909090909086,0.0158962062360921,0.0263942737846704,1.6542075357003865,0.5674603174603174,-0.3309239470395466,-1,0.4142677183013575,1.0
2022-04-07,NSE:UNIONBANK-EQ,5,2022-03-29,37.45,427,2885.308428571428,40.56603773584905,0.0179950280395297,0.0282281136753766,0.9737816228241396,0.4126984126984127,0.0120034582677675,1,0.0220636069939612,1.0
2021-09-27,NSE:WELCORP-EQ,1,2021-09-17,121.6,162,1392.473092857144,56.19469026548671,0.0252915113261263,0.0293409304511278,1.3066894217542089,0.5873015873015873,-0.0264104592258912,-1,0.6695062239418627,1.0
2022-12-06,NSE:WIPRO-EQ,3,2022-11-22,194.4,608,8697.845841428563,45.26315789473688,0.0094731171359865,0.0169348912404467,0.863127764988747,0.123015873015873,-0.1472156660093725,-1,0.3967004360237579,1.0
2022-08-02,NSE:WOCKPHARMA-EQ,1,2022-07-26,214.6,549,7963.703589285711,64.95575221238937,0.0116355040383168,0.0282419118626015,0.3755374260595824,0.0634920634920634,-0.4066256586645754,-1,0.643593425546288,1.0
2020-07-17,NSE:WONDERLA-EQ,1,2020-07-03,131.7,466,9647.95990714285,52.69461077844311,0.0176308490906536,0.0459106193730339,0.8233062033528483,0.7420634920634921,-0.4186594112282357,-1,0.3043638909596914,1.0
